{
"type": "FeatureCollection",
"name": "foret_de_palissonais_ssparfor",
"crs": { "type": "name", "properties": { "name": "urn:ogc:def:crs:OGC:1.3:CRS84" } },
"xy_coordinate_resolution": 1e-15,
"features": [
{ "type": "Feature", "properties": { "visible": 1, "color": -32768, "chunks": [ ], "minimapNameVisible": 1, "personal": 0, "announceInChat": 0, "mode": "Vertex", "fullscreenVisible": 1, "announceInTitle": 0, "id": "686094c7-932c-4fa8-be28-ed060bf02c7f", "name2": "13ha 50a 38ca", "fullscreenNameVisible": 1, "dimension": "minecraft:overworld", "name1": "23.III.4", "minimapVisible": 1, "fullscreenOwnerVisible": 0, "minimapOwnerVisible": 0, "fid": 0, "TYPE": "III", "SSTYPE": "4", "SPECIES": "dynamictrees:spruce", "SURF": null, "PARFOR": "23" }, "geometry": { "type": "MultiPolygon", "coordinates": [ [ [ [ 701.980234252208334, 1047.448836832842517 ], [ 698.739628906231701, 1042.96184481533669 ], [ 695.904628906231665, 1039.611390269882122 ], [ 694.35826526986807, 1037.807299360791149 ], [ 693.585083451686273, 1033.941390269882049 ], [ 694.35826526986807, 1033.168208451700139 ], [ 704.409628906231774, 1030.848662997154861 ], [ 710.595083451686264, 1029.817753906245798 ], [ 714.718719815322629, 1029.817753906245798 ], [ 718.842356178958994, 1029.817753906245798 ], [ 725.027810724413484, 1028.786844815336508 ], [ 729.409174360777115, 1026.725026633518382 ], [ 735.594628906231719, 1025.69411754260932 ], [ 741.522356178958944, 1025.178662997154788 ], [ 748.223265269868079, 1024.405481178972877 ], [ 750.80053799714085, 1022.601390269882017 ], [ 751.573719815322647, 1020.539572088063892 ], [ 751.058265269868116, 1017.44684481533659 ], [ 749.254174360777142, 1014.611844815336553 ], [ 747.450083451686282, 1010.745935724427454 ], [ 744.615083451686246, 1007.137753906245734 ], [ 744.099628906231715, 1004.560481178972964 ], [ 743.068719815322652, 1002.75639026988199 ], [ 744.872810724413512, 998.37502663351836 ], [ 751.058265269868116, 995.797753906245703 ], [ 757.24371981532272, 996.828662997154765 ], [ 763.944628906231742, 1000.694572088063865 ], [ 771.934174360777206, 1002.498662997154725 ], [ 784.047356178959035, 1004.045026633518432 ], [ 789.97508345168626, 1003.787299360791167 ], [ 793.325537997140827, 1003.014117542609256 ], [ 799.340708451695946, 1000.340708451695946 ], [ 799.0, 1000.0 ], [ 793.0, 993.0 ], [ 787.0, 983.0 ], [ 773.073582268370501, 955.003744009584921 ], [ 763.0, 931.0 ], [ 751.0, 900.0 ], [ 748.680604566243801, 892.442319929004498 ], [ 744.969099440894524, 880.348492412140558 ], [ 739.0, 861.0 ], [ 734.0, 841.0 ], [ 731.91748202875408, 817.004642571885142 ], [ 731.0, 800.0 ], [ 730.0, 779.0 ], [ 575.369311080815578, 806.680802337384875 ], [ 568.0, 808.0 ], [ 481.641831514932505, 811.561161587013089 ], [ 471.0, 812.0 ], [ 412.0, 819.0 ], [ 289.065376177168105, 836.793169237515144 ], [ 260.0, 841.0 ], [ 260.0, 849.490156741691862 ], [ 260.0, 899.150026633518678 ], [ 260.0, 1119.0 ], [ 272.0, 1119.0 ], [ 392.0, 1102.0 ], [ 463.0, 1092.0 ], [ 480.126682765472822, 1088.886057679005035 ], [ 512.117767571885224, 1083.069496805111839 ], [ 539.259828884906483, 1078.134576566380701 ], [ 566.401890197927628, 1073.199656327649564 ], [ 567.814174360777315, 1070.280935724426854 ], [ 569.360537997140909, 1065.899572088063223 ], [ 571.937810724413566, 1055.332753906244989 ], [ 571.937810724413566, 1050.435935724426827 ], [ 571.937810724413566, 1043.992753906245071 ], [ 571.937810724413566, 1037.034117542608783 ], [ 572.968719815322743, 1031.36411754260871 ], [ 575.5459925425954, 1025.694117542608637 ], [ 577.865537997140905, 1023.374572088063246 ], [ 581.731447088050004, 1023.11684481533598 ], [ 584.566447088049927, 1024.405481178972423 ], [ 586.112810724413634, 1025.436390269881485 ], [ 588.947810724413671, 1029.044572088063205 ], [ 591.009628906231796, 1032.652753906245152 ], [ 592.555992542595504, 1037.807299360790466 ], [ 592.813719815322656, 1042.961844815336008 ], [ 592.813719815322656, 1050.693662997154206 ], [ 592.555992542595504, 1056.363662997154051 ], [ 594.102356178959099, 1061.002753906245061 ], [ 599.419733813550465, 1067.797180883778537 ], [ 607.216236548553866, 1066.621418472430832 ], [ 612.0, 1066.0 ], [ 640.242871865930624, 1060.053248235913316 ], [ 672.255312591654729, 1053.948937481668963 ], [ 677.0, 1053.0 ], [ 701.980234252208334, 1047.448836832842517 ] ] ] ] } },
{ "type": "Feature", "properties": { "visible": 1, "color": -32768, "chunks": [ ], "minimapNameVisible": 1, "personal": 0, "announceInChat": 0, "mode": "Vertex", "fullscreenVisible": 1, "announceInTitle": 0, "id": "9179aee7-7e2e-484b-924e-b745ff9dec6f", "name2": "8ha 84a 24ca", "fullscreenNameVisible": 1, "dimension": "minecraft:overworld", "name1": "11.III.4", "minimapVisible": 1, "fullscreenOwnerVisible": 0, "minimapOwnerVisible": 0, "fid": 1, "TYPE": "III", "SSTYPE": "4", "SPECIES": "dynamictrees:spruce", "SURF": null, "PARFOR": "11" }, "geometry": { "type": "MultiPolygon", "coordinates": [ [ [ [ 974.765537997139973, 1133.037526633517018 ], [ 998.218719815321037, 1142.315708451699265 ], [ 1001.569174360775492, 1144.377526633517391 ], [ 1007.754628906230096, 1149.789799360790084 ], [ 1014.197810724411852, 1154.171162997153715 ], [ 1018.063719815320951, 1158.294799360790194 ], [ 1019.35235617895728, 1163.964799360790266 ], [ 1017.54826526986642, 1167.057526633517455 ], [ 1014.197810724411852, 1171.438890269881085 ], [ 1008.527810724411893, 1175.304799360790184 ], [ 996.156901633502798, 1180.974799360790257 ], [ 978.631447088048276, 1189.737526633517518 ], [ 974.507810724411911, 1193.86116299715377 ], [ 969.868719815321015, 1201.077526633517436 ], [ 966.002810724411916, 1206.747526633517509 ], [ 965.229628906230118, 1211.386617542608292 ], [ 964.971901633502739, 1217.572072088062896 ], [ 963.940992542593676, 1226.077072088063005 ], [ 963.425537997139713, 1230.716162997153788 ], [ 967.033719815321547, 1233.808890269881203 ], [ 970.899628906230646, 1238.447981178971986 ], [ 972.961447088048772, 1244.375708451699438 ], [ 975.280992542594277, 1252.365253906244789 ], [ 979.720230295892293, 1261.068996697134935 ], [ 997.0, 1254.0 ], [ 1017.0, 1245.0 ], [ 1031.0, 1237.0 ], [ 1045.0, 1230.0 ], [ 1057.0, 1223.0 ], [ 1063.0, 1219.0 ], [ 1090.0, 1205.0 ], [ 1095.0, 1202.0 ], [ 1116.0, 1191.0 ], [ 1125.0, 1184.0 ], [ 1152.0, 1166.0 ], [ 1155.0, 1160.0 ], [ 1166.0, 1150.0 ], [ 1173.0, 1142.0 ], [ 1131.0, 1121.0 ], [ 1110.0, 1108.0 ], [ 1093.0, 1093.0 ], [ 1073.0, 1080.0 ], [ 1040.0, 1063.0 ], [ 1014.0, 1052.0 ], [ 985.0, 1043.0 ], [ 975.254060160889139, 1040.706837684915172 ], [ 974.765537997139973, 1133.037526633517018 ] ] ] ] } },
{ "type": "Feature", "properties": { "visible": 1, "color": -32768, "chunks": [ ], "minimapNameVisible": 1, "personal": 0, "announceInChat": 0, "mode": "Vertex", "fullscreenVisible": 1, "announceInTitle": 0, "id": "f2747ead-33f8-4bb1-a3a9-b73ebdeb9f6f", "name2": "7ha 20a 22ca", "fullscreenNameVisible": 1, "dimension": "minecraft:overworld", "name1": "44", "minimapVisible": 1, "fullscreenOwnerVisible": 0, "minimapOwnerVisible": 0, "fid": 2, "TYPE": "III", "SSTYPE": "7", "SPECIES": "dtbwg:fir", "SURF": null, "PARFOR": "44" }, "geometry": { "type": "MultiPolygon", "coordinates": [ [ [ [ -1048.651280184674533, 1270.792753906250255 ], [ -1047.233780184674515, 1266.153662997159245 ], [ -1043.883325639219947, 1260.741390269886551 ], [ -1041.30605291194729, 1254.813662997159327 ], [ -1040.790598366492759, 1251.592072088068335 ], [ -1041.68945555617438, 1245.251117460671139 ], [ -1043.0, 1246.0 ], [ -1046.0, 1247.0 ], [ -1051.0, 1247.0 ], [ -1070.0, 1232.0 ], [ -1082.0, 1220.0 ], [ -1108.0, 1214.0 ], [ -1124.0, 1211.0 ], [ -1151.0, 1212.0 ], [ -1156.0, 1215.0 ], [ -1171.0, 1229.0 ], [ -1180.0, 1239.0 ], [ -1190.0, 1248.0 ], [ -1197.907587002857554, 1253.557242542613494 ], [ -1208.796564275584842, 1266.057015269886051 ], [ -1313.0, 1368.0 ], [ -1309.0, 1375.0 ], [ -1298.775598366492432, 1379.167072088068608 ], [ -1294.909689275583332, 1381.228890269886733 ], [ -1292.590143821038055, 1384.06389026988677 ], [ -1291.043780184674233, 1386.898890269886806 ], [ -1288.981962002856108, 1389.218435724432084 ], [ -1285.116052911947008, 1388.4452539062504 ], [ -1282.538780184674351, 1387.156617542613958 ], [ -1277.126507457401658, 1386.125708451704895 ], [ -1276.095598366492595, 1388.187526633523021 ], [ -1274.549234730128774, 1390.249344815341146 ], [ -1268.621507457401549, 1390.249344815341146 ], [ -1264.497871093765298, 1389.733890269886615 ], [ -1261.147416548310503, 1388.960708451704932 ], [ -1254.446507457401367, 1388.960708451704932 ], [ -1249.549689275583205, 1388.4452539062504 ], [ -1243.106507457401449, 1387.414344815341337 ], [ -1235.116962002856098, 1386.641162997159427 ], [ -1230.735598366492468, 1385.610253906250364 ], [ -1225.581052911946927, 1382.259799360795796 ], [ -1220.426507457401385, 1377.362981178977634 ], [ -1217.591507457401349, 1376.074344815341192 ], [ -1209.601962002855998, 1371.950708451704941 ], [ -1205.993780184674279, 1369.631162997159436 ], [ -1199.550598366492295, 1364.992072088068653 ], [ -1192.849689275583387, 1364.734344815341274 ], [ -1190.014689275583351, 1367.56934481534131 ], [ -1185.63332563921972, 1376.074344815341192 ], [ -1178.932416548310584, 1380.971162997159354 ], [ -1173.777871093765043, 1382.259799360795796 ], [ -1164.241962002855871, 1383.032981178977707 ], [ -1165.530598366492541, 1372.466162997159472 ], [ -1161.406962002856062, 1364.992072088068653 ], [ -1160.376052911946999, 1360.095253906250491 ], [ -1161.664689275583441, 1354.682981178977798 ], [ -1164.49968927558325, 1350.559344815341319 ], [ -1167.592416548310666, 1346.177981178977689 ], [ -1163.211052911947036, 1338.961617542614022 ], [ -1161.406962002856062, 1334.06479936079586 ], [ -1163.468780184674188, 1327.879344815341256 ], [ -1166.819234730128755, 1321.436162997159499 ], [ -1168.623325639219729, 1317.312526633523248 ], [ -1171.458325639219765, 1308.807526633523139 ], [ -1172.74696200285598, 1300.30252663352303 ], [ -1169.13878018467426, 1296.69434481534131 ], [ -1163.468780184674188, 1299.529344815341346 ], [ -1159.345143821037937, 1302.622072088068535 ], [ -1153.159689275583332, 1304.168435724432129 ], [ -1146.716507457401576, 1302.622072088068535 ], [ -1143.62378018467416, 1300.044799360795878 ], [ -1142.077416548310566, 1297.467526633523221 ], [ -1139.24241654831053, 1291.797526633523148 ], [ -1133.572416548310684, 1288.70479936079596 ], [ -1128.417871093765143, 1285.869799360795923 ], [ -1123.521052911946981, 1280.972981178977761 ], [ -1117.851052911946908, 1275.302981178977461 ], [ -1114.242871093765189, 1272.725708451704577 ], [ -1111.407871093765152, 1266.797981178977352 ], [ -1103.160598366492422, 1259.066162997159154 ], [ -1099.036962002855944, 1256.488890269886497 ], [ -1097.748325639219729, 1250.561162997159272 ], [ -1094.655598366492313, 1247.468435724431856 ], [ -1091.562871093765125, 1247.468435724431856 ], [ -1088.985598366492468, 1248.499344815340919 ], [ -1087.954689275583405, 1250.561162997159272 ], [ -1087.954689275583405, 1258.035253906250091 ], [ -1088.212416548310557, 1261.90116299715919 ], [ -1090.531962002856062, 1266.5402539062502 ], [ -1093.62468927558325, 1271.437072088068362 ], [ -1093.62468927558325, 1276.076162997159145 ], [ -1093.109234730128719, 1280.199799360795623 ], [ -1087.954689275583405, 1288.704799360795505 ], [ -1081.769234730128801, 1289.477981178977416 ], [ -1074.810598366492286, 1287.41616299715929 ], [ -1071.202416548310566, 1283.292526633522812 ], [ -1069.140598366492441, 1283.550253906250191 ], [ -1063.341734730129019, 1279.684344815341092 ], [ -1060.249007457401831, 1278.524572088068226 ], [ -1059.862416548310875, 1278.009117542613694 ], [ -1058.058325639219902, 1275.431844815341037 ], [ -1056.769689275583687, 1273.627753906250064 ], [ -1051.872871093765298, 1270.792753906250255 ], [ -1048.651280184674533, 1270.792753906250255 ] ] ] ] } },
{ "type": "Feature", "properties": { "visible": 1, "color": -32768, "chunks": [ ], "minimapNameVisible": 1, "personal": 0, "announceInChat": 0, "mode": "Vertex", "fullscreenVisible": 1, "announceInTitle": 0, "id": "396c1231-8d2c-4154-9377-035605f6757b", "name2": "10ha 36a 83ca", "fullscreenNameVisible": 1, "dimension": "minecraft:overworld", "name1": "39.II.6", "minimapVisible": 1, "fullscreenOwnerVisible": 0, "minimapOwnerVisible": 0, "fid": 3, "TYPE": "II", "SSTYPE": "6", "SPECIES": "dynamictrees:oak", "SURF": null, "PARFOR": "39" }, "geometry": { "type": "MultiPolygon", "coordinates": [ [ [ [ -611.498828014286119, 606.0 ], [ -611.475996675242754, 612.955947961876632 ], [ -610.844462356153031, 805.36340384453149 ], [ -290.0, 806.0 ], [ -291.0, 606.0 ], [ -611.498828014286119, 606.0 ] ] ] ] } },
{ "type": "Feature", "properties": { "visible": 1, "color": -32768, "chunks": [ ], "minimapNameVisible": 1, "personal": 0, "announceInChat": 0, "mode": "Vertex", "fullscreenVisible": 1, "announceInTitle": 0, "id": "9b38ebee-f949-45e2-a78a-cadda163de40", "name2": "14ha 72a 53ca", "fullscreenNameVisible": 1, "dimension": "minecraft:overworld", "name1": "29.III.6", "minimapVisible": 1, "fullscreenOwnerVisible": 0, "minimapOwnerVisible": 0, "fid": 4, "TYPE": "III", "SSTYPE": "6", "SPECIES": "dtbwg:fir", "SURF": null, "PARFOR": "29" }, "geometry": { "type": "MultiPolygon", "coordinates": [ [ [ [ -290.0, 922.305216393474893 ], [ -181.656734730131348, 921.83002663351931 ], [ -164.389007457404176, 897.603662997155766 ], [ 1.0, 897.85693865941812 ], [ 1.0, 884.773101611477273 ], [ -4.855825639222843, 884.975026633519406 ], [ -11.814462002859187, 885.748208451701203 ], [ -16.969007457404615, 886.263662997155734 ], [ -22.381280184677337, 886.263662997155734 ], [ -30.370825639222772, 882.397753906246635 ], [ -33.205825639222752, 880.078208451701244 ], [ -38.36037109376818, 869.253662997155743 ], [ -37.329462002859117, 864.099117542610315 ], [ -36.298552911950026, 858.429117542610356 ], [ -34.494462002859109, 853.532299360792194 ], [ -32.690371093768221, 845.285026633519465 ], [ -32.561507457404574, 843.352072088064915 ], [ -35.654234730131833, 838.712981178974019 ], [ -38.746962002859107, 834.460481178974078 ], [ -40.679916548313642, 830.594572088064979 ], [ -41.32423473013182, 824.92457208806502 ], [ -40.808780184677275, 819.641162997155902 ], [ -40.422189275586369, 813.455708451701412 ], [ -38.231507457404554, 809.074344815337781 ], [ -35.267643821040934, 805.595026633519637 ], [ -32.819234730131839, 802.11570845170138 ], [ -31.659462002859115, 798.636390269883236 ], [ -32.174916548313661, 793.739572088065074 ], [ -34.752189275586389, 790.646844815337772 ], [ -37.07173473013183, 787.296390269883318 ], [ -37.973780184677274, 782.786162997155998 ], [ -36.427416548313637, 776.342981178974242 ], [ -36.298552911950004, 771.317299360792504 ], [ -36.169689275586371, 764.616390269883368 ], [ -37.973780184677274, 759.977299360792472 ], [ -39.777871093768177, 755.08048117897431 ], [ -36.169689275586386, 741.678662997156266 ], [ -35.783098366495473, 735.622072088065352 ], [ -35.5253710937682, 729.952072088065393 ], [ -34.236734730131843, 725.055253906247231 ], [ -33.076962002859119, 723.380026633519947 ], [ -30.370825639222765, 719.771844815338113 ], [ -28.051280184677317, 716.679117542610925 ], [ -26.76264382104096, 715.390481178974596 ], [ -23.669916548313694, 713.328662997156357 ], [ -20.834916548313707, 712.040026633520029 ], [ -14.907189275586447, 710.7513902698837 ], [ -9.366052911950106, 711.009117542610966 ], [ -2.020825639222849, 712.040026633520029 ], [ 1.0, 712.456692238930032 ], [ 1.0, 604.0 ], [ -291.0, 606.0 ], [ -290.0, 806.0 ], [ -290.0, 922.305216393474893 ] ] ] ] } },
{ "type": "Feature", "properties": { "visible": 1, "color": -32768, "chunks": [ ], "minimapNameVisible": 1, "personal": 0, "announceInChat": 0, "mode": "Vertex", "fullscreenVisible": 1, "announceInTitle": 0, "id": "f5a4a6ae-1f9e-461f-8fa4-035d45726c0a", "name2": "7ha 97a 22ca", "fullscreenNameVisible": 1, "dimension": "minecraft:overworld", "name1": "40.II.5", "minimapVisible": 1, "fullscreenOwnerVisible": 0, "minimapOwnerVisible": 0, "fid": 5, "TYPE": "II", "SSTYPE": "5", "SPECIES": "dynamictrees:oak", "SURF": null, "PARFOR": "40" }, "geometry": { "type": "MultiPolygon", "coordinates": [ [ [ [ -783.832298694983024, 805.020174010525807 ], [ -788.626959853649282, 819.781028251135695 ], [ -767.0, 835.0 ], [ -290.0, 1108.0 ], [ -290.0, 1038.277851796123286 ], [ -290.0, 1008.855309322664766 ], [ -290.0, 956.691353566260432 ], [ -290.0, 944.344157453372759 ], [ -290.0, 928.303299792223811 ], [ -290.0, 928.245088392919456 ], [ -290.0, 922.305216393474893 ], [ -290.0, 806.0 ], [ -610.844462356153031, 805.36340384453149 ], [ -783.832298694983024, 805.020174010525807 ] ] ] ] } },
{ "type": "Feature", "properties": { "visible": 1, "color": -32768, "chunks": [ ], "minimapNameVisible": 1, "personal": 0, "announceInChat": 0, "mode": "Vertex", "fullscreenVisible": 1, "announceInTitle": 0, "id": "28e80332-351c-4d5d-ae47-8a3528fb1999", "name2": "4ha 52a 51ca", "fullscreenNameVisible": 1, "dimension": "minecraft:overworld", "name1": "2.II.1", "minimapVisible": 1, "fullscreenOwnerVisible": 0, "minimapOwnerVisible": 0, "fid": 6, "TYPE": "II", "SSTYPE": "1", "SPECIES": "dynamictrees:oak", "SURF": null, "PARFOR": "2" }, "geometry": { "type": "MultiPolygon", "coordinates": [ [ [ [ 1367.241910327360756, -7.0 ], [ 1367.707839974135823, -141.886632741380396 ], [ 1362.0, -145.0 ], [ 1351.0, -155.0 ], [ 1346.0, -171.0 ], [ 1341.0, -191.0 ], [ 1338.0, -215.0 ], [ 1337.0, -232.0 ], [ 1333.0, -250.0 ], [ 1327.0, -258.0 ], [ 1318.0, -269.0 ], [ 1315.0, -272.0 ], [ 1302.0, -278.0 ], [ 1248.0, -278.0 ], [ 1248.0, -7.0 ], [ 1329.612302531432078, -7.0 ], [ 1367.241910327360756, -7.0 ] ] ] ] } },
{ "type": "Feature", "properties": { "visible": 1, "color": -32768, "chunks": [ ], "minimapNameVisible": 1, "personal": 0, "announceInChat": 0, "mode": "Vertex", "fullscreenVisible": 1, "announceInTitle": 0, "id": "3d0b324b-336a-4dd2-919f-2d5900930121", "name2": "12ha 55a 04ca", "fullscreenNameVisible": 1, "dimension": "minecraft:overworld", "name1": "30.I.5", "minimapVisible": 1, "fullscreenOwnerVisible": 0, "minimapOwnerVisible": 0, "fid": 7, "TYPE": "I", "SSTYPE": "5", "SPECIES": "dynamictrees:oak", "SURF": null, "PARFOR": "30" }, "geometry": { "type": "MultiPolygon", "coordinates": [ [ [ [ 319.622810724413114, 449.415935724426902 ], [ 330.962748119844775, 441.886001157009559 ], [ 335.8247653099275, 437.397985289240978 ], [ 342.556789111580429, 432.909969421472283 ], [ 347.792807623977183, 424.681940330563123 ], [ 353.776828781002052, 419.071920495852282 ], [ 359.760849938026922, 412.339896694199297 ], [ 363.126861838853415, 407.103878181802543 ], [ 371.728892252076662, 400.371854380149614 ], [ 377.338912086787445, 395.509837190066889 ], [ 389.0, 388.777813388413961 ], [ 389.0, 282.0 ], [ 0.0, 310.0 ], [ 0.0, 311.0 ], [ 1.0, 604.0 ], [ 84.0, 609.0 ], [ 157.0, 615.0 ], [ 184.0, 619.0 ], [ 205.481823848193812, 620.790151987349532 ], [ 205.965083451685786, 581.887753906245166 ], [ 205.965083451685786, 567.712753906245212 ], [ 203.903265269867632, 449.415935724426902 ], [ 319.622810724413114, 449.415935724426902 ] ] ] ] } },
{ "type": "Feature", "properties": { "visible": 1, "color": -32768, "chunks": [ ], "minimapNameVisible": 1, "personal": 0, "announceInChat": 0, "mode": "Vertex", "fullscreenVisible": 1, "announceInTitle": 0, "id": "ede537c8-f501-4c33-ba41-f03d690617eb", "name2": "6ha 50a 04ca", "fullscreenNameVisible": 1, "dimension": "minecraft:overworld", "name1": "10.I.5", "minimapVisible": 1, "fullscreenOwnerVisible": 0, "minimapOwnerVisible": 0, "fid": 8, "TYPE": "I", "SSTYPE": "5", "SPECIES": "dynamictrees:oak", "SURF": null, "PARFOR": "10" }, "geometry": { "type": "MultiPolygon", "coordinates": [ [ [ [ 1313.168197225383665, 1217.584098612691832 ], [ 1274.244628906229082, 1243.602526633517073 ], [ 1241.255537997138163, 1260.870253906244443 ], [ 1198.988265269865224, 1281.230708451699002 ], [ 1161.355098715909207, 1307.639948138685668 ], [ 1171.881078365544454, 1320.0 ], [ 1191.0, 1320.0 ], [ 1205.0, 1323.0 ], [ 1232.0, 1339.0 ], [ 1260.0, 1351.0 ], [ 1277.0, 1354.0 ], [ 1315.0, 1357.0 ], [ 1335.0, 1356.0 ], [ 1369.0, 1358.0 ], [ 1384.0, 1353.0 ], [ 1396.0, 1334.0 ], [ 1406.0, 1325.0 ], [ 1412.0, 1316.0 ], [ 1419.0, 1303.0 ], [ 1330.0, 1226.0 ], [ 1313.168197225383665, 1217.584098612691832 ] ] ] ] } },
{ "type": "Feature", "properties": { "visible": 1, "color": -31437, "chunks": [ ], "minimapNameVisible": 1, "personal": 0, "announceInChat": 0, "mode": "Vertex", "fullscreenVisible": 1, "announceInTitle": 0, "id": "5ee642e1-9ffb-45e0-b63e-8011fd1b383e", "name2": "7ha 38a 80ca", "fullscreenNameVisible": 1, "dimension": "minecraft:overworld", "name1": "1", "minimapVisible": 1, "fullscreenOwnerVisible": 0, "minimapOwnerVisible": 0, "fid": 9, "TYPE": "I", "SSTYPE": "4", "SPECIES": "dynamictrees:oak", "SURF": null, "PARFOR": "1" }, "geometry": { "type": "MultiPolygon", "coordinates": [ [ [ [ 1368.683048987628354, -154.323094382732222 ], [ 1380.097045454539511, -161.87389204545795 ], [ 1400.972954545448601, -173.471619318185219 ], [ 1419.529318181812187, -180.430255681821592 ], [ 1432.673409090903078, -185.584801136367048 ], [ 1433.446590909084989, -186.873437500003405 ], [ 1433.446590909084989, -188.677528409094293 ], [ 1433.446590909084989, -192.543437500003392 ], [ 1431.384772727266864, -194.862982954548841 ], [ 1428.807499999993979, -197.955710227276143 ], [ 1427.261136363630385, -200.017528409094325 ], [ 1424.683863636357728, -205.429801136367018 ], [ 1423.395227272721286, -209.553437500003383 ], [ 1422.622045454539375, -212.903892045457951 ], [ 1421.848863636357692, -217.542982954548847 ], [ 1421.591136363630312, -220.635710227276149 ], [ 1423.910681818175817, -223.98616477273066 ], [ 1425.714772727266791, -225.790255681821577 ], [ 1426.487954545448474, -228.109801136367025 ], [ 1427.518863636357764, -232.491164772730684 ], [ 1425.199318181812259, -239.192073863639763 ], [ 1422.622045454539375, -244.86207386363975 ], [ 1422.364318181812223, -247.954801136367053 ], [ 1423.652954545448665, -251.562982954548858 ], [ 1426.745681818175854, -253.62480113636704 ], [ 1434.477499999994052, -255.428892045457957 ], [ 1439.374318181812214, -256.717528409094314 ], [ 1443.755681818175844, -259.810255681821559 ], [ 1449.425681818175917, -264.191619318185246 ], [ 1458.70386363635771, -266.511164772730694 ], [ 1464.889318181812087, -266.511164772730694 ], [ 1479.32204545453942, -263.418437500003392 ], [ 1489.631136363630503, -262.38752840909433 ], [ 1497.105227272721322, -259.810255681821559 ], [ 1507.672045454539557, -253.367073863639774 ], [ 1507.929772727266709, -249.501164772730675 ], [ 1506.125681818175963, -244.86207386363975 ], [ 1504.06386363635761, -241.253892045457945 ], [ 1504.06386363635761, -235.326164772730692 ], [ 1504.837045454539521, -230.944801136367062 ], [ 1505.610227272721204, -223.728437500003395 ], [ 1504.579318181812141, -217.800710227276113 ], [ 1502.775227272721395, -213.161619318185217 ], [ 1500.971136363630421, -208.264801136367055 ], [ 1499.940227272721359, -203.11025568182157 ], [ 1498.909318181812296, -197.955710227276143 ], [ 1498.909318181812296, -194.862982954548841 ], [ 1500.713409090903042, -190.739346590912476 ], [ 1502.002045454539484, -186.357982954548845 ], [ 1500.971136363630421, -183.780710227276131 ], [ 1496.332045454539411, -181.976619318185215 ], [ 1491.435227272721249, -180.430255681821592 ], [ 1486.538409090903087, -179.657073863639766 ], [ 1477.002499999994143, -179.657073863639766 ], [ 1466.69340909090306, -179.657073863639766 ], [ 1461.023409090903215, -179.657073863639766 ], [ 1442.20931818181225, -178.626164772730675 ], [ 1427.003409090903006, -175.791164772730667 ], [ 1412.828409090903051, -169.863437500003386 ], [ 1395.045227272721377, -161.616164772730684 ], [ 1374.41900672571569, -150.771450876882369 ], [ 1396.0, -139.0 ], [ 1515.0, -93.0 ], [ 1537.0, -81.0 ], [ 1536.0, -255.0 ], [ 1537.0, -420.0 ], [ 1524.0, -431.0 ], [ 1514.0, -436.0 ], [ 1505.0, -448.0 ], [ 1500.0, -454.0 ], [ 1495.0, -468.0 ], [ 1488.0, -482.0 ], [ 1484.0, -490.0 ], [ 1479.0, -501.0 ], [ 1467.0, -508.0 ], [ 1440.72801916147273, -507.124267305382432 ], [ 1444.271136363630831, -454.394346590912335 ], [ 1441.951590909085553, -422.436164772730422 ], [ 1438.601136363630985, -338.159346590912264 ], [ 1435.766136363630721, -294.216846590912212 ], [ 1434.348636363630703, -288.28911931818493 ], [ 1310.28613991477323, -288.28911931818493 ], [ 1310.0, -286.0 ], [ 1325.0, -277.0 ], [ 1337.0, -262.0 ], [ 1345.0, -241.0 ], [ 1348.0, -229.0 ], [ 1349.0, -213.0 ], [ 1349.0, -211.0 ], [ 1356.0, -174.0 ], [ 1360.0, -163.0 ], [ 1366.0, -156.0 ], [ 1368.683048987628354, -154.323094382732222 ] ] ] ] } },
{ "type": "Feature", "properties": { "visible": 1, "color": -32768, "chunks": [ ], "minimapNameVisible": 1, "personal": 0, "announceInChat": 0, "mode": "Vertex", "fullscreenVisible": 1, "announceInTitle": 0, "id": "c0a3649b-708d-466f-b725-0f6014d65851", "name2": "8ha 04a 94ca", "fullscreenNameVisible": 1, "dimension": "minecraft:overworld", "name1": "22.III.1", "minimapVisible": 1, "fullscreenOwnerVisible": 0, "minimapOwnerVisible": 0, "fid": 10, "TYPE": "III", "SSTYPE": "1", "SPECIES": "dtterralith:moonlight_spruce", "SURF": null, "PARFOR": "22" }, "geometry": { "type": "MultiPolygon", "coordinates": [ [ [ [ 289.065376177168105, 836.793169237515144 ], [ 289.074600020671198, 817.102827768585144 ], [ 291.692609276869575, 807.752794710733838 ], [ 293.936617210753866, 799.52476561982462 ], [ 293.936617210753866, 788.304725950403054 ], [ 290.944606632241459, 774.840678347097082 ], [ 290.944606632241459, 764.742642644617604 ], [ 290.944606632241459, 753.896604297510066 ], [ 297.302629111580359, 746.416577851228908 ], [ 316.002695227283084, 744.920572561972676 ], [ 324.230724318192301, 744.920572561972676 ], [ 335.450763987613868, 744.920572561972676 ], [ 367.240876384308422, 751.278595041311632 ], [ 375.842906797531668, 754.644606942138125 ], [ 388.93295307852361, 761.002629421477081 ], [ 404.641008615713872, 766.986650578501894 ], [ 418.105056219019787, 768.856657190072156 ], [ 431.569103822325701, 768.856657190072156 ], [ 445.033151425631672, 769.604659834700328 ], [ 455.131187128111151, 772.222669090898648 ], [ 464.481220185962457, 775.962682314039171 ], [ 474.953257210755964, 783.816710082634359 ], [ 480.937278367780891, 798.028760330568389 ], [ 481.641831514932505, 811.561161587013089 ], [ 568.0, 808.0 ], [ 575.369311080815578, 806.680802337384875 ], [ 573.999628906232033, 770.286390269881963 ], [ 567.298719815323011, 769.2554811789729 ], [ 546.165083451686542, 761.00820845170017 ], [ 521.165537997141087, 747.606390269882013 ], [ 482.764174360777474, 731.11184481533644 ], [ 445.909174360777456, 713.328662997154652 ], [ 417.816901633504756, 700.18457208806376 ], [ 395.65235617895928, 689.102299360790994 ], [ 374.518719815322925, 685.236390269881895 ], [ 348.745992542595616, 683.174572088063655 ], [ 333.024628906231953, 679.050935724427291 ], [ 325.292810724413812, 676.215935724427368 ], [ 308.282810724413764, 666.42229936079093 ], [ 276.58235617895923, 651.731844815336331 ], [ 253.902356178959224, 642.711390269881804 ], [ 242.562356178959249, 638.330026633518173 ], [ 232.253265269868336, 633.948662997154543 ], [ 223.490537997141047, 631.886844815336303 ], [ 211.635083451686512, 628.27866299715447 ], [ 184.0, 619.0 ], [ 226.0, 716.0 ], [ 250.0, 786.0 ], [ 260.0, 841.0 ], [ 289.065376177168105, 836.793169237515144 ] ] ] ] } },
{ "type": "Feature", "properties": { "visible": 1, "color": -32768, "chunks": [ ], "minimapNameVisible": 1, "personal": 0, "announceInChat": 0, "mode": "Vertex", "fullscreenVisible": 1, "announceInTitle": 0, "id": "ccad3fba-d8f7-49f1-b555-1636c6855a69", "name2": "7ha 30a 18ca", "fullscreenNameVisible": 1, "dimension": "minecraft:overworld", "name1": "19.II.5", "minimapVisible": 1, "fullscreenOwnerVisible": 0, "minimapOwnerVisible": 0, "fid": 11, "TYPE": "II", "SSTYPE": "5", "SPECIES": "dynamictrees:oak", "SURF": null, "PARFOR": "19" }, "geometry": { "type": "MultiPolygon", "coordinates": [ [ [ [ 482.673590909088944, -359.085340909092224 ], [ 468.458499999997798, -354.068250000001285 ], [ 464.277590909088701, -353.232068181819443 ], [ 453.825318181815987, -354.486340909092178 ], [ 444.627318181816008, -357.41297727272854 ], [ 438.355954545452391, -359.085340909092167 ], [ 433.338863636361452, -362.848159090910372 ], [ 430.41222727272509, -367.029068181819412 ], [ 427.485590909088728, -372.882340909092136 ], [ 425.395136363634151, -379.989886363637652 ], [ 425.395136363634151, -387.515522727273947 ], [ 425.395136363634151, -394.204977272728513 ], [ 424.0, -403.5 ], [ 412.0, -402.0 ], [ 390.0, -409.0 ], [ 391.0, -13.0 ], [ 397.0, -17.0 ], [ 414.0, -32.0 ], [ 477.0, -104.0 ], [ 501.0, -116.0 ], [ 540.0, -126.0 ], [ 556.945738197508604, -129.864817483642298 ], [ 546.223409090906785, -156.729340909092315 ], [ 543.296772727270422, -161.537386363637779 ], [ 538.279681818179597, -165.718295454546876 ], [ 530.963090909088692, -169.899204545455945 ], [ 527.618363636361437, -173.034886363637781 ], [ 525.109818181815967, -178.26102272727411 ], [ 523.01936363636139, -186.413795454546857 ], [ 521.137954545452317, -195.611795454546836 ], [ 519.256545454543357, -209.199750000001302 ], [ 518.629409090906961, -217.352522727274021 ], [ 518.420363636361458, -226.132431818183107 ], [ 517.375136363634169, -234.07615909091038 ], [ 515.284681818179706, -243.065113636364913 ], [ 512.776136363634237, -250.590750000001265 ], [ 510.894727272725106, -255.607840909092175 ], [ 509.222363636361479, -260.833977272728532 ], [ 508.386181818179693, -267.105340909092149 ], [ 510.058545454543321, -271.286250000001246 ], [ 512.567090909088733, -272.122431818183088 ], [ 516.957045454543277, -272.331477272728534 ], [ 517.375136363634397, -275.885250000001292 ], [ 513.403272727270746, -280.693295454546785 ], [ 510.267590909088881, -282.992795454546751 ], [ 506.922863636361626, -284.247068181819486 ], [ 503.369090909088925, -285.083250000001328 ], [ 500.651499999998009, -285.083250000001328 ], [ 497.724863636361647, -285.292295454546775 ], [ 496.261545454543466, -286.337522727274063 ], [ 495.843454545452573, -288.00988636363769 ], [ 496.261545454543466, -291.563659090910392 ], [ 498.351999999997986, -295.744568181819488 ], [ 500.442454545452563, -300.343568181819478 ], [ 500.651499999998009, -304.106386363637682 ], [ 500.651499999998009, -310.168704545455853 ], [ 499.815318181816167, -314.349613636364893 ], [ 498.14295454545254, -319.575750000001278 ], [ 496.05249999999802, -323.338568181819483 ], [ 493.125863636361657, -327.728522727274026 ], [ 489.781136363634346, -332.327522727274015 ], [ 486.645454545452594, -337.762704545455847 ], [ 485.809272727270752, -342.779795454546729 ], [ 485.182136363634413, -350.932568181819477 ], [ 482.673590909088944, -359.085340909092224 ] ] ] ] } },
{ "type": "Feature", "properties": { "visible": 1, "color": -32768, "chunks": [ ], "minimapNameVisible": 1, "personal": 0, "announceInChat": 0, "mode": "Vertex", "fullscreenVisible": 1, "announceInTitle": 0, "id": "5cb30495-d86f-4a03-a2c5-c6a4dce0e6eb", "name2": "11ha 41a 66ca", "fullscreenNameVisible": 1, "dimension": "minecraft:overworld", "name1": "38.II.5", "minimapVisible": 1, "fullscreenOwnerVisible": 0, "minimapOwnerVisible": 0, "fid": 12, "TYPE": "II", "SSTYPE": "5", "SPECIES": "dynamictrees:oak", "SURF": null, "PARFOR": "38" }, "geometry": { "type": "MultiPolygon", "coordinates": [ [ [ [ -848.0, 606.0 ], [ -614.0, 606.0 ], [ -611.498828014286119, 606.0 ], [ -291.0, 606.0 ], [ -293.0, 402.0 ], [ -858.0, 403.0 ], [ -848.0, 606.0 ] ] ] ] } },
{ "type": "Feature", "properties": { "visible": 1, "color": -32768, "chunks": [ ], "minimapNameVisible": 1, "personal": 0, "announceInChat": 0, "mode": "Vertex", "fullscreenVisible": 1, "announceInTitle": 0, "id": "442c5826-c582-4b09-9c80-463b1feb6f71", "name2": "8ha 60a 42ca", "fullscreenNameVisible": 1, "dimension": "minecraft:overworld", "name1": "31.III.6", "minimapVisible": 1, "fullscreenOwnerVisible": 0, "minimapOwnerVisible": 0, "fid": 13, "TYPE": "III", "SSTYPE": "6", "SPECIES": "dtbwg:fir", "SURF": null, "PARFOR": "31" }, "geometry": { "type": "MultiPolygon", "coordinates": [ [ [ [ -293.0, 402.0 ], [ -291.0, 606.0 ], [ 1.0, 604.0 ], [ 0.0, 311.0 ], [ -159.726986756193867, 311.0 ], [ -292.0, 311.0 ], [ -293.0, 402.0 ] ] ] ] } },
{ "type": "Feature", "properties": { "visible": 1, "color": -32768, "chunks": [ ], "minimapNameVisible": 1, "personal": 0, "announceInChat": 0, "mode": "Vertex", "fullscreenVisible": 1, "announceInTitle": 0, "id": "001bcde1-3fad-4dd0-b4b7-aa70375dcbbc", "name2": "7ha 23a 22ca", "fullscreenNameVisible": 1, "dimension": "minecraft:overworld", "name1": "49.II.5", "minimapVisible": 1, "fullscreenOwnerVisible": 0, "minimapOwnerVisible": 0, "fid": 14, "TYPE": "II", "SSTYPE": "5", "SPECIES": "dynamictrees:oak", "SURF": null, "PARFOR": "49" }, "geometry": { "type": "MultiPolygon", "coordinates": [ [ [ [ -1047.90124296115664, 403.0 ], [ -1049.424462002856671, 411.530026633521004 ], [ -1051.486280184674797, 423.900935724430099 ], [ -1055.86764382103911, 438.591390269884641 ], [ -1059.475825639221057, 463.333208451702831 ], [ -1063.599462002857308, 477.765935724430108 ], [ -1070.042643821039064, 488.332753906248286 ], [ -1081.898098366493286, 508.17775390624837 ], [ -1094.269007457402495, 526.734117542612012 ], [ -1104.835825639220729, 540.651390269884701 ], [ -1115.144916548311585, 550.96048117897567 ], [ -1125.45400745740244, 563.073662997157498 ], [ -1134.989916548311612, 574.671390269884682 ], [ -1166.17491654831224, 599.284344815340091 ], [ -1163.597643821039583, 602.377072088067393 ], [ -1160.342638493606046, 605.134784934920731 ], [ -858.657015018718766, 605.970479182773602 ], [ -848.0, 606.0 ], [ -858.0, 403.0 ], [ -1047.90124296115664, 403.0 ] ] ] ] } },
{ "type": "Feature", "properties": { "visible": 1, "color": -32768, "chunks": [ ], "minimapNameVisible": 1, "personal": 0, "announceInChat": 0, "mode": "Vertex", "fullscreenVisible": 1, "announceInTitle": 0, "id": "0c767db1-be06-4594-9fd8-684777b4a5dc", "name2": "12ha 32a 27ca", "fullscreenNameVisible": 1, "dimension": "minecraft:overworld", "name1": "28.III.4", "minimapVisible": 1, "fullscreenOwnerVisible": 0, "minimapOwnerVisible": 0, "fid": 15, "TYPE": "III", "SSTYPE": "4", "SPECIES": "dtbop:fir", "SURF": null, "PARFOR": "28" }, "geometry": { "type": "MultiPolygon", "coordinates": [ [ [ [ 133.239185571539764, 973.675970375875067 ], [ 130.966447088050074, 974.664117542609688 ], [ 115.502810724413706, 976.210481178973396 ], [ 105.966901633504619, 975.95275390624613 ], [ 96.688719815322798, 975.179572088064333 ], [ 89.98781072441372, 974.921844815336954 ], [ 80.709628906231899, 975.179572088064333 ], [ 70.400537997140987, 976.983662997155193 ], [ 58.545083451686438, 979.818662997155229 ], [ 48.493719815322791, 986.519572088064251 ], [ 41.792810724413698, 991.158662997155147 ], [ 34.57644708805006, 996.82866299715522 ], [ 30.710537997140975, 1000.694572088064319 ], [ 28.133265269868247, 1004.818208451700684 ], [ 26.329174360777344, 1007.653208451700607 ], [ 23.751901633504616, 1008.684117542609783 ], [ 18.081901633504614, 1008.941844815337049 ], [ 4.680083451686428, 1009.457299360791581 ], [ 1.363667034900015, 1009.005060758502509 ], [ 1.671132162673801, 1059.736806841177213 ], [ 1.940732884268834, 1104.220925904357728 ], [ 15.246901633504578, 1101.208208451700557 ], [ 23.494174360777308, 1098.6309357244279 ], [ 26.586901633504581, 1097.084572088064306 ], [ 29.679628906231855, 1093.218662997155207 ], [ 37.411447088050039, 1087.806390269882286 ], [ 41.792810724413684, 1084.713662997155097 ], [ 44.885537997140943, 1080.590026633518846 ], [ 48.493719815322763, 1074.662299360791394 ], [ 51.586447088050036, 1069.765481178973232 ], [ 53.648265269868219, 1065.899572088064133 ], [ 58.029628906231864, 1062.033662997155034 ], [ 63.18417436077732, 1056.87911754260972 ], [ 66.792356178959139, 1053.528662997155152 ], [ 75.555083451686414, 1045.023662997155043 ], [ 82.771447088050053, 1039.611390269882349 ], [ 85.606447088050047, 1037.807299360791603 ], [ 93.853719815322776, 1035.487753906246098 ], [ 97.977356178959141, 1035.230026633518719 ], [ 105.45144708805006, 1036.260935724427782 ], [ 112.152356178959153, 1035.487753906246098 ], [ 125.554174360777324, 1034.199117542609656 ], [ 130.450992542595515, 1034.199117542609656 ], [ 137.667356178959153, 1036.518662997155161 ], [ 145.656901633504617, 1039.611390269882349 ], [ 154.419628906231878, 1040.900026633518792 ], [ 164.728719815322791, 1041.673208451700702 ], [ 174.264628906231877, 1039.095935724427818 ], [ 178.645992542595508, 1035.230026633518719 ], [ 179.419174360777333, 1031.36411754260962 ], [ 179.161447088050068, 1026.467299360791458 ], [ 179.161447088050068, 1022.085935724427941 ], [ 178.388265269868242, 1016.931390269882399 ], [ 176.841901633504619, 1012.034572088064238 ], [ 175.037810724413703, 1004.560481178973305 ], [ 171.945083451686429, 996.055481178973309 ], [ 169.625537997141009, 992.447299360791476 ], [ 166.532810724413707, 989.354572088064174 ], [ 160.34735617895916, 984.200026633518746 ], [ 150.553719815322779, 979.56093572442785 ], [ 149.522810724413716, 979.56093572442785 ], [ 140.244628906231867, 975.952753906246016 ], [ 133.543719815322788, 973.890935724427777 ], [ 133.239185571539764, 973.675970375875067 ] ] ] ] } },
{ "type": "Feature", "properties": { "visible": 1, "color": -32768, "chunks": [ ], "minimapNameVisible": 1, "personal": 0, "announceInChat": 0, "mode": "Vertex", "fullscreenVisible": 1, "announceInTitle": 0, "id": "8fe1f306-56eb-4874-b8bd-cce24eb54335", "name2": "10ha 73a 27ca", "fullscreenNameVisible": 1, "dimension": "minecraft:overworld", "name1": "52.II.1", "minimapVisible": 1, "fullscreenOwnerVisible": 0, "minimapOwnerVisible": 0, "fid": 16, "TYPE": "II", "SSTYPE": "1", "SPECIES": "dynamictrees:dark_oak", "SURF": null, "PARFOR": "52" }, "geometry": { "type": "MultiPolygon", "coordinates": [ [ [ [ -1033.585352272728187, -43.374443181819458 ], [ -1034.118461669942008, -118.276313490380645 ], [ -1039.0, -118.0 ], [ -1116.0, -150.0 ], [ -1176.0, -175.0 ], [ -1215.0, -197.0 ], [ -1244.0, -209.0 ], [ -1241.545571027702636, -92.823695311257396 ], [ -1241.167488636363942, -92.918215909092069 ], [ -1235.993613636363762, -93.388568181819352 ], [ -1228.467977272727467, -94.329272727273889 ], [ -1222.196613636363963, -94.642840909092072 ], [ -1217.179522727273024, -94.329272727273889 ], [ -1183.470943181818711, -91.663943181819349 ], [ -1145.2156250000005, -75.358397727273925 ], [ -1087.480428542787877, 7.617814266508954 ], [ -1082.929007457403486, 4.836390269885243 ], [ -1073.650825639221694, 0.970481178976158 ], [ -1063.084007457403459, -2.122246093751102 ], [ -1055.35218927558526, -5.214973366478375 ], [ -1042.465825639221748, -5.988155184660187 ], [ -1034.73400745740355, -4.69951882102383 ], [ -1033.585352272728187, -43.374443181819458 ] ] ] ] } },
{ "type": "Feature", "properties": { "visible": 1, "color": -32768, "chunks": [ ], "minimapNameVisible": 1, "personal": 0, "announceInChat": 0, "mode": "Vertex", "fullscreenVisible": 1, "announceInTitle": 0, "id": "10150082-63d5-46c2-a75f-d741bd94fe24", "name2": "12ha 32a 29ca", "fullscreenNameVisible": 1, "dimension": "minecraft:overworld", "name1": "34.III.4", "minimapVisible": 1, "fullscreenOwnerVisible": 0, "minimapOwnerVisible": 0, "fid": 17, "TYPE": "III", "SSTYPE": "4", "SPECIES": "dynamictrees:spruce", "SURF": null, "PARFOR": "34" }, "geometry": { "type": "MultiPolygon", "coordinates": [ [ [ [ 363.888697007478015, -352.344434850373887 ], [ 361.949840909087584, -342.83205681818265 ], [ 359.754863636360255, -332.797875000000886 ], [ 359.754863636360255, -322.136556818182669 ], [ 361.636272727269386, -313.67021590909178 ], [ 361.949840909087584, -305.203875000000892 ], [ 359.754863636360255, -297.051102272728144 ], [ 358.18702272726938, -293.915420454546393 ], [ 356.932749999996645, -287.957625000000917 ], [ 356.619181818178504, -282.626965909091837 ], [ 357.559886363633041, -272.592784090910015 ], [ 359.754863636360255, -257.541511363637312 ], [ 359.754863636360255, -250.643011363637413 ], [ 361.322704545451188, -241.863102272728327 ], [ 361.322704545451188, -231.828920454546505 ], [ 358.814159090905719, -220.854034090910147 ], [ 356.61918181817839, -216.150511363637463 ], [ 353.483499999996639, -216.464079545455633 ], [ 349.720681818178434, -219.599761363637441 ], [ 348.152840909087558, -228.379670454546499 ], [ 347.525704545451163, -239.040988636364688 ], [ 347.212136363633022, -250.956579545455583 ], [ 346.271431818178485, -263.185738636364647 ], [ 345.644295454542089, -278.550579545455548 ], [ 345.330727272723891, -292.347579545455517 ], [ 342.195045454542083, -298.618943181819134 ], [ 335.610113636360268, -294.542556818182788 ], [ 330.906590909087527, -283.56767045454643 ], [ 330.906590909087527, -268.202829545455529 ], [ 330.906590909087527, -254.40582954545556 ], [ 330.906590909087527, -245.312352272728305 ], [ 332.160863636360318, -237.786715909091953 ], [ 332.160863636360318, -233.08319318181924 ], [ 332.160863636360318, -228.379670454546499 ], [ 331.533727272723922, -219.286193181819272 ], [ 329.652318181814849, -215.209806818182898 ], [ 327.143772727269379, -212.387693181819259 ], [ 323.694522727269373, -210.506284090910185 ], [ 317.736727272723954, -210.819852272728355 ], [ 308.956818181814867, -213.955534090910191 ], [ 302.058318181814911, -213.955534090910191 ], [ 296.100522727269436, -213.328397727273796 ], [ 284.498499999996739, -215.836943181819265 ], [ 276.97286363636033, -219.599761363637441 ], [ 275.718590909087652, -226.184693181819227 ], [ 272.269340909087646, -237.473147727273783 ], [ 272.269340909087646, -242.803806818182863 ], [ 270.701499999996713, -255.555579545455686 ], [ 256.277363636360406, -255.764625000001132 ], [ 255.535526803097042, -361.290914531711053 ], [ 239.876054510609265, -369.493495256347501 ], [ 240.38990909090586, -271.861125000001095 ], [ 223.248181818178608, -271.233988636364757 ], [ 223.442184757145327, -371.0 ], [ 206.0, -371.0 ], [ 180.0, -370.0 ], [ 176.213151157792197, -364.950868210389615 ], [ 176.214877388846674, -6.239287989957102 ], [ 241.305549121617673, -6.489636727390837 ], [ 240.076340909087691, -8.986465909092328 ], [ 238.822068181814984, -15.153306818183232 ], [ 238.822068181814984, -21.633715909092313 ], [ 240.180863636360414, -26.337238636365036 ], [ 240.285386363633165, -31.35432954545594 ], [ 239.658249999996769, -35.639761363637753 ], [ 239.867295454542216, -44.106102272728648 ], [ 239.867295454542216, -49.123193181819552 ], [ 239.240159090905848, -54.767420454546816 ], [ 238.403977272724035, -61.874965909092261 ], [ 240.076340909087662, -68.355375000001345 ], [ 243.421068181814917, -73.581511363637702 ], [ 246.347704545451279, -78.807647727274059 ], [ 248.438159090905856, -82.988556818183142 ], [ 248.647204545451302, -88.005647727274052 ], [ 245.72056818181494, -92.813693181819502 ], [ 241.121568181814951, -100.339329545455854 ], [ 240.494431818178583, -104.729284090910397 ], [ 241.74870454545129, -107.864965909092206 ], [ 243.421068181814917, -109.746375000001294 ], [ 249.692431818178562, -104.520238636364937 ], [ 253.664295454542184, -100.757420454546761 ], [ 256.799977272723993, -99.29410227272858 ], [ 261.398977272723982, -99.29410227272858 ], [ 267.879386363633103, -101.175511363637668 ], [ 272.269340909087646, -99.29410227272858 ], [ 275.614068181814901, -93.231784090910409 ], [ 279.376886363633048, -89.259920454546773 ], [ 284.393977272723987, -89.259920454546773 ], [ 292.96484090908757, -90.723238636364954 ], [ 299.654295454542137, -90.514193181819493 ], [ 300.908568181814871, -87.378511363637685 ], [ 299.44524999999669, -85.497102272728597 ], [ 287.738704545451242, -81.525238636364975 ], [ 282.094477272724021, -79.643829545455873 ], [ 277.704522727269421, -75.253875000001329 ], [ 273.105522727269431, -72.327238636364967 ], [ 267.879386363633103, -71.909147727274075 ], [ 261.817068181814932, -72.745329545455888 ], [ 256.172840909087654, -73.581511363637702 ], [ 250.110522727269483, -69.400602272728619 ], [ 246.556749999996754, -65.010647727274076 ], [ 245.093431818178573, -58.739284090910445 ], [ 245.093431818178573, -53.513147727274088 ], [ 243.630113636360392, -44.733238636365016 ], [ 241.74870454545129, -39.298056818183198 ], [ 241.74870454545129, -32.399556818183207 ], [ 243.002977272724024, -26.964375000001397 ], [ 244.466295454542205, -25.292011363637755 ], [ 251.155749999996743, -25.919147727274122 ], [ 257.009022727269439, -23.828693181819574 ], [ 263.489431818178559, -16.721147727274129 ], [ 273.732659090905827, -17.766375000001403 ], [ 279.167840909087658, -18.602556818183217 ], [ 285.230159090905772, -18.602556818183217 ], [ 290.87438636363305, -13.376420454546864 ], [ 295.46932397785605, -6.697958938376369 ], [ 368.463627370338315, -6.978706259116686 ], [ 368.526560724408739, -132.467814275575876 ], [ 379.351106178954183, -143.163496093757715 ], [ 384.483731079919153, -145.483222188432364 ], [ 384.441644259875943, -410.588101640035461 ], [ 383.0, -411.0 ], [ 373.0, -410.0 ], [ 364.0, -409.0 ], [ 339.0, -400.0 ], [ 377.0, -398.0 ], [ 377.0, -353.0 ], [ 363.888697007478015, -352.344434850373887 ] ] ] ] } },
{ "type": "Feature", "properties": { "visible": 1, "color": -32768, "chunks": [ ], "minimapNameVisible": 1, "personal": 0, "announceInChat": 0, "mode": "Vertex", "fullscreenVisible": 1, "announceInTitle": 0, "id": "ad9307d4-1282-4c63-b9f3-1ae57a389a3b", "name2": "8ha 42a 57ca", "fullscreenNameVisible": 1, "dimension": "minecraft:overworld", "name1": "48.I.5", "minimapVisible": 1, "fullscreenOwnerVisible": 0, "minimapOwnerVisible": 0, "fid": 18, "TYPE": "I", "SSTYPE": "5", "SPECIES": "dynamictrees:oak", "SURF": null, "PARFOR": "48" }, "geometry": { "type": "MultiPolygon", "coordinates": [ [ [ [ -1350.449916548311876, 806.883662997157558 ], [ -1353.800371093765989, 820.543208451703208 ], [ -1354.31582563922052, 828.017299360794141 ], [ -1354.31582563922052, 837.037753906248668 ], [ -1356.119916548311494, 842.450026633521475 ], [ -1358.954916548311303, 847.862299360794168 ], [ -1359.728098366493214, 851.212753906248736 ], [ -1359.212643821038682, 854.820935724430569 ], [ -1356.635371093766025, 858.686844815339555 ], [ -1348.645825639220448, 862.552753906248654 ], [ -1344.522189275584196, 865.903208451703222 ], [ -1342.718098366493223, 870.026844815339587 ], [ -1341.429462002856781, 876.470026633521456 ], [ -1340.398552911947718, 882.397753906248681 ], [ -1340.266885831235868, 887.796104215439527 ], [ -1325.0, 886.0 ], [ -1316.925108777817513, 886.436480606604505 ], [ -1315.978893821041993, 883.557526633526095 ], [ -1314.947984730132703, 882.268890269889766 ], [ -1313.01503018467838, 881.109117542617014 ], [ -1310.30889382104192, 880.078208451707951 ], [ -1302.834802911951101, 878.531844815344243 ], [ -1302.06162109376919, 878.531844815344243 ], [ -1296.391621093769345, 877.243208451707801 ], [ -1292.783439275587398, 876.341162997162428 ], [ -1288.402075639223767, 876.083435724435162 ], [ -1281.830030184678435, 875.825708451707897 ], [ -1276.80434836649647, 875.052526633525986 ], [ -1271.907530184678308, 873.635026633526081 ], [ -1268.685939275587316, 871.959799360798797 ], [ -1264.820030184678444, 870.800026633526045 ], [ -1260.438666548314814, 870.155708451707824 ], [ -1257.088212002860246, 869.124799360798761 ], [ -1243.428666548314368, 867.965026633526122 ], [ -1239.820484730132648, 868.351617542617078 ], [ -1235.052530184678062, 867.836162997162432 ], [ -1232.990712002859709, 867.449572088071591 ], [ -1229.511393821041565, 866.676390269889794 ], [ -1226.289802911950801, 866.032072088071573 ], [ -1223.454802911950765, 865.258890269889775 ], [ -1219.20230291195071, 864.099117542617023 ], [ -1214.949802911950655, 862.552753906253429 ], [ -1212.630257457405378, 861.006390269889721 ], [ -1211.470484730132512, 859.717753906253392 ], [ -1206.444802911951001, 851.728208451707815 ], [ -1205.285030184678135, 849.150935724435044 ], [ -1201.934575639223567, 843.223208451707819 ], [ -1198.197530184678271, 837.166617542616905 ], [ -1192.656393821042002, 822.733890269889685 ], [ -1192.140939275587471, 821.058662997162401 ], [ -1186.599802911950974, 811.651617542616918 ], [ -1183.378212002860209, 808.043435724435085 ], [ -1180.027757457405642, 805.723890269889694 ], [ -1177.192757457405605, 803.662072088071454 ], [ -1173.842302911951037, 800.698208451707842 ], [ -1171.26503018467838, 797.60548117898054 ], [ -1168.687757457405723, 794.899344815344193 ], [ -1167.141393821041902, 792.966390269889644 ], [ -1163.146621093769227, 792.193208451707847 ], [ -1159.409575639223704, 791.420026633526049 ], [ -1156.574575639223895, 790.775708451707828 ], [ -1151.677757457405733, 790.646844815344252 ], [ -1147.425257457405678, 792.064344815344157 ], [ -1141.626393821041802, 793.86843572443513 ], [ -1138.147075639223431, 796.445708451707901 ], [ -1132.219348366496206, 799.667299360798779 ], [ -1129.642075639223549, 801.342526633526063 ], [ -1125.131848366496342, 804.692981178980631 ], [ -1121.265939275587243, 807.527981178980667 ], [ -1112.503212002859982, 814.74434481534422 ], [ -1108.121848366496351, 818.867981178980585 ], [ -1104.255939275587252, 822.862753906253374 ], [ -1101.420939275587216, 825.05343572443519 ], [ -1098.3282120028598, 827.888435724435226 ], [ -1093.94684836649617, 831.36775390625337 ], [ -1090.982984730132557, 833.945026633526027 ], [ -1085.570712002859864, 837.295481178980708 ], [ -1081.833666548314341, 840.517072088071586 ], [ -1077.45230291195071, 843.352072088071623 ], [ -1074.488439275587098, 845.542753906253438 ], [ -1071.13798473013253, 847.604572088071563 ], [ -1067.787530184677962, 850.568435724435176 ], [ -1066.112302911950792, 852.630253906253415 ], [ -1062.504121093769072, 855.980708451707983 ], [ -1060.700030184678099, 857.784799360798843 ], [ -1057.736166548314486, 860.49093572443519 ], [ -1055.416621093768981, 863.0 ], [ -1016.570077718117318, 863.0 ], [ -1001.809348366495556, 863.0 ], [ -941.0, 863.0 ], [ -947.0, 851.0 ], [ -956.0, 841.0 ], [ -976.466304447463244, 827.975988078887099 ], [ -978.0, 827.0 ], [ -993.0, 816.0 ], [ -997.229747874692748, 812.795645549475125 ], [ -1026.0, 791.0 ], [ -1039.0, 777.0 ], [ -1057.0, 762.0 ], [ -1072.0, 755.0 ], [ -1105.0, 753.0 ], [ -1128.0, 750.0 ], [ -1140.0, 746.0 ], [ -1149.0, 742.0 ], [ -1158.0, 736.0 ], [ -1167.0, 726.0 ], [ -1172.0, 717.0 ], [ -1179.0, 701.0 ], [ -1184.0, 683.0 ], [ -1194.0, 653.0 ], [ -1197.0, 642.0 ], [ -1205.0, 629.0 ], [ -1209.0, 619.0 ], [ -1223.0, 612.0 ], [ -1237.0, 607.0 ], [ -1262.73877476284315, 602.03286802822322 ], [ -1260.503098366493305, 608.949117542612157 ], [ -1260.245371093766153, 617.454117542612153 ], [ -1260.245371093766153, 630.85593572443031 ], [ -1260.245371093766153, 643.226844815339405 ], [ -1259.472189275584242, 653.278208451702994 ], [ -1256.379462002857053, 667.453208451703063 ], [ -1254.57537109376608, 676.473662997157589 ], [ -1251.740371093766271, 716.42139026988491 ], [ -1248.132189275584551, 729.565481178975801 ], [ -1245.554916548311667, 739.359117542612125 ], [ -1244.781734730129983, 746.575481178975792 ], [ -1244.008552911948073, 758.688662997157621 ], [ -1244.008552911948073, 770.80184481533945 ], [ -1244.008552911948073, 776.214117542612144 ], [ -1246.843552911948109, 788.327299360794086 ], [ -1249.420825639220766, 798.894117542612207 ], [ -1250.451734730129829, 804.048662997157749 ], [ -1252.771280184675334, 807.141390269884937 ], [ -1257.925825639220875, 811.265026633521302 ], [ -1263.8535529119481, 814.357753906248604 ], [ -1267.977189275584351, 815.388662997157667 ], [ -1276.48218927558446, 816.935026633521375 ], [ -1282.667643821039064, 817.450481178975906 ], [ -1287.564462002857226, 817.19275390624864 ], [ -1292.71900745740254, 816.677299360794109 ], [ -1305.347643821038901, 816.419572088066843 ], [ -1317.718552911948109, 816.419572088066843 ], [ -1319.780371093766234, 816.161844815339464 ], [ -1329.058552911948254, 815.130935724430287 ], [ -1341.429462002857463, 811.265026633521188 ], [ -1350.449916548311876, 806.883662997157558 ] ] ] ] } },
{ "type": "Feature", "properties": { "visible": 1, "color": -32768, "chunks": [ ], "minimapNameVisible": 1, "personal": 0, "announceInChat": 0, "mode": "Vertex", "fullscreenVisible": 1, "announceInTitle": 0, "id": "b105058f-5b57-46b5-a479-6ac730532031", "name2": "7ha 14a 73ca", "fullscreenNameVisible": 1, "dimension": "minecraft:overworld", "name1": "18.III.3", "minimapVisible": 1, "fullscreenOwnerVisible": 0, "minimapOwnerVisible": 0, "fid": 19, "TYPE": "III", "SSTYPE": "3", "SPECIES": "dtterralith:moonlight_spruce", "SURF": null, "PARFOR": "18" }, "geometry": { "type": "MultiPolygon", "coordinates": [ [ [ [ 625.783500548653478, -272.143588333208243 ], [ 629.410992542591089, -270.706280184666923 ], [ 631.85940163350017, -269.675371093757803 ], [ 636.111901633500224, -268.386734730121475 ], [ 637.787128906227508, -268.257871093757842 ], [ 641.266447088045652, -268.129007457394209 ], [ 643.843719815318423, -268.129007457394209 ], [ 648.482810724409319, -267.613552911939621 ], [ 652.477583451681994, -269.288780184666905 ], [ 657.24553799713658, -269.675371093757803 ], [ 662.400083451682008, -270.190825639212392 ], [ 666.137128906227531, -271.092871093757822 ], [ 671.6782652698638, -272.123780184666941 ], [ 678.508037997136626, -273.541280184666903 ], [ 689.719174360772968, -274.958780184666921 ], [ 698.224174360772963, -275.603098366485085 ], [ 706.986901633500224, -273.799007457394168 ], [ 716.007356178954751, -272.252643821030574 ], [ 723.73917436077295, -269.159916548303272 ], [ 726.316447088045607, -267.484689275575988 ], [ 731.084401633500306, -265.422871093757806 ], [ 734.56371981531845, -264.134234730121477 ], [ 737.785310724409328, -263.489916548303256 ], [ 742.166674360773072, -264.649689275576009 ], [ 744.357356178954888, -265.551734730121439 ], [ 746.032583451682058, -266.582643821030558 ], [ 748.480992542591252, -268.257871093757842 ], [ 750.027356178954847, -272.123780184666941 ], [ 752.089174360772972, -275.216507457394187 ], [ 754.924174360773009, -277.7937801846669 ], [ 758.274628906227576, -279.082416548303286 ], [ 763.429174360773004, -279.855598366485083 ], [ 769.485765269863919, -281.530825639212367 ], [ 773.351674360773018, -282.432871093757853 ], [ 777.475310724409383, -283.592643821030549 ], [ 781.985537997136703, -285.010143821030567 ], [ 786.624628906227599, -286.427643821030529 ], [ 788.428719815318459, -287.587416548303281 ], [ 793.712128906227576, -288.876052911939667 ], [ 796.547128906227499, -287.200825639212383 ], [ 796.804856178954765, -286.16991654830332 ], [ 798.093492542591093, -284.23696200284877 ], [ 801.186219815318395, -280.628780184666937 ], [ 804.536674360772963, -277.793780184666957 ], [ 808.660310724409328, -275.087643821030554 ], [ 812.010765269863896, -272.896962002848738 ], [ 812.583492542591898, -272.496052911939159 ], [ 817.165310724409323, -269.288780184666962 ], [ 819.742583451682094, -268.257871093757842 ], [ 822.319856178954751, -267.355825639212412 ], [ 827.732128906227445, -267.355825639212412 ], [ 832.886674360772986, -267.484689275576045 ], [ 839.072128906227476, -268.257871093757842 ], [ 844.742128906227435, -269.546507457394227 ], [ 849.0, -271.781889781624784 ], [ 849.0, -527.0 ], [ 807.0, -524.0 ], [ 803.0, -503.0 ], [ 772.0, -502.0 ], [ 718.0, -497.0 ], [ 717.0, -433.0 ], [ 678.0, -431.0 ], [ 627.0, -431.0 ], [ 626.0, -307.0 ], [ 625.783500548653478, -272.143588333208243 ] ] ] ] } },
{ "type": "Feature", "properties": { "visible": 1, "color": -32768, "chunks": [ ], "minimapNameVisible": 1, "personal": 0, "announceInChat": 0, "mode": "Vertex", "fullscreenVisible": 1, "announceInTitle": 0, "id": "3648f32e-4e71-498d-b71f-dc760eeb8e5d", "name2": "7ha 16a 42ca", "fullscreenNameVisible": 1, "dimension": "minecraft:overworld", "name1": "50.I.5", "minimapVisible": 1, "fullscreenOwnerVisible": 0, "minimapOwnerVisible": 0, "fid": 15515, "TYPE": "I", "SSTYPE": "5", "SPECIES": "dynamictrees:oak", "SURF": null, "PARFOR": "50" }, "geometry": { "type": "MultiPolygon", "coordinates": [ [ [ [ -1221.080819825946946, 242.818446083808141 ], [ -1238.080825639221075, 247.35775390624849 ], [ -1250.709462002857435, 253.027753906248506 ], [ -1262.049462002857354, 257.924572088066668 ], [ -1275.709007457402777, 264.367753906248481 ], [ -1283.0, 273.0 ], [ -1314.110371093766389, 305.604117542612016 ], [ -1330.862643821039228, 323.64502663352107 ], [ -1338.079007457402895, 330.603662997157414 ], [ -1344.779916548311803, 338.07775390624829 ], [ -1348.38809836649375, 343.232299360793718 ], [ -1354.315825639220975, 351.995026633520979 ], [ -1357.924007457402695, 359.984572088066443 ], [ -1359.470371093766516, 366.943208451702787 ], [ -1359.728098366493668, 375.190481178975517 ], [ -1359.728098366493668, 387.561390269884555 ], [ -1359.985825639221048, 393.489117542611837 ], [ -1361.789916548312249, 405.860026633520874 ], [ -1363.594007457402995, 419.519572088066298 ], [ -1365.140371093766589, 427.509117542611762 ], [ -1364.624916548312058, 439.106844815339002 ], [ -1363.851734730130374, 449.931390269884446 ], [ -1363.851734730130374, 457.405481178975322 ], [ -1363.851734730130374, 463.075481178975338 ], [ -1369.52173473013022, 475.961844815338964 ], [ -1382.665825639221111, 495.291390269884403 ], [ -1386.531734730130211, 497.610935724429851 ], [ -1399.160371093766571, 502.765481178975278 ], [ -1406.63446200285739, 505.858208451702581 ], [ -1407.0, 505.883417968746926 ], [ -1407.0, 574.0 ], [ -1385.0, 577.0 ], [ -1339.976447502036763, 585.269632091462654 ], [ -1336.0, 586.0 ], [ -1294.0, 596.0 ], [ -1288.4775495256863, 597.06573605644644 ], [ -1262.73877476284315, 602.03286802822322 ], [ -1237.0, 607.0 ], [ -1223.0, 612.0 ], [ -1209.0, 619.0 ], [ -1209.0, 605.0 ], [ -1209.265628358245749, 569.140171636827858 ], [ -1210.0, 470.0 ], [ -1213.0, 403.0 ], [ -1217.5, 384.0 ], [ -1222.0, 365.0 ], [ -1224.0, 330.0 ], [ -1223.0, 286.0 ], [ -1221.080819825946946, 242.818446083808141 ] ] ] ] } },
{ "type": "Feature", "properties": { "visible": 1, "color": -32768, "chunks": [ ], "minimapNameVisible": 1, "personal": 0, "announceInChat": 0, "mode": "Vertex", "fullscreenVisible": 1, "announceInTitle": 0, "id": "ae714732-272e-45f1-83c0-fe90d4835f0d", "name2": "13ha 56a 74ca", "fullscreenNameVisible": 1, "dimension": "minecraft:overworld", "name1": "36.II.5", "minimapVisible": 1, "fullscreenOwnerVisible": 0, "minimapOwnerVisible": 0, "fid": 21, "TYPE": "II", "SSTYPE": "5", "SPECIES": "dynamictrees:oak", "SURF": null, "PARFOR": "36" }, "geometry": { "type": "MultiPolygon", "coordinates": [ [ [ [ -615.821599318181597, 2.714948429734676 ], [ -619.655112871900656, 20.293010578495227 ], [ -623.488626425619714, 37.871072727255779 ], [ -626.854638326446093, 53.579128264446041 ], [ -627.976642293388295, 67.04317586775197 ], [ -631.342654194214788, 79.759220826429811 ], [ -638.822680640495832, 86.86524595039684 ], [ -647.798712376033109, 95.841277685934131 ], [ -654.156734855372065, 102.947302809901146 ], [ -659.392753367768819, 109.305325289240074 ], [ -672.482799648760647, 117.533354380149248 ], [ -682.206834028926096, 120.151363636347639 ], [ -687.06885121900882, 123.517375537174118 ], [ -691.556867086777402, 126.135384793372495 ], [ -697.166886921488299, 130.997401983455205 ], [ -706.890921301653634, 136.981423140480047 ], [ -712.874942458678561, 140.347435041306539 ], [ -720.354968904959605, 144.08744826444709 ], [ -733.445015185951434, 150.071469421471932 ], [ -743.917052210745055, 153.437481322298424 ], [ -758.503103780993115, 154.559485289240598 ], [ -773.837157995869347, 158.29949851238112 ], [ -791.7892214669439, 162.787514380149787 ], [ -801.139254524795206, 165.405523636348164 ], [ -808.245279648762335, 168.023532892546541 ], [ -815.351304772729236, 165.77952495866225 ], [ -820.961324607440019, 163.535517024777903 ], [ -833.677369566117932, 163.535517024777903 ], [ -846.019413202481701, 165.031522314034135 ], [ -856.117448904961179, 169.893539504116831 ], [ -873.695511053721702, 176.999564628083846 ], [ -890.525570557854053, 182.2355831404806 ], [ -899.839646235598934, 184.061872489058032 ], [ -899.0, 198.0 ], [ -883.0, 195.0 ], [ -848.0, 202.0 ], [ -828.0, 204.0 ], [ -811.0, 204.0 ], [ -786.0, 203.0 ], [ -751.0, 197.0 ], [ -728.0, 195.0 ], [ -706.0, 195.0 ], [ -682.0, 198.0 ], [ -653.0, 205.0 ], [ -630.0, 211.0 ], [ -614.0, 214.0 ], [ -292.0, 215.0 ], [ -292.0, 110.0 ], [ -292.0, 5.0 ], [ -325.0, 5.0 ], [ -365.0, 2.0 ], [ -466.0, -14.0 ], [ -568.0, -23.0 ], [ -604.69628802801401, -23.797745391913349 ], [ -607.219568904958351, -16.35911900828205 ], [ -610.959582128098873, -8.505091239686919 ], [ -615.821599318181597, 2.714948429734676 ] ] ] ] } },
{ "type": "Feature", "properties": { "visible": 1, "color": -32768, "chunks": [ ], "minimapNameVisible": 1, "personal": 0, "announceInChat": 0, "mode": "Vertex", "fullscreenVisible": 1, "announceInTitle": 0, "id": "a79b17c8-66a3-4965-91b8-56bdf5396b6b", "name2": "6ha 64a 61ca", "fullscreenNameVisible": 1, "dimension": "minecraft:overworld", "name1": "26.III.5", "minimapVisible": 1, "fullscreenOwnerVisible": 0, "minimapOwnerVisible": 0, "fid": 22, "TYPE": "III", "SSTYPE": "5", "SPECIES": "dynamictrees:spruce", "SURF": null, "PARFOR": "26" }, "geometry": { "type": "MultiPolygon", "coordinates": [ [ [ [ 230.729701613750052, 1118.432746155305267 ], [ 229.418265269867533, 1207.391844815336526 ], [ 177.099628906231146, 1208.680481178972968 ], [ 176.62412738194044, 1117.384188515153937 ], [ 86.205459996553003, 1115.631888759623052 ], [ 85.864174360776531, 1118.475935724427018 ], [ 85.348719815321971, 1126.723208451699747 ], [ 84.31781072441288, 1131.104572088063378 ], [ 82.255992542594697, 1138.578662997154424 ], [ 81.482810724412872, 1146.568208451699775 ], [ 80.96735617895834, 1155.588662997154415 ], [ 79.163265269867424, 1166.155481178972423 ], [ 76.58599254259471, 1180.588208451699757 ], [ 74.266447088049233, 1185.485026633517919 ], [ 70.142810724412868, 1196.825026633517837 ], [ 69.627356178958337, 1207.907299360790603 ], [ 68.33871981532198, 1215.639117542608801 ], [ 64.988265269867412, 1230.329572088063287 ], [ 64.730537997140146, 1242.185026633517964 ], [ 59.833719815321984, 1254.298208451699566 ], [ 53.648265269867437, 1268.47320845169952 ], [ 50.813265269867429, 1275.431844815336035 ], [ 48.235992542594715, 1284.96775390624498 ], [ 44.885537997140148, 1292.699572088063178 ], [ 43.081447088049259, 1298.111844815336099 ], [ 41.019628906231077, 1303.008662997154261 ], [ 38.7000834516856, 1306.61684481533598 ], [ 36.122810724412886, 1308.163208451699575 ], [ 33.803265269867438, 1308.936390269881485 ], [ 29.164174360776514, 1310.48275390624508 ], [ 24.782810724412883, 1310.998208451699611 ], [ 21.947810724412875, 1312.286844815336053 ], [ 18.081901633503776, 1312.286844815336053 ], [ 13.44281072441288, 1312.286844815336053 ], [ 8.277821978553401, 1312.631177398393447 ], [ 8.094717971022099, 1360.467099365944478 ], [ 13.0, 1362.0 ], [ 32.0, 1364.0 ], [ 43.0, 1366.0 ], [ 55.0, 1367.0 ], [ 76.0, 1367.0 ], [ 114.0, 1364.0 ], [ 190.0, 1352.0 ], [ 210.0, 1351.0 ], [ 242.0, 1351.0 ], [ 249.0, 1352.0 ], [ 265.0, 1355.0 ], [ 275.0, 1358.0 ], [ 274.0, 1261.0 ], [ 273.140074030612254, 1199.945256173471307 ], [ 272.0, 1119.0 ], [ 260.0, 1119.0 ], [ 230.729701613750052, 1118.432746155305267 ] ] ] ] } },
{ "type": "Feature", "properties": { "visible": 1, "color": -32768, "chunks": [ ], "minimapNameVisible": 1, "personal": 0, "announceInChat": 0, "mode": "Vertex", "fullscreenVisible": 1, "announceInTitle": 0, "id": "f17c2bb0-9806-47ab-9457-dd5cca6a2949", "name2": "4ha 83a 36ca", "fullscreenNameVisible": 1, "dimension": "minecraft:overworld", "name1": "45.IX.", "minimapVisible": 1, "fullscreenOwnerVisible": 0, "minimapOwnerVisible": 0, "fid": 25, "TYPE": "IX", "SSTYPE": null, "SPECIES": "minecraft:water", "SURF": null, "PARFOR": "45" }, "geometry": { "type": "MultiPolygon", "coordinates": [ [ [ [ -967.734962318516523, 1031.0 ], [ -969.077984730131675, 1026.467299360798506 ], [ -970.624348366495383, 1020.281844815344016 ], [ -971.526393821040756, 1013.70979936079857 ], [ -971.526393821040756, 1003.400708451707601 ], [ -972.170712002858977, 999.01934481534397 ], [ -975.263439275586279, 992.318435724434835 ], [ -977.969575639222626, 988.710253906253001 ], [ -980.41798473013182, 980.591844815343848 ], [ -984.155030184677344, 964.612753906252806 ], [ -989.953893821040992, 951.339799360798224 ], [ -992.273439275586497, 943.35025390625276 ], [ -994.464121093768426, 931.494799360798197 ], [ -995.108439275586534, 928.01548117897994 ], [ -1000.134121093768385, 917.83525390625266 ], [ -1004.902075639222971, 909.459117542616241 ], [ -1009.154575639222912, 898.247981178979785 ], [ -1011.860712002859259, 892.577981178979712 ], [ -1014.824575639222871, 882.397753906252433 ], [ -1016.499802911950155, 873.119572088070527 ], [ -1016.570077718117318, 863.0 ], [ -1055.416621093768981, 863.0 ], [ -1077.0, 863.0 ], [ -1077.0, 887.0 ], [ -1047.0, 922.0 ], [ -1024.0, 962.0 ], [ -1006.0, 989.0 ], [ -1000.0, 1005.0 ], [ -996.0, 1024.0 ], [ -996.0, 1031.0 ], [ -967.734962318516523, 1031.0 ] ] ] ] } },
{ "type": "Feature", "properties": { "visible": 1, "color": -32768, "chunks": [ ], "minimapNameVisible": 1, "personal": 0, "announceInChat": 0, "mode": "Vertex", "fullscreenVisible": 1, "announceInTitle": 0, "id": "ea058490-9f0e-4c69-b0fe-3bdfc6cbb157", "name2": "8ha 51a 97ca", "fullscreenNameVisible": 1, "dimension": "minecraft:overworld", "name1": "41.II.5", "minimapVisible": 1, "fullscreenOwnerVisible": 0, "minimapOwnerVisible": 0, "fid": 26, "TYPE": "II", "SSTYPE": "5", "SPECIES": "dynamictrees:oak", "SURF": null, "PARFOR": "41" }, "geometry": { "type": "MultiPolygon", "coordinates": [ [ [ [ -788.626959853649282, 819.781028251135695 ], [ -788.570506181325868, 826.009341012900904 ], [ -785.152365972080929, 1203.119374967654267 ], [ -751.0, 1192.0 ], [ -711.0, 1178.0 ], [ -670.0, 1159.0 ], [ -635.0, 1142.0 ], [ -609.319922105017895, 1130.871966245507792 ], [ -605.0, 1129.0 ], [ -585.0, 1123.0 ], [ -551.0, 1115.0 ], [ -522.0, 1110.0 ], [ -485.0, 1107.0 ], [ -454.0, 1106.0 ], [ -290.0, 1108.0 ], [ -767.0, 835.0 ], [ -788.626959853649282, 819.781028251135695 ] ], [ [ -611.146582789256627, 1049.357648925615194 ], [ -611.520584111570656, 1021.120549090904206 ], [ -553.17637783057819, 1021.307549752061277 ], [ -554.485382458677464, 1049.918650909086409 ], [ -611.146582789256627, 1049.357648925615194 ] ] ] ] } },
{ "type": "Feature", "properties": { "visible": 1, "color": -32768, "chunks": [ ], "minimapNameVisible": 1, "personal": 0, "announceInChat": 0, "mode": "Vertex", "fullscreenVisible": 1, "announceInTitle": 0, "id": "044fa54a-1c36-4f97-8b9b-5dc4947322d8", "name2": "7ha 63a 75ca", "fullscreenNameVisible": 1, "dimension": "minecraft:overworld", "name1": "21.II.5", "minimapVisible": 1, "fullscreenOwnerVisible": 0, "minimapOwnerVisible": 0, "fid": 27, "TYPE": "II", "SSTYPE": "5", "SPECIES": "dynamictrees:oak", "SURF": null, "PARFOR": "21" }, "geometry": { "type": "MultiPolygon", "coordinates": [ [ [ [ 389.0, 516.363658174309535 ], [ 586.0, 517.332906878658036 ], [ 586.0, 352.0 ], [ 572.968719815319218, 361.273208451698224 ], [ 567.814174360773791, 365.654572088061855 ], [ 562.659628906228363, 369.005026633516422 ], [ 558.278265269864733, 371.324572088061871 ], [ 551.835083451682863, 374.932753906243704 ], [ 544.618719815319309, 377.767753906243684 ], [ 538.690992542591971, 376.994572088061886 ], [ 531.474628906228304, 374.675026633516438 ], [ 524.258265269864751, 372.097753906243724 ], [ 515.237810724410224, 366.427753906243709 ], [ 509.825537997137417, 361.273208451698224 ], [ 507.763719815319291, 356.118662997152796 ], [ 507.248265269864703, 349.417753906243661 ], [ 507.248265269864703, 342.716844815334582 ], [ 507.248265269864703, 333.954117542607321 ], [ 512.145083451682922, 313.593662997152762 ], [ 512.145083451682922, 304.830935724425501 ], [ 510.340992542592062, 297.356844815334568 ], [ 510.340992542592062, 288.078662997152776 ], [ 512.918265269864833, 270.810935724425519 ], [ 513.317248505824296, 260.48078614119305 ], [ 480.0, 270.0 ], [ 469.0, 273.0 ], [ 450.0, 278.0 ], [ 414.0, 289.0 ], [ 389.0, 295.0 ], [ 389.0, 388.777813388413961 ], [ 389.0, 516.363658174309535 ] ] ] ] } },
{ "type": "Feature", "properties": { "visible": 1, "color": -32768, "chunks": [ ], "minimapNameVisible": 1, "personal": 0, "announceInChat": 0, "mode": "Vertex", "fullscreenVisible": 1, "announceInTitle": 0, "id": "5ec336b6-8617-4116-819a-5e069b3fcc01", "name2": "8ha 70a 57ca", "fullscreenNameVisible": 1, "dimension": "minecraft:overworld", "name1": "17.III.3", "minimapVisible": 1, "fullscreenOwnerVisible": 0, "minimapOwnerVisible": 0, "fid": 28, "TYPE": "III", "SSTYPE": "3", "SPECIES": "dtterralith:moonlight_spruce", "SURF": null, "PARFOR": "17" }, "geometry": { "type": "MultiPolygon", "coordinates": [ [ [ [ 849.0, -271.781889781624784 ], [ 849.896674360772977, -272.252643821030574 ], [ 856.597583451681999, -273.927871093757858 ], [ 860.978947088045629, -274.701052911939655 ], [ 867.164401633500233, -273.541280184666959 ], [ 869.612810724409428, -272.896962002848852 ], [ 877.21576526986405, -271.350598366485201 ], [ 880.823947088045884, -271.350598366485201 ], [ 885.978492542591312, -271.866052911939732 ], [ 894.612356178954883, -273.412416548303383 ], [ 902.473037997136771, -275.087643821030667 ], [ 909.302810724409483, -276.376280184666996 ], [ 915.359401633500397, -278.566962002848811 ], [ 919.611901633500338, -280.499916548303361 ], [ 926.957128906227695, -282.561734730121543 ], [ 937.39508345168224, -282.948325639212442 ], [ 946.286674360773077, -283.721507457394296 ], [ 953.374174360773168, -285.912189275576111 ], [ 960.203947088045879, -290.035825639212476 ], [ 961.492583451682208, -291.968780184666969 ], [ 965.229628906227731, -295.963552911939701 ], [ 968.580083451682299, -298.79855291193968 ], [ 975.280992542591321, -303.308780184666944 ], [ 983.52826526986405, -308.849916548303327 ], [ 984.718653547893041, -309.863012955136469 ], [ 989.584856178954965, -314.004462002848754 ], [ 995.125992542591348, -319.416734730121505 ], [ 1004.017583451682299, -326.117643821030583 ], [ 1011.620537997136807, -330.241280184666948 ], [ 1013.553492542591243, -332.303098366485131 ], [ 1019.481219815318468, -335.395825639212433 ], [ 1024.966162902785982, -338.564903867526937 ], [ 1025.280083451682231, -338.746280184666944 ], [ 1031.336674360773031, -340.034916548303329 ], [ 1036.104628906227617, -340.034916548303329 ], [ 1042.418947088045797, -338.488552911939678 ], [ 1045.898265269863941, -335.911280184666964 ], [ 1048.733265269863978, -333.205143821030617 ], [ 1050.923947088045679, -328.694916548303297 ], [ 1052.599174360773077, -324.055825639212401 ], [ 1055.563037997136689, -310.396280184666921 ], [ 1059.171219815318409, -306.788098366485087 ], [ 1061.748492542591293, -303.953098366485108 ], [ 1066.2587198153185, -301.762416548303293 ], [ 1066.338861158075133, -301.732363544769555 ], [ 1069.351447088045688, -300.60264382103054 ], [ 1073.990537997136698, -299.571734730121477 ], [ 1077.856447088045797, -299.056280184666889 ], [ 1083.655310724409446, -299.056280184666889 ], [ 1089.583037997136671, -299.70059836648511 ], [ 1095.510765269863896, -299.829462002848743 ], [ 1100.02099254259133, -300.473780184666907 ], [ 1105.690992542591175, -301.762416548303293 ], [ 1106.44564578999325, -302.280315835736019 ], [ 1112.263037997136735, -306.272643821030556 ], [ 1114.711447088045816, -308.463325639212371 ], [ 1116.25781072440941, -310.654007457394187 ], [ 1119.865992542591357, -316.968325639212367 ], [ 1119.737128906227781, -321.865143821030529 ], [ 1119.737128906227781, -330.885598366485056 ], [ 1119.737128906227781, -339.777189275576006 ], [ 1119.865992542591357, -354.467643821030549 ], [ 1119.737128906227781, -363.616962002848766 ], [ 1120.768037997136844, -375.730143821030538 ], [ 1121.006871861764239, -386.0 ], [ 1113.0, -386.0 ], [ 1113.0, -393.0 ], [ 1100.0, -393.0 ], [ 1100.0, -405.0 ], [ 1093.0, -417.0 ], [ 1072.0, -417.0 ], [ 1065.0, -425.0 ], [ 1040.0, -426.0 ], [ 1041.0, -519.0 ], [ 1000.0, -538.0 ], [ 900.0, -536.0 ], [ 854.0, -528.0 ], [ 849.0, -527.0 ], [ 849.0, -271.781889781624784 ] ] ] ] } },
{ "type": "Feature", "properties": { "visible": 1, "color": -32768, "chunks": [ ], "minimapNameVisible": 1, "personal": 0, "announceInChat": 0, "mode": "Vertex", "fullscreenVisible": 1, "announceInTitle": 0, "id": "43b501d3-9a32-437a-92e3-aa63db021ff6", "name2": "8ha 03a 95ca", "fullscreenNameVisible": 1, "dimension": "minecraft:overworld", "name1": "27.III.4", "minimapVisible": 1, "fullscreenOwnerVisible": 0, "minimapOwnerVisible": 0, "fid": 29, "TYPE": "III", "SSTYPE": "4", "SPECIES": "dtterralith:moonlight_spruce", "SURF": null, "PARFOR": "27" }, "geometry": { "type": "MultiPolygon", "coordinates": [ [ [ [ -8.82539708496653, 1344.696688960613301 ], [ -7.478441894644461, 1114.0 ], [ -19.0, 1114.0 ], [ -63.0, 1112.0 ], [ -88.0, 1109.0 ], [ -138.915147118528068, 1109.0 ], [ -172.0, 1109.0 ], [ -290.0, 1108.0 ], [ -292.350598366496342, 1125.176844815336381 ], [ -294.67014382104179, 1131.362299360790985 ], [ -295.701052911950853, 1134.712753906245325 ], [ -297.247416548314504, 1138.578662997154424 ], [ -300.082416548314484, 1142.960026633518282 ], [ -302.144234730132666, 1147.083662997154534 ], [ -303.690598366496317, 1152.753662997154606 ], [ -303.690598366496317, 1158.1659357244273 ], [ -303.432871093769052, 1167.959572088063624 ], [ -302.144234730132666, 1176.722299360790885 ], [ -299.824689275587218, 1186.773662997154588 ], [ -297.50514382104177, 1197.340481178972823 ], [ -296.989689275587182, 1202.752753906245516 ], [ -296.989689275587182, 1206.618662997154615 ], [ -296.216507457405385, 1212.54639026988184 ], [ -294.927871093768999, 1219.247299360790976 ], [ -292.866052911950817, 1227.494572088063705 ], [ -290.804234730132634, 1233.680026633518082 ], [ -288.484689275587186, 1241.66957208806366 ], [ -285.649689275587207, 1250.432299360790921 ], [ -281.010598366496311, 1262.803208451699902 ], [ -277.660143821041743, 1270.5350266335181 ], [ -275.082871093768972, 1277.235935724427236 ], [ -268.897416548314482, 1288.575935724427154 ], [ -263.227416548314466, 1294.245935724427227 ], [ -256.784234730132653, 1301.977753906245425 ], [ -252.918325639223553, 1308.163208451700029 ], [ -250.598780184678105, 1317.441390269881822 ], [ -250.598780184678105, 1321.307299360790921 ], [ -249.31014382104172, 1326.719572088063615 ], [ -245.444234730132621, 1333.935935724427281 ], [ -241.06287109376899, 1340.636844815336417 ], [ -239.258780184678074, 1345.533662997154579 ], [ -236.166052911950828, 1350.430481178972741 ], [ -231.011507457405372, 1351.719117542608956 ], [ -227.145598366496273, 1349.399572088063678 ], [ -221.991052911950817, 1346.306844815336262 ], [ -217.609689275587186, 1343.987299360790985 ], [ -210.135598366496282, 1341.152299360790948 ], [ -203.950143821041735, 1340.121390269881886 ], [ -196.991507457405362, 1340.121390269881886 ], [ -191.06378018467808, 1340.121390269881886 ], [ -176.631052911950775, 1338.575026633518064 ], [ -169.414689275587136, 1335.740026633518028 ], [ -160.909689275587141, 1335.482299360790876 ], [ -154.724234730132594, 1335.482299360790876 ], [ -144.157416548314416, 1335.482299360790876 ], [ -135.394689275587154, 1335.482299360790876 ], [ -129.209234730132607, 1335.482299360790876 ], [ -120.961962002859863, 1336.255481178972559 ], [ -114.776507457405316, 1336.513208451699938 ], [ -105.498325639223495, 1337.544117542609001 ], [ -97.508780184678045, 1338.059572088063533 ], [ -90.807871093768952, 1336.255481178972559 ], [ -84.880143821041685, 1332.905026633517991 ], [ -80.75650745740532, 1331.358662997154397 ], [ -75.344234730132584, 1330.585481178972714 ], [ -69.416507457405316, 1328.265935724427209 ], [ -67.096962002859868, 1327.235026633518146 ], [ -58.849689275587139, 1325.173208451699793 ], [ -53.437416548314417, 1325.688662997154324 ], [ -49.571507457405318, 1325.688662997154324 ], [ -46.73650745740531, 1326.204117542608856 ], [ -39.262416548314405, 1328.523662997154361 ], [ -34.107871093768949, 1332.38957208806346 ], [ -26.376052911950779, 1336.513208451699938 ], [ -24.314234730132597, 1337.544117542609001 ], [ -16.582416548314399, 1341.4100266335181 ], [ -10.396962002859851, 1343.729572088063605 ], [ -8.82539708496653, 1344.696688960613301 ] ] ] ] } },
{ "type": "Feature", "properties": { "visible": 1, "color": -32768, "chunks": [ ], "minimapNameVisible": 1, "personal": 0, "announceInChat": 0, "mode": "Vertex", "fullscreenVisible": 1, "announceInTitle": 0, "id": "2fd4dccf-c47f-4bea-81a0-7d4ade1e5aa1", "name2": "6ha 69a 58ca", "fullscreenNameVisible": 1, "dimension": "minecraft:overworld", "name1": "47.III.4", "minimapVisible": 1, "fullscreenOwnerVisible": 0, "minimapOwnerVisible": 0, "fid": 30, "TYPE": "III", "SSTYPE": "4", "SPECIES": "dtterralith:moonlight_spruce", "SURF": null, "PARFOR": "47" }, "geometry": { "type": "MultiPolygon", "coordinates": [ [ [ [ -997.229747874692748, 812.795645549475125 ], [ -821.206962002857267, 812.29593572443116 ], [ -814.377189275584556, 811.007299360794718 ], [ -810.897871093766298, 807.399117542612885 ], [ -808.836052911948173, 805.98161754261298 ], [ -806.903098366493623, 802.244572088067457 ], [ -806.387643821039092, 799.925026633522066 ], [ -806.258780184675402, 794.641617542612948 ], [ -807.160825639220889, 789.615935724431097 ], [ -809.351507457402704, 782.786162997158385 ], [ -858.657015018718766, 605.970479182773602 ], [ -1160.342638493606046, 605.134784934920731 ], [ -1209.0, 605.0 ], [ -1209.0, 619.0 ], [ -1205.0, 629.0 ], [ -1197.0, 642.0 ], [ -1194.0, 653.0 ], [ -1184.0, 683.0 ], [ -1179.0, 701.0 ], [ -1172.0, 717.0 ], [ -1167.0, 726.0 ], [ -1158.0, 736.0 ], [ -1149.0, 742.0 ], [ -1140.0, 746.0 ], [ -1128.0, 750.0 ], [ -1105.0, 753.0 ], [ -1072.0, 755.0 ], [ -1057.0, 762.0 ], [ -1039.0, 777.0 ], [ -1026.0, 791.0 ], [ -997.229747874692748, 812.795645549475125 ] ] ] ] } },
{ "type": "Feature", "properties": { "visible": 1, "color": -32768, "chunks": [ ], "minimapNameVisible": 1, "personal": 0, "announceInChat": 0, "mode": "Vertex", "fullscreenVisible": 1, "announceInTitle": 0, "id": "c133762b-080a-4902-8396-d4058f81b5dd", "name2": "11ha 42a 88ca", "fullscreenNameVisible": 1, "dimension": "minecraft:overworld", "name1": "32.II.4", "minimapVisible": 1, "fullscreenOwnerVisible": 0, "minimapOwnerVisible": 0, "fid": 31, "TYPE": "II", "SSTYPE": "4", "SPECIES": "dynamictrees:oak", "SURF": null, "PARFOR": "32" }, "geometry": { "type": "MultiPolygon", "coordinates": [ [ [ [ 389.0, 282.0 ], [ 392.0, 1.0 ], [ 292.0, 4.0 ], [ 41.0, 3.0 ], [ 16.0, 4.0 ], [ 0.0, 4.0 ], [ 0.0, 310.0 ], [ 389.0, 282.0 ] ] ] ] } },
{ "type": "Feature", "properties": { "visible": 1, "color": -32768, "chunks": [ ], "minimapNameVisible": 1, "personal": 0, "announceInChat": 0, "mode": "Vertex", "fullscreenVisible": 1, "announceInTitle": 0, "id": "ab314668-8522-4039-92e0-69679e2c7ab6", "name2": "8ha 38a 32ca", "fullscreenNameVisible": 1, "dimension": "minecraft:overworld", "name1": "14.I.4", "minimapVisible": 1, "fullscreenOwnerVisible": 0, "minimapOwnerVisible": 0, "fid": 32, "TYPE": "I", "SSTYPE": "4", "SPECIES": "dynamictrees:oak", "SURF": null, "PARFOR": "14" }, "geometry": { "type": "MultiPolygon", "coordinates": [ [ [ [ 962.0, 422.5 ], [ 952.552945805801414, 411.498393718992304 ], [ 939.088898202495443, 407.758380495851725 ], [ 922.258838698362979, 405.888373884281464 ], [ 907.672787128114919, 402.896363305769057 ], [ 892.338732913238687, 399.156350082628535 ], [ 877.378680020676597, 393.920331570231724 ], [ 865.784639028940887, 392.050324958661463 ], [ 853.068594070263089, 389.432315702463143 ], [ 843.34455969009764, 386.814306446264709 ], [ 832.498521342990102, 383.074293223124187 ], [ 819.034473739684131, 380.45628396692581 ], [ 812.676451260345175, 380.082282644611723 ], [ 808.562436714890623, 380.082282644611723 ], [ 792.480379855386332, 381.204286611553925 ], [ 785.748356053733346, 383.448294545438216 ], [ 780.512337541336592, 387.562309090892882 ], [ 774.902317706625809, 393.172328925603665 ], [ 765.926285971088532, 401.026356694198796 ], [ 760.690267458691778, 406.63637652890958 ], [ 757.324255557865285, 411.498393718992304 ], [ 755.828250268609054, 418.604418842959319 ], [ 752.83623969009659, 429.450457190066913 ], [ 745.356213243815546, 438.052487603290103 ], [ 738.250188119848531, 441.418499504116596 ], [ 733.014169607451777, 442.914504793372828 ], [ 725.908144483484762, 448.150523305769582 ], [ 720.672125971088008, 453.760543140480365 ], [ 714.688104814063081, 463.110576198331728 ], [ 706.460075723153977, 470.964603966926859 ], [ 696.0, 476.0 ], [ 697.0, 485.0 ], [ 704.0, 492.0 ], [ 709.0, 492.0 ], [ 710.0, 498.0 ], [ 722.0, 507.0 ], [ 724.0, 516.0 ], [ 727.0, 523.0 ], [ 733.0, 524.0 ], [ 738.0, 526.0 ], [ 745.0, 537.0 ], [ 754.0, 540.0 ], [ 757.0, 544.0 ], [ 764.0, 549.0 ], [ 762.0, 560.0 ], [ 766.0, 566.0 ], [ 771.0, 568.0 ], [ 780.0, 562.0 ], [ 783.0, 569.0 ], [ 802.0, 594.0 ], [ 823.0, 614.0 ], [ 834.0, 619.0 ], [ 842.0, 627.0 ], [ 858.0, 645.0 ], [ 887.0, 667.0 ], [ 902.0, 683.0 ], [ 949.0, 725.0 ], [ 958.0, 735.0 ], [ 984.0, 737.0 ], [ 997.0, 739.0 ], [ 1022.0, 744.0 ], [ 1040.0, 747.0 ], [ 1040.0, 736.0 ], [ 1040.0, 729.0 ], [ 1039.0, 721.0 ], [ 1028.0, 695.0 ], [ 1013.0, 676.0 ], [ 1004.0, 660.0 ], [ 997.0, 647.0 ], [ 988.0, 620.0 ], [ 983.0, 599.0 ], [ 976.0, 577.0 ], [ 969.0, 561.0 ], [ 966.0, 551.0 ], [ 961.0, 538.0 ], [ 941.0, 511.0 ], [ 936.0, 499.0 ], [ 933.0, 466.0 ], [ 936.504978588737117, 451.980085645051474 ], [ 937.0, 450.0 ], [ 944.0, 437.0 ], [ 953.0, 429.0 ], [ 962.0, 422.5 ] ] ] ] } },
{ "type": "Feature", "properties": { "visible": 1, "color": -32768, "chunks": [ ], "minimapNameVisible": 1, "personal": 0, "announceInChat": 0, "mode": "Vertex", "fullscreenVisible": 1, "announceInTitle": 0, "id": "c44c1eab-18af-414d-9ffe-b2916a7faa75", "name2": "7ha 05a 96ca", "fullscreenNameVisible": 1, "dimension": "minecraft:overworld", "name1": "3.II.1", "minimapVisible": 1, "fullscreenOwnerVisible": 0, "minimapOwnerVisible": 0, "fid": 33, "TYPE": "II", "SSTYPE": "1", "SPECIES": "dynamictrees:oak", "SURF": null, "PARFOR": "3" }, "geometry": { "type": "MultiPolygon", "coordinates": [ [ [ [ 1166.006730822888358, -161.889447505820101 ], [ 1155.110197088047471, -161.462132457394944 ], [ 1143.254742542592794, -162.750768821031329 ], [ 1132.945651633501939, -164.554859730122246 ], [ 1127.791106178956397, -168.936223366485876 ], [ 1125.729287997138272, -173.575314275576773 ], [ 1124.956106178956588, -176.152587002849543 ], [ 1122.636560724411083, -177.4412233664859 ], [ 1120.059287997138426, -179.245314275576789 ], [ 1114.904742542592885, -182.338041548304091 ], [ 1110.523378906229254, -185.946223366485896 ], [ 1100.472015269865551, -189.554405184667729 ], [ 1094.028833451683795, -189.554405184667729 ], [ 1091.451560724411138, -189.554405184667729 ], [ 1077.276560724410956, -186.203950639213218 ], [ 1073.668378906229009, -189.296677911940492 ], [ 1065.678833451683658, -186.461677911940512 ], [ 1058.977924360774523, -182.595768821031413 ], [ 1054.596560724410892, -175.894859730122278 ], [ 1050.988378906229173, -169.451677911940465 ], [ 1048.668833451683668, -164.554859730122274 ], [ 1044.029742542592658, -160.431223366485909 ], [ 1038.617469815319964, -157.08076882103137 ], [ 1034.236106178956334, -156.04985973012225 ], [ 1025.988833451683604, -152.699405184667711 ], [ 1009.494287997138031, -152.699405184667711 ], [ 972.795758804998627, -154.608577223565163 ], [ 968.0, -132.0 ], [ 964.0, -107.0 ], [ 958.0, -80.0 ], [ 952.0, -57.0 ], [ 945.0, -32.0 ], [ 942.0, -15.0 ], [ 942.0, -7.0 ], [ 1248.0, -7.0 ], [ 1248.0, -278.0 ], [ 1239.55495078408444, -278.0 ], [ 1237.067469815319555, -260.687132457395137 ], [ 1237.067469815319555, -251.408950639213316 ], [ 1235.521106178955961, -244.450314275576943 ], [ 1235.521106178955961, -236.97622336648601 ], [ 1235.521106178955961, -227.955768821031455 ], [ 1231.912924360774014, -214.03849609375871 ], [ 1229.593378906228509, -207.595314275576868 ], [ 1228.304742542592294, -199.605768821031404 ], [ 1227.531560724410383, -191.100768821031409 ], [ 1226.50065163350132, -184.657587002849567 ], [ 1222.634742542592221, -172.286677911940444 ], [ 1220.057469815319337, -168.936223366485905 ], [ 1217.737924360773832, -166.358950639213163 ], [ 1214.129742542592112, -161.719859730122266 ], [ 1213.098833451683049, -157.853950639213167 ], [ 1212.84110617895567, -153.472587002849508 ], [ 1211.552469815319455, -148.575768821031318 ], [ 1209.23292436077395, -141.359405184667679 ], [ 1207.686560724410356, -136.462587002849489 ], [ 1204.59383345168294, -132.338950639213124 ], [ 1196.088833451683058, -124.864859730122191 ], [ 1191.192015269864896, -122.287587002849463 ], [ 1183.202469815319319, -120.998950639213092 ], [ 1179.078833451683067, -120.998950639213092 ], [ 1171.604742542592021, -123.8339506392131 ], [ 1168.769742542591985, -127.442132457394933 ], [ 1171.8624698153194, -132.59667791194039 ], [ 1175.986106178955652, -137.235768821031314 ], [ 1178.821106178955688, -142.39031427557677 ], [ 1178.821106178955688, -145.74076882103131 ], [ 1176.759287997137562, -151.15304154830406 ], [ 1173.666560724410147, -154.761223366485865 ], [ 1170.058378906228427, -158.111677911940433 ], [ 1166.192469815319328, -161.719859730122266 ], [ 1166.006730822888358, -161.889447505820101 ] ] ] ] } },
{ "type": "Feature", "properties": { "visible": 1, "color": -32768, "chunks": [ ], "minimapNameVisible": 1, "personal": 1, "announceInChat": 0, "mode": "Vertex", "fullscreenVisible": 1, "announceInTitle": 0, "id": "fbbedf10-91a3-4142-a81e-ddbd82883d07", "name2": "6ha 57a 15ca", "fullscreenNameVisible": 1, "dimension": "minecraft:overworld", "name1": "25.III.4", "minimapVisible": 1, "fullscreenOwnerVisible": 0, "minimapOwnerVisible": 0, "fid": 34, "TYPE": "III", "SSTYPE": "4", "SPECIES": "dynamictrees:spruce", "SURF": null, "PARFOR": "25" }, "geometry": { "type": "MultiPolygon", "coordinates": [ [ [ [ 480.273129704479516, 1198.225676727027121 ], [ 481.170760483476386, 1392.562740379874413 ], [ 483.0, 1394.0 ], [ 491.0, 1399.0 ], [ 499.0, 1400.0 ], [ 507.0, 1400.0 ], [ 512.0, 1399.0 ], [ 512.080686374179095, 1182.545789496280349 ], [ 503.897810724412864, 1184.711844815336235 ], [ 499.516447088049233, 1187.03139026988174 ], [ 495.392810724412868, 1190.124117542608928 ], [ 492.0423561789583, 1193.732299360790876 ], [ 489.207356178958321, 1195.794117542609001 ], [ 485.083719815321956, 1197.598208451699975 ], [ 480.273129704479516, 1198.225676727027121 ] ] ] ] } },
{ "type": "Feature", "properties": { "visible": 1, "color": -32768, "chunks": [ ], "minimapNameVisible": 1, "personal": 0, "announceInChat": 0, "mode": "Vertex", "fullscreenVisible": 1, "announceInTitle": 0, "id": "802530cd-1f6a-4ebd-8240-749f30fa7779", "name2": "8ha 96a 96ca", "fullscreenNameVisible": 1, "dimension": "minecraft:overworld", "name1": "8.VII.", "minimapVisible": 1, "fullscreenOwnerVisible": 0, "minimapOwnerVisible": 0, "fid": 35, "TYPE": "VII", "SSTYPE": null, "SPECIES": "dtru:pine", "SURF": null, "PARFOR": "8" }, "geometry": { "type": "MultiPolygon", "coordinates": [ [ [ [ 1387.38077012948429, 777.446579365865546 ], [ 1040.0, 777.56919876937036 ], [ 1040.0, 891.289344815335198 ], [ 1040.0, 925.769727378186758 ], [ 1310.05247912317509, 925.895041753650048 ], [ 1315.0, 916.0 ], [ 1324.0, 897.0 ], [ 1341.0, 864.0 ], [ 1352.0, 846.0 ], [ 1366.0, 821.0 ], [ 1387.38077012948429, 777.446579365865546 ] ] ] ] } },
{ "type": "Feature", "properties": { "visible": 1, "color": -32768, "chunks": [ ], "minimapNameVisible": 1, "personal": 0, "announceInChat": 0, "mode": "Vertex", "fullscreenVisible": 1, "announceInTitle": 0, "id": "185782fd-d4a1-461f-ba94-a1aa26f4e43b", "name2": "6ha 78a 09ca", "fullscreenNameVisible": 1, "dimension": "minecraft:overworld", "name1": "20.I.5", "minimapVisible": 1, "fullscreenOwnerVisible": 0, "minimapOwnerVisible": 0, "fid": 36, "TYPE": "I", "SSTYPE": "5", "SPECIES": "dynamictrees:oak", "SURF": null, "PARFOR": "20" }, "geometry": { "type": "MultiPolygon", "coordinates": [ [ [ [ 522.969628906228309, -76.347700639210913 ], [ 522.855868532031081, -110.475812898379601 ], [ 501.0, -104.0 ], [ 471.0, -88.0 ], [ 447.0, -51.0 ], [ 427.0, -27.0 ], [ 407.0, -10.0 ], [ 392.0, 1.0 ], [ 389.0, 282.0 ], [ 389.0, 295.0 ], [ 414.0, 289.0 ], [ 450.0, 278.0 ], [ 469.0, 273.0 ], [ 480.0, 270.0 ], [ 513.317248505824296, 260.48078614119305 ], [ 512.660537997137453, 233.44048117897097 ], [ 512.660537997137453, 223.646844815334589 ], [ 515.237810724410224, 214.110935724425531 ], [ 518.330537997137412, 209.214117542607312 ], [ 524.515992542592016, 203.028662997152765 ], [ 530.443719815319241, 198.389572088061868 ], [ 536.886901633501111, 193.235026633516412 ], [ 540.75281072441021, 189.369117542607341 ], [ 544.36099254259193, 183.183662997152794 ], [ 546.165083451682904, 174.936390269880064 ], [ 546.165083451682904, 163.338662997152767 ], [ 546.165083451682904, 156.895481178970954 ], [ 546.422810724410283, 147.101844815334573 ], [ 545.134174360773841, 140.400935724425494 ], [ 541.010537997137476, 134.730935724425478 ], [ 535.855992542592048, 129.318662997152785 ], [ 530.185992542592089, 118.751844815334579 ], [ 528.639628906228381, 103.030481178970945 ], [ 528.381901633501116, 91.432753906243676 ], [ 528.381901633501116, 86.535935724425485 ], [ 529.92826526986471, 73.391844815334579 ], [ 534.051901633501075, 63.855935724425485 ], [ 537.144628906228377, 53.031390269880028 ], [ 539.721901633501147, 41.949117542607297 ], [ 541.268265269864742, 30.866844815334574 ], [ 541.010537997137476, 25.712299360789117 ], [ 537.144628906228263, 15.145481178970925 ], [ 533.794174360773695, 7.671390269880014 ], [ 532.505537997137367, 0.712753906243655 ], [ 531.990083451682835, -8.565427911938166 ], [ 530.701447088046507, -14.23542791193816 ], [ 527.608719815319205, -16.812700639210895 ], [ 520.134628906228272, -22.224973366483624 ], [ 516.526447088046439, -26.090882457392709 ], [ 514.464628906228313, -35.62679154830181 ], [ 514.464628906228313, -45.678155184665442 ], [ 516.526447088046439, -55.729518821029089 ], [ 517.557356178955615, -61.65724609375637 ], [ 517.557356178955615, -68.358155184665463 ], [ 517.557356178955615, -71.708609730120003 ], [ 519.103719815319209, -74.285882457392745 ], [ 522.969628906228309, -76.347700639210913 ] ] ] ] } },
{ "type": "Feature", "properties": { "visible": 1, "color": -32768, "chunks": [ ], "minimapNameVisible": 1, "personal": 0, "announceInChat": 0, "mode": "Vertex", "fullscreenVisible": 1, "announceInTitle": 0, "id": "2c1686d8-168e-45b8-a47e-edb83440bd9b", "name2": "8ha 95a 12ca", "fullscreenNameVisible": 1, "dimension": "minecraft:overworld", "name1": "12.III.5", "minimapVisible": 1, "fullscreenOwnerVisible": 0, "minimapOwnerVisible": 0, "fid": 37, "TYPE": "III", "SSTYPE": "5", "SPECIES": "dynamictrees:spruce", "SURF": null, "PARFOR": "12" }, "geometry": { "type": "MultiPolygon", "coordinates": [ [ [ [ 947.188719815321065, 891.03161754260816 ], [ 953.116447088047948, 865.001162997153187 ], [ 959.301901633502439, 829.950253906244143 ], [ 961.363719815320678, 792.837526633516859 ], [ 961.363719815320678, 759.84843572442594 ], [ 958.0, 735.0 ], [ 942.0, 732.0 ], [ 924.0, 730.0 ], [ 901.0, 724.0 ], [ 878.0, 720.0 ], [ 849.0, 712.0 ], [ 812.0, 704.0 ], [ 794.0, 702.0 ], [ 770.0, 698.0 ], [ 739.0, 691.0 ], [ 737.0, 701.0 ], [ 730.0, 779.0 ], [ 731.0, 800.0 ], [ 731.91748202875408, 817.004642571885142 ], [ 734.0, 841.0 ], [ 739.0, 861.0 ], [ 744.969099440894524, 880.348492412140558 ], [ 748.680604566243801, 892.442319929004498 ], [ 900.99815340908458, 893.422642045451084 ], [ 921.931447088048344, 889.742981178971718 ], [ 930.43644708804834, 890.000708451698983 ], [ 937.910537997139159, 890.000708451698983 ], [ 942.291901633502903, 890.258435724426249 ], [ 947.188719815321065, 891.03161754260816 ] ] ] ] } },
{ "type": "Feature", "properties": { "visible": 1, "color": -32768, "chunks": [ ], "minimapNameVisible": 1, "personal": 0, "announceInChat": 0, "mode": "Vertex", "fullscreenVisible": 1, "announceInTitle": 0, "id": "87e5c789-8dfe-4e38-b49b-80e4deccebff", "name2": "11ha 34a 44ca", "fullscreenNameVisible": 1, "dimension": "minecraft:overworld", "name1": "37.II.5", "minimapVisible": 1, "fullscreenOwnerVisible": 0, "minimapOwnerVisible": 0, "fid": 38, "TYPE": "II", "SSTYPE": "5", "SPECIES": "dynamictrees:oak", "SURF": null, "PARFOR": "37" }, "geometry": { "type": "MultiPolygon", "coordinates": [ [ [ [ -858.0, 403.0 ], [ -293.0, 402.0 ], [ -292.0, 311.0 ], [ -292.0, 215.0 ], [ -614.0, 214.0 ], [ -630.0, 211.0 ], [ -653.0, 205.0 ], [ -682.0, 198.0 ], [ -706.0, 195.0 ], [ -728.0, 195.0 ], [ -751.0, 197.0 ], [ -786.0, 203.0 ], [ -811.0, 204.0 ], [ -828.0, 204.0 ], [ -848.0, 202.0 ], [ -883.0, 195.0 ], [ -899.0, 198.0 ], [ -882.0, 267.0 ], [ -858.0, 403.0 ] ] ] ] } },
{ "type": "Feature", "properties": { "visible": 1, "color": -32768, "chunks": [ ], "minimapNameVisible": 1, "personal": 0, "announceInChat": 0, "mode": "Vertex", "fullscreenVisible": 1, "announceInTitle": 0, "id": "c66487c3-7baf-4b5c-9e44-9236746c99a2", "name2": "12ha 49a 82ca", "fullscreenNameVisible": 1, "dimension": "minecraft:overworld", "name1": "7.I.5", "minimapVisible": 1, "fullscreenOwnerVisible": 0, "minimapOwnerVisible": 0, "fid": 39, "TYPE": "I", "SSTYPE": "5", "SPECIES": "dynamictrees:oak", "SURF": null, "PARFOR": "7" }, "geometry": { "type": "MultiPolygon", "coordinates": [ [ [ [ 1393.0, 766.0 ], [ 1404.0, 742.0 ], [ 1410.0, 731.0 ], [ 1419.0, 705.0 ], [ 1425.0, 683.0 ], [ 1437.0, 659.0 ], [ 1446.0, 645.0 ], [ 1453.0, 632.0 ], [ 1460.0, 616.0 ], [ 1478.0, 591.0 ], [ 1486.0, 581.0 ], [ 1514.0, 567.0 ], [ 1527.0, 560.0 ], [ 1537.0, 558.0 ], [ 1521.0, 554.0 ], [ 1509.0, 550.0 ], [ 1488.0, 548.0 ], [ 1469.0, 544.0 ], [ 1454.0, 540.0 ], [ 1442.0, 538.0 ], [ 1414.0, 537.0 ], [ 1383.0, 534.0 ], [ 1368.102533452209627, 532.935895246586369 ], [ 1341.0, 531.0 ], [ 1281.0, 527.0 ], [ 1202.0, 525.0 ], [ 1177.0, 523.0 ], [ 1156.0, 523.0 ], [ 1153.0, 523.0 ], [ 1137.0, 522.0 ], [ 1118.0, 520.0 ], [ 1102.0, 519.0 ], [ 1078.0, 516.0 ], [ 1050.130275050076079, 514.360604414710338 ], [ 1044.0, 514.0 ], [ 1021.0, 514.0 ], [ 1004.0, 512.0 ], [ 986.0, 509.0 ], [ 963.0, 504.0 ], [ 949.0, 500.0 ], [ 936.0, 499.0 ], [ 941.0, 511.0 ], [ 961.0, 538.0 ], [ 966.0, 551.0 ], [ 969.0, 561.0 ], [ 976.0, 577.0 ], [ 983.0, 599.0 ], [ 988.0, 620.0 ], [ 997.0, 647.0 ], [ 1004.0, 660.0 ], [ 1013.0, 676.0 ], [ 1028.0, 695.0 ], [ 1039.0, 721.0 ], [ 1040.0, 729.0 ], [ 1040.0, 736.0 ], [ 1040.0, 747.0 ], [ 1070.0, 754.0 ], [ 1091.0, 760.0 ], [ 1106.0, 764.0 ], [ 1120.0, 766.0 ], [ 1393.0, 766.0 ] ] ], [ [ [ 1537.0, 563.0 ], [ 1519.0, 573.0 ], [ 1507.0, 578.0 ], [ 1499.0, 582.0 ], [ 1491.0, 589.0 ], [ 1478.0, 604.0 ], [ 1468.0, 621.0 ], [ 1432.0, 692.0 ], [ 1412.0, 749.0 ], [ 1408.0, 757.0 ], [ 1403.0, 766.0 ], [ 1537.0, 766.0 ], [ 1537.0, 563.0 ] ] ] ] } },
{ "type": "Feature", "properties": { "visible": 1, "color": -32768, "chunks": [ ], "minimapNameVisible": 1, "personal": 0, "announceInChat": 0, "mode": "Vertex", "fullscreenVisible": 1, "announceInTitle": 0, "id": "14e71d3d-2f4c-4f2d-a6fd-3a39a1b6bfa2", "name2": "5ha 38ha 52ca", "fullscreenNameVisible": 1, "dimension": "minecraft:overworld", "name1": "13.I.5", "minimapVisible": 1, "fullscreenOwnerVisible": 0, "minimapOwnerVisible": 0, "fid": 40, "TYPE": "I", "SSTYPE": "5", "SPECIES": "dynamictrees:oak", "SURF": null, "PARFOR": "13" }, "geometry": { "type": "MultiPolygon", "coordinates": [ [ [ [ 586.0, 670.0 ], [ 640.0, 676.0 ], [ 689.891273961661341, 682.224940095846705 ], [ 739.0, 691.0 ], [ 770.0, 698.0 ], [ 794.0, 702.0 ], [ 812.0, 704.0 ], [ 849.0, 712.0 ], [ 878.0, 720.0 ], [ 901.0, 724.0 ], [ 924.0, 730.0 ], [ 942.0, 732.0 ], [ 958.0, 735.0 ], [ 949.0, 725.0 ], [ 902.0, 683.0 ], [ 887.0, 667.0 ], [ 858.0, 645.0 ], [ 842.0, 627.0 ], [ 834.0, 619.0 ], [ 823.0, 614.0 ], [ 802.0, 594.0 ], [ 783.0, 569.0 ], [ 780.0, 562.0 ], [ 771.0, 568.0 ], [ 766.0, 566.0 ], [ 762.0, 560.0 ], [ 764.0, 549.0 ], [ 757.0, 544.0 ], [ 754.0, 540.0 ], [ 745.0, 537.0 ], [ 738.0, 526.0 ], [ 733.0, 524.0 ], [ 727.0, 523.0 ], [ 724.0, 516.0 ], [ 722.0, 507.0 ], [ 710.0, 498.0 ], [ 709.0, 492.0 ], [ 704.0, 492.0 ], [ 697.0, 485.0 ], [ 696.0, 476.0 ], [ 680.0, 460.0 ], [ 676.0, 457.0 ], [ 673.0, 449.0 ], [ 657.0, 431.0 ], [ 650.0, 429.0 ], [ 645.0, 425.0 ], [ 641.0, 418.0 ], [ 638.0, 411.0 ], [ 636.0, 406.0 ], [ 631.0, 406.0 ], [ 628.0, 404.0 ], [ 624.0, 399.0 ], [ 622.0, 396.0 ], [ 617.0, 393.0 ], [ 615.0, 388.0 ], [ 611.0, 386.0 ], [ 605.0, 380.0 ], [ 600.0, 374.0 ], [ 595.0, 367.0 ], [ 590.0, 357.0 ], [ 586.0, 352.0 ], [ 586.0, 517.332906878658036 ], [ 586.0, 670.0 ] ] ] ] } },
{ "type": "Feature", "properties": { "visible": 1, "color": -32768, "chunks": [ ], "minimapNameVisible": 1, "personal": 0, "announceInChat": 0, "mode": "Vertex", "fullscreenVisible": 1, "announceInTitle": 0, "id": "6cf36c71-0959-4f9c-9e9e-db7fa975a7a3", "name2": "10ha 37a 51ca", "fullscreenNameVisible": 1, "dimension": "minecraft:overworld", "name1": "5.I.5", "minimapVisible": 1, "fullscreenOwnerVisible": 0, "minimapOwnerVisible": 0, "fid": 41, "TYPE": "I", "SSTYPE": "5", "SPECIES": "dynamictrees:oak", "SURF": null, "PARFOR": "5" }, "geometry": { "type": "MultiPolygon", "coordinates": [ [ [ [ 1402.786106178957425, -7.0 ], [ 1401.239742542593831, 6.576049360787664 ], [ 1397.631560724411884, 17.916049360787682 ], [ 1397.373833451684732, 27.194231178969517 ], [ 1395.569742542593758, 33.379685724424078 ], [ 1394.023378906230164, 40.596049360787724 ], [ 1389.384287997139154, 44.719685724424089 ], [ 1384.487469815320992, 44.977412997151362 ], [ 1379.59065163350283, 45.750594815333187 ], [ 1372.889742542593694, 46.266049360787733 ], [ 1367.992924360775532, 46.523776633515006 ], [ 1363.611560724411902, 46.523776633515006 ], [ 1360.003378906229955, 46.00832208806046 ], [ 1351.498378906230073, 44.719685724424089 ], [ 1346.08610617895738, 43.431049360787725 ], [ 1339.385197088048244, 42.915594815333179 ], [ 1329.333833451684768, 43.173322088060488 ], [ 1326.241106178957352, 44.977412997151397 ], [ 1319.797924360775596, 48.327867542605944 ], [ 1314.385651633502903, 49.616503906242315 ], [ 1306.138378906230173, 49.616503906242315 ], [ 1298.406560724411975, 47.812412997151398 ], [ 1284.489287997139172, 46.008322088060488 ], [ 1275.984287997139063, 46.008322088060488 ], [ 1261.809287997139108, 46.008322088060488 ], [ 1252.788833451684468, 46.523776633515034 ], [ 1248.0, 47.137729640141259 ], [ 1248.0, 69.198017771108695 ], [ 1248.0, 352.0 ], [ 1367.881610503190586, 352.0 ], [ 1537.0, 352.0 ], [ 1537.0, -7.0 ], [ 1402.786106178957425, -7.0 ] ] ] ] } },
{ "type": "Feature", "properties": { "visible": 1, "color": -32768, "chunks": [ ], "minimapNameVisible": 1, "personal": 0, "announceInChat": 0, "mode": "Vertex", "fullscreenVisible": 1, "announceInTitle": 0, "id": "a36633be-7d04-47b0-af0f-8e53dfcc9f8e", "name2": "8ha 07a 23ca", "fullscreenNameVisible": 1, "dimension": "minecraft:overworld", "name1": "42.II.5", "minimapVisible": 1, "fullscreenOwnerVisible": 0, "minimapOwnerVisible": 0, "fid": 42, "TYPE": "II", "SSTYPE": "5", "SPECIES": "dynamictrees:oak", "SURF": null, "PARFOR": "42" }, "geometry": { "type": "MultiPolygon", "coordinates": [ [ [ [ -609.319922105017895, 1130.871966245507792 ], [ -610.0, 1244.0 ], [ -594.0, 1246.0 ], [ -578.0, 1254.0 ], [ -538.0, 1278.0 ], [ -507.0, 1301.0 ], [ -494.0, 1300.0 ], [ -479.0, 1303.0 ], [ -458.0, 1304.0 ], [ -451.0, 1304.0 ], [ -441.0, 1293.0 ], [ -449.0, 1285.0 ], [ -454.0, 1278.0 ], [ -455.0, 1262.0 ], [ -448.0, 1259.0 ], [ -436.0, 1258.0 ], [ -427.0, 1255.0 ], [ -412.0, 1252.0 ], [ -400.0, 1248.0 ], [ -396.0, 1250.0 ], [ -386.0, 1253.0 ], [ -378.0, 1256.0 ], [ -373.0, 1259.0 ], [ -370.0, 1257.0 ], [ -369.0, 1253.0 ], [ -363.0, 1245.0 ], [ -337.0, 1190.0 ], [ -309.0, 1136.0 ], [ -290.0, 1108.0 ], [ -454.0, 1106.0 ], [ -485.0, 1107.0 ], [ -522.0, 1110.0 ], [ -551.0, 1115.0 ], [ -585.0, 1123.0 ], [ -605.0, 1129.0 ], [ -609.319922105017895, 1130.871966245507792 ] ] ] ] } },
{ "type": "Feature", "properties": { "visible": 1, "color": -32768, "chunks": [ ], "minimapNameVisible": 1, "personal": 0, "announceInChat": 0, "mode": "Vertex", "fullscreenVisible": 1, "announceInTitle": 0, "id": "75e30976-06f9-480f-88dc-514f7f435140", "name2": "11ha 36a 604ca", "fullscreenNameVisible": 1, "dimension": "minecraft:overworld", "name1": "46.III.5", "minimapVisible": 1, "fullscreenOwnerVisible": 0, "minimapOwnerVisible": 0, "fid": 43, "TYPE": "III", "SSTYPE": "5", "SPECIES": "dtbwg:fir", "SURF": null, "PARFOR": "46" }, "geometry": { "type": "MultiPolygon", "coordinates": [ [ [ [ -1167.012530184678099, 998.37502663352609 ], [ -1171.071734730127901, 1008.5552539062503 ], [ -1177.64378018467346, 1022.343662997159413 ], [ -1381.0, 1024.0 ], [ -1379.0, 1038.0 ], [ -1363.0, 1065.0 ], [ -1334.0, 1097.0 ], [ -1324.0, 1112.0 ], [ -1316.0, 1119.0 ], [ -1304.0, 1123.0 ], [ -1292.0, 1126.0 ], [ -1289.626280184673078, 1121.053208451705132 ], [ -1288.337643821036863, 1116.92957208806888 ], [ -1285.760371093763979, 1115.640935724432438 ], [ -1278.544007457400539, 1109.713208451705214 ], [ -1278.544007457400539, 1108.424572088068771 ], [ -1280.090371093764134, 1103.527753906250609 ], [ -1278.801734730127691, 1098.630935724432447 ], [ -1278.801734730127691, 1093.476390269886906 ], [ -1281.121280184673196, 1087.806390269887061 ], [ -1284.214007457400385, 1083.940481178977961 ], [ -1284.987189275582296, 1079.816844815341483 ], [ -1283.440825639218701, 1073.889117542614258 ], [ -1279.059462002855071, 1072.858208451705195 ], [ -1275.451280184673124, 1073.115935724432347 ], [ -1271.585371093764024, 1077.497299360796205 ], [ -1269.265825639218747, 1083.167299360796051 ], [ -1261.01855291194579, 1080.332299360796014 ], [ -1257.41037109376407, 1080.847753906250546 ], [ -1253.286734730127819, 1082.909572088068899 ], [ -1249.16309836649134, 1086.002299360796087 ], [ -1241.689007457400521, 1084.971390269887024 ], [ -1242.977643821036736, 1081.878662997159836 ], [ -1245.812643821036772, 1079.043662997159799 ], [ -1248.647643821036809, 1072.858208451705195 ], [ -1244.266280184673178, 1066.672753906250591 ], [ -1239.884916548309548, 1062.033662997159809 ], [ -1239.884916548309548, 1054.30184481534161 ], [ -1236.792189275582359, 1051.466844815341574 ], [ -1233.441734730127791, 1047.858662997159627 ], [ -1231.637643821036818, 1042.188662997159781 ], [ -1228.544916548309629, 1035.745481178978025 ], [ -1224.67900745740053, 1034.199117542614204 ], [ -1219.782189275582368, 1041.67320845170525 ], [ -1217.978098366491395, 1046.05457208806888 ], [ -1210.246280184673196, 1050.178208451705132 ], [ -1204.318552911945972, 1058.167753906250709 ], [ -1204.576280184673124, 1065.126390269886997 ], [ -1207.926734730127691, 1067.188208451705123 ], [ -1218.235825639218547, 1069.250026633523476 ], [ -1224.67900745740053, 1073.889117542614258 ], [ -1226.483098366491276, 1078.78593572443242 ], [ -1224.421280184673151, 1084.713662997159645 ], [ -1225.194462002855062, 1087.03320845170515 ], [ -1232.668552911945881, 1091.930026633523312 ], [ -1238.854007457400485, 1093.476390269886906 ], [ -1242.719916548309584, 1095.022753906250728 ], [ -1249.42082563921872, 1095.795935724432411 ], [ -1257.41037109376407, 1096.569117542614322 ], [ -1262.822643821036763, 1097.600026633523385 ], [ -1270.812189275582341, 1098.373208451705295 ], [ -1270.812189275582341, 1107.90911754261424 ], [ -1268.492643821036836, 1116.15639026988697 ], [ -1264.369007457400357, 1119.249117542614385 ], [ -1260.760825639218638, 1119.764572088068917 ], [ -1251.224916548309466, 1119.764572088068917 ], [ -1238.596280184673105, 1119.764572088068917 ], [ -1236.276734730127828, 1122.084117542614194 ], [ -1239.111734730127637, 1123.888208451705168 ], [ -1246.070371093764152, 1126.723208451705204 ], [ -1253.029007457400439, 1128.269572088068799 ], [ -1256.379462002855007, 1127.496390269887115 ], [ -1264.884462002854889, 1128.269572088068799 ], [ -1264.884462002854889, 1133.42411754261434 ], [ -1266.0, 1140.0 ], [ -1259.0, 1152.0 ], [ -1254.0, 1164.0 ], [ -1246.0, 1187.0 ], [ -1237.0, 1219.0 ], [ -1233.0, 1234.0 ], [ -1228.0, 1242.0 ], [ -1218.0, 1253.0 ], [ -1215.0, 1255.0 ], [ -1211.0, 1256.0 ], [ -1197.907587002857554, 1253.557242542613494 ], [ -1190.0, 1248.0 ], [ -1180.0, 1239.0 ], [ -1171.0, 1229.0 ], [ -1156.0, 1215.0 ], [ -1151.0, 1212.0 ], [ -1124.0, 1211.0 ], [ -1108.0, 1214.0 ], [ -1082.0, 1220.0 ], [ -1070.0, 1232.0 ], [ -1051.0, 1247.0 ], [ -1046.0, 1247.0 ], [ -1043.0, 1246.0 ], [ -1041.68945555617438, 1245.251117460671139 ], [ -1036.0, 1242.0 ], [ -1031.0, 1236.0 ], [ -1024.0, 1225.0 ], [ -1022.0, 1220.0 ], [ -1022.685257457405896, 1183.93866299716251 ], [ -1025.262530184678781, 1142.702299360798861 ], [ -1026.551166548315223, 1113.707981178980617 ], [ -1026.422302911951647, 1105.331844815344311 ], [ -1023.458439275587921, 1099.146390269889935 ], [ -1016.628666548315209, 1083.682753906253538 ], [ -1015.468893821042457, 1077.110708451707978 ], [ -1014.309121093769704, 1070.538662997162646 ], [ -1014.309121093769363, 1060.616162997162519 ], [ -1016.628666548314754, 1044.508208451707787 ], [ -1021.783212002860182, 1034.972299360798843 ], [ -1024.875939275587598, 1030.977526633526168 ], [ -1031.447984730132248, 1020.281844815344471 ], [ -1041.757075639223103, 1007.395481178980845 ], [ -1053.483666548314204, 994.637981178980795 ], [ -1067.143212002859855, 987.421617542617128 ], [ -1075.77707563922354, 982.009344815344321 ], [ -1080.673893821041702, 975.179572088071609 ], [ -1083.637757457405314, 968.092072088071632 ], [ -1086.086166548314395, 962.550935724435249 ], [ -1096.137530184678099, 954.045935724435253 ], [ -1104.642530184677753, 950.051162997162464 ], [ -1110.18366654831425, 949.922299360798775 ], [ -1117.271166548314113, 952.886162997162387 ], [ -1122.683439275587034, 957.525253906253283 ], [ -1126.42048473013233, 963.195253906253356 ], [ -1129.770939275586898, 968.994117542617005 ], [ -1133.379121093768845, 974.277526633526122 ], [ -1140.33775745740536, 985.74639026988973 ], [ -1144.847984730132566, 990.643208451707892 ], [ -1149.615939275587152, 995.540026633526054 ], [ -1153.997302911950783, 998.37502663352609 ], [ -1156.316848366496288, 1000.43684481534433 ], [ -1159.796166548314432, 1001.854344815344348 ], [ -1163.146621093768999, 1001.854344815344348 ], [ -1167.012530184678099, 998.37502663352609 ] ] ] ] } },
{ "type": "Feature", "properties": { "visible": 1, "color": -32768, "chunks": [ ], "minimapNameVisible": 1, "personal": 0, "announceInChat": 0, "mode": "Vertex", "fullscreenVisible": 1, "announceInTitle": 0, "id": "629b99e0-3eb0-49fd-85a9-0ac4753a3f14", "name2": "13ha 30a 54ca", "fullscreenNameVisible": 1, "dimension": "minecraft:overworld", "name1": "35.I.5", "minimapVisible": 1, "fullscreenOwnerVisible": 0, "minimapOwnerVisible": 0, "fid": 44, "TYPE": "I", "SSTYPE": "5", "SPECIES": "dynamictrees:oak", "SURF": null, "PARFOR": "35" }, "geometry": { "type": "MultiPolygon", "coordinates": [ [ [ [ -697.0, -65.398965909091586 ], [ -696.813125000001833, -65.324215909092317 ], [ -689.287488636365424, -67.205625000001405 ], [ -686.778943181819955, -68.459897727274139 ], [ -683.016125000001807, -72.222715909092315 ], [ -678.626170454547264, -79.1212159090923 ], [ -674.863352272729117, -84.138306818183196 ], [ -669.219125000001895, -89.155397727274107 ], [ -665.142738636365493, -94.486056818183187 ], [ -658.871375000001876, -98.562443181819546 ], [ -647.269352272729179, -100.757420454546818 ], [ -641.625125000001844, -100.757420454546818 ], [ -635.353761363638228, -98.562443181819546 ], [ -627.828125000001933, -94.172488636365003 ], [ -625.006011363638208, -87.273988636365019 ], [ -625.319579545456463, -83.197602272728659 ], [ -634.09948863636555, -78.494079545455932 ], [ -637.235170454547301, -73.163420454546852 ], [ -637.548738636365556, -66.264920454546868 ], [ -635.980897727274623, -56.857875000001421 ], [ -635.667329545456482, -46.196556818183254 ], [ -635.980897727274623, -36.475943181819638 ], [ -636.334603896106046, -34.0 ], [ -597.0, -34.0 ], [ -561.0, -32.0 ], [ -531.0, -29.0 ], [ -493.0, -28.0 ], [ -467.0, -26.0 ], [ -450.0, -22.0 ], [ -433.0, -20.0 ], [ -405.0, -15.0 ], [ -396.0, -13.0 ], [ -371.0, -9.0 ], [ -348.0, -8.0 ], [ -319.0, -4.0 ], [ -277.572465909093353, -4.0 ], [ -277.572465909093353, -6.059829545456061 ], [ -276.318193181820675, -16.721147727274229 ], [ -274.436784090911544, -25.501056818183301 ], [ -274.123215909093346, -33.026693181819653 ], [ -275.063920454547883, -41.493034090910555 ], [ -275.063920454547883, -49.332238636365091 ], [ -273.18251136363881, -54.349329545455987 ], [ -273.18251136363881, -59.993556818183251 ], [ -268.792556818184266, -66.578488636365066 ], [ -262.521193181820649, -71.282011363637778 ], [ -257.504102272729767, -74.104125000001417 ], [ -254.043274370631593, -76.547062342658947 ], [ -254.525204545456717, -79.278000000001256 ], [ -259.542295454547627, -81.159409090910344 ], [ -263.932250000002171, -82.727250000001263 ], [ -267.538284090911247, -85.549363636364887 ], [ -268.949340909093053, -89.468965909092148 ], [ -269.419693181820321, -94.486056818183059 ], [ -267.067931818183979, -98.092090909092136 ], [ -264.089034090911241, -103.736318181819399 ], [ -263.932250000002227, -110.948386363637582 ], [ -266.284011363638626, -115.808693181819393 ], [ -265.50009090909316, -120.669000000001205 ], [ -264.716170454547694, -123.020761363637575 ], [ -266.911147727274965, -127.567500000001189 ], [ -268.478988636365898, -130.703181818182998 ], [ -268.478988636365898, -135.093136363637541 ], [ -266.754363636365895, -140.110227272728451 ], [ -265.029738636365892, -144.029829545455698 ], [ -264.089034090911355, -147.949431818182973 ], [ -266.754363636365895, -154.691147727273886 ], [ -266.597579545456824, -158.453965909092034 ], [ -267.381500000002234, -163.157488636364747 ], [ -268.959156432247653, -166.204106603772999 ], [ -279.0, -157.0 ], [ -298.0, -143.0 ], [ -331.0, -128.0 ], [ -349.0, -124.0 ], [ -375.0, -125.0 ], [ -397.0, -124.0 ], [ -423.0, -126.0 ], [ -451.0, -125.0 ], [ -472.0, -122.0 ], [ -474.0, -156.0 ], [ -472.0, -208.0 ], [ -521.0, -254.0 ], [ -595.0, -290.0 ], [ -600.0, -299.0 ], [ -697.0, -289.0 ], [ -697.0, -65.398965909091586 ] ] ] ] } },
{ "type": "Feature", "properties": { "visible": 1, "color": -32768, "chunks": [ ], "minimapNameVisible": 1, "personal": 0, "announceInChat": 0, "mode": "Vertex", "fullscreenVisible": 1, "announceInTitle": 0, "id": "ef5f0406-1042-4cb4-bf47-07226c8942b5", "name2": "8ha 96a 87ca", "fullscreenNameVisible": 1, "dimension": "minecraft:overworld", "name1": "33.II.5", "minimapVisible": 1, "fullscreenOwnerVisible": 0, "minimapOwnerVisible": 0, "fid": 45, "TYPE": "II", "SSTYPE": "5", "SPECIES": "dynamictrees:oak", "SURF": null, "PARFOR": "33" }, "geometry": { "type": "MultiPolygon", "coordinates": [ [ [ [ -292.0, 110.0 ], [ -279.033408574376949, 115.850348429734765 ], [ -271.927383450409934, 123.330374876015838 ], [ -266.69136493801318, 131.184402644610969 ], [ -265.195359648756948, 139.412431735520158 ], [ -262.951351714872601, 151.38047404956987 ], [ -257.715333202475847, 162.226512396677435 ], [ -251.357310723136948, 171.950546776842828 ], [ -242.755280309913701, 183.170586446264451 ], [ -236.771259152888859, 190.650612892545524 ], [ -231.161239318178048, 201.122649917339032 ], [ -228.917231384293842, 206.732669752049901 ], [ -223.681212871897088, 219.074713388413699 ], [ -220.315200971070624, 226.92874115700883 ], [ -211.713170557847377, 235.904772892546134 ], [ -207.599156012392768, 242.262795371885034 ], [ -206.851153367764653, 251.23882710742231 ], [ -202.737138822310072, 261.336862809901788 ], [ -194.883111053714941, 269.938893223125035 ], [ -190.395095185946303, 275.548913057835819 ], [ -181.419063450408999, 285.646948760315297 ], [ -177.305048904954418, 290.882967272712051 ], [ -168.703018491731171, 302.103006942133675 ], [ -159.726986756193867, 311.0 ], [ 0.0, 311.0 ], [ 0.0, 4.0 ], [ -87.0, 3.0 ], [ -292.0, 5.0 ], [ -292.0, 110.0 ] ] ] ] } },
{ "type": "Feature", "properties": { "visible": 1, "color": -32768, "chunks": [ ], "minimapNameVisible": 1, "personal": 0, "announceInChat": 0, "mode": "Vertex", "fullscreenVisible": 1, "announceInTitle": 0, "id": "a6b1cfb8-a5f1-4800-a1e7-700a4410297c", "name2": "9ha 90a 84ca", "fullscreenNameVisible": 1, "dimension": "minecraft:overworld", "name1": "4.I.5", "minimapVisible": 1, "fullscreenOwnerVisible": 0, "minimapOwnerVisible": 0, "fid": 46, "TYPE": "I", "SSTYPE": "5", "SPECIES": "dynamictrees:oak", "SURF": null, "PARFOR": "4" }, "geometry": { "type": "MultiPolygon", "coordinates": [ [ [ [ 1248.0, 69.198017771108695 ], [ 1244.026106178957434, 70.234685724424139 ], [ 1232.428378906230137, 71.52332208806051 ], [ 1219.284287997139245, 71.007867542605965 ], [ 1209.490651633502921, 69.203776633515048 ], [ 1201.501106178957343, 67.657412997151411 ], [ 1186.552924360775705, 67.657412997151411 ], [ 1178.821106178957507, 70.234685724424139 ], [ 1168.769742542593804, 73.327412997151413 ], [ 1158.976106178957252, 75.389231178969595 ], [ 1151.502015269866433, 76.420140269878701 ], [ 1139.646560724411756, 77.966503906242338 ], [ 1135.265197088047898, 79.770594815333254 ], [ 1130.110651633502357, 82.863322088060528 ], [ 1123.15201526986607, 88.79104936078781 ], [ 1118.770651633502439, 95.491958451696917 ], [ 1117.482015269865997, 100.388776633515107 ], [ 1116.966560724411465, 105.543322088060563 ], [ 1112.069742542593303, 111.728776633515125 ], [ 1105.111106178957016, 116.110140269878769 ], [ 1095.575197088047844, 119.460594815333309 ], [ 1091.709287997138745, 120.233776633515134 ], [ 1081.14246981532051, 120.74923117896968 ], [ 1075.472469815320437, 120.74923117896968 ], [ 1054.338833451684195, 121.00695845169696 ], [ 1021.09201526986601, 125.903776633515179 ], [ 1013.617924360775078, 126.41923117896971 ], [ 1002.02019708804778, 128.223322088060627 ], [ 991.195651633502393, 128.223322088060627 ], [ 983.765880943355683, 128.223322088060627 ], [ 983.189504090381547, 128.223322088060627 ], [ 985.0, 138.0 ], [ 986.0, 173.0 ], [ 983.0, 181.0 ], [ 976.0, 200.0 ], [ 968.0, 216.0 ], [ 965.0, 228.0 ], [ 965.0, 237.0 ], [ 969.0, 260.0 ], [ 976.0, 301.0 ], [ 987.0, 338.0 ], [ 990.0, 352.0 ], [ 1119.028378906229364, 352.0 ], [ 1155.367924360775078, 352.0 ], [ 1248.0, 352.0 ], [ 1248.0, 69.198017771108695 ] ] ] ] } },
{ "type": "Feature", "properties": { "visible": 1, "color": -32768, "chunks": [ ], "minimapNameVisible": 1, "personal": 0, "announceInChat": 0, "mode": "Vertex", "fullscreenVisible": 1, "announceInTitle": 0, "id": "011d4983-4972-4a29-91ae-0421bfe1b056", "name2": "10ha 11a 66ca", "fullscreenNameVisible": 1, "dimension": "minecraft:overworld", "name1": "6.II.7", "minimapVisible": 1, "fullscreenOwnerVisible": 0, "minimapOwnerVisible": 0, "fid": 47, "TYPE": "II", "SSTYPE": "7", "SPECIES": "dynamictrees:oak", "SURF": null, "PARFOR": "6" }, "geometry": { "type": "MultiPolygon", "coordinates": [ [ [ [ 1155.367924360775078, 352.0 ], [ 1155.36792436077485, 523.0 ], [ 1177.0, 523.0 ], [ 1202.0, 525.0 ], [ 1281.0, 527.0 ], [ 1341.0, 531.0 ], [ 1368.102533452209627, 532.935895246586369 ], [ 1367.881610503190586, 352.0 ], [ 1155.367924360775078, 352.0 ] ] ] ] } },
{ "type": "Feature", "properties": { "visible": 1, "color": -32768, "chunks": [ ], "minimapNameVisible": 1, "personal": 0, "announceInChat": 0, "mode": "Vertex", "fullscreenVisible": 1, "announceInTitle": 0, "id": "0892050e-6e15-43ef-886c-13876b915e63", "name2": "11ha 86a 43ca", "fullscreenNameVisible": 1, "dimension": "minecraft:overworld", "name1": "9.I.5", "minimapVisible": 1, "fullscreenOwnerVisible": 0, "minimapOwnerVisible": 0, "fid": 48, "TYPE": "I", "SSTYPE": "5", "SPECIES": "dynamictrees:oak", "SURF": null, "PARFOR": "9" }, "geometry": { "type": "MultiPolygon", "coordinates": [ [ [ [ 1509.066913409113795, 1065.720206776851455 ], [ 1486.25283274795629, 1050.01215123966108 ], [ 1479.894810268617448, 1055.996172396685779 ], [ 1476.902799690104985, 1063.476198842966824 ], [ 1475.032793078534723, 1069.46021999999175 ], [ 1472.788785144650546, 1073.574234545446416 ], [ 1470.918778533080285, 1075.444241157016677 ], [ 1469.048771921510024, 1076.940246446272795 ], [ 1467.178765309939763, 1074.696238512388618 ], [ 1467.178765309939763, 1073.200233223132273 ], [ 1467.178765309939763, 1069.086218677677834 ], [ 1467.178765309939763, 1067.216212066107573 ], [ 1468.674770599195881, 1063.476198842966824 ], [ 1469.796774566138083, 1056.370173718999922 ], [ 1470.170775888452226, 1050.760153884289139 ], [ 1470.170775888452226, 1045.898136694206414 ], [ 1470.170775888452226, 1039.166112892553429 ], [ 1471.292779855394201, 1034.304095702470704 ], [ 1471.292779855394201, 1024.580061322305255 ], [ 1474.284790433906664, 1013.734022975197831 ], [ 1476.528798367791069, 1008.872005785115107 ], [ 1485.130828781014316, 997.277964793379397 ], [ 1492.236853904981217, 990.919942314040441 ], [ 1503.830894896716927, 988.67593438015615 ], [ 1508.318910764485508, 987.179929090899918 ], [ 1515.424935888452637, 986.431926446271859 ], [ 1522.530961012419539, 988.30193305784212 ], [ 1522.530961012419539, 1012.2380176859416 ], [ 1517.294942500022898, 1016.352032231396151 ], [ 1512.432925309940174, 1020.466046776850703 ], [ 1508.318910764485508, 1024.206059999991339 ], [ 1503.456893574402784, 1028.320074545445777 ], [ 1502.708890929774725, 1029.44207851238798 ], [ 1521.034955723163421, 1040.288116859495631 ], [ 1510.188917376055997, 1055.996172396685779 ], [ 1520.386908888508287, 1064.462429501363204 ], [ 1525.896972913246373, 1063.850200165281194 ], [ 1537.0, 1063.679384363946383 ], [ 1537.0, 766.0 ], [ 1403.0, 766.0 ], [ 1376.0, 821.0 ], [ 1327.0, 909.0 ], [ 1300.0, 968.0 ], [ 1278.0, 1004.0 ], [ 1224.0, 1079.0 ], [ 1204.0, 1111.0 ], [ 1179.0, 1146.0 ], [ 1246.0, 1184.0 ], [ 1313.168197225383665, 1217.584098612691832 ], [ 1330.0, 1226.0 ], [ 1419.0, 1303.0 ], [ 1425.0, 1290.0 ], [ 1429.0, 1277.0 ], [ 1435.0, 1271.0 ], [ 1441.0, 1262.0 ], [ 1463.0, 1247.0 ], [ 1478.0, 1239.0 ], [ 1492.0, 1233.0 ], [ 1484.7568274587004, 1226.540775371894597 ], [ 1478.024803657047414, 1223.548764793382134 ], [ 1468.300769276881965, 1220.930755537183813 ], [ 1461.56874547522898, 1218.312746280985493 ], [ 1456.706728285146255, 1211.580722479332508 ], [ 1453.714717706633792, 1203.72669471073732 ], [ 1445.860689938038831, 1199.986681487596798 ], [ 1431.648639690104574, 1198.864677520654595 ], [ 1424.168613243823529, 1201.108685454539 ], [ 1421.924605309939352, 1200.734684132224857 ], [ 1420.428600020683007, 1193.628659008257728 ], [ 1423.42061059919547, 1185.026628595034708 ], [ 1431.274638367790658, 1178.294604793381723 ], [ 1438.380663491757787, 1173.058586280984855 ], [ 1450.348705805807413, 1163.334551900819406 ], [ 1456.332726962832339, 1155.480524132224218 ], [ 1465.308758698369502, 1134.536450082637202 ], [ 1474.284790433906892, 1121.820405123959517 ], [ 1477.276801012419355, 1108.356357520653546 ], [ 1479.894810268617675, 1097.136317851231979 ], [ 1484.7568274587004, 1085.916278181810412 ], [ 1488.870842004154838, 1078.810253057843283 ], [ 1497.098871095064169, 1070.956225289248096 ], [ 1509.066913409113795, 1065.720206776851455 ] ] ] ] } },
{ "type": "Feature", "properties": { "visible": 1, "color": -32768, "chunks": [ ], "minimapNameVisible": 1, "personal": 0, "announceInChat": 0, "mode": "Vertex", "fullscreenVisible": 1, "announceInTitle": 0, "id": "8657bdb9-971d-4677-a837-4f6211bc4cf6", "name2": "8ha 36a 78ca", "fullscreenNameVisible": 1, "dimension": "minecraft:overworld", "name1": "15.I.5", "minimapVisible": 1, "fullscreenOwnerVisible": 0, "minimapOwnerVisible": 0, "fid": 49, "TYPE": "I", "SSTYPE": "5", "SPECIES": "dynamictrees:oak", "SURF": null, "PARFOR": "15" }, "geometry": { "type": "MultiPolygon", "coordinates": [ [ [ [ 618.328719815319232, 142.978208451698208 ], [ 613.689628906228336, 153.802753906243652 ], [ 612.400992542592007, 160.761390269880025 ], [ 612.400992542592007, 169.008662997152726 ], [ 612.400992542592007, 181.637299360789115 ], [ 613.43190163350107, 197.616390269880014 ], [ 614.720537997137512, 214.884117542607299 ], [ 614.720537997137512, 225.966390269880037 ], [ 612.143265269864742, 235.244572088061858 ], [ 610.596901633501147, 242.460935724425497 ], [ 609.565992542592085, 249.419572088061841 ], [ 608.535083451682908, 259.728662997152753 ], [ 608.019628906228377, 268.233662997152749 ], [ 605.700083451682985, 284.728208451698208 ], [ 603.63826526986486, 289.625026633516427 ], [ 601.576447088046621, 295.295026633516386 ], [ 599.514628906228381, 299.418662997152751 ], [ 597.19508345168299, 304.31548117897097 ], [ 595.463450816750651, 317.639984701696903 ], [ 604.926901633501302, 316.428662997152799 ], [ 641.524174360773941, 315.397753906243736 ], [ 689.203719815319459, 313.593662997152762 ], [ 706.729174360773982, 314.624572088061882 ], [ 720.646447088046671, 316.170935724425476 ], [ 741.006901633501229, 322.356390269880023 ], [ 771.676447088046757, 333.696390269880055 ], [ 788.42871981531971, 337.82002663351642 ], [ 810.593265269865242, 339.108662997152805 ], [ 852.860537997137953, 338.077753906243686 ], [ 887.911447088046998, 339.624117542607337 ], [ 917.807810724410615, 344.263208451698233 ], [ 932.347643116908785, 352.0 ], [ 990.0, 352.0 ], [ 987.0, 338.0 ], [ 976.0, 301.0 ], [ 969.0, 260.0 ], [ 965.0, 237.0 ], [ 965.0, 228.0 ], [ 968.0, 216.0 ], [ 976.0, 200.0 ], [ 983.0, 181.0 ], [ 986.0, 173.0 ], [ 985.0, 138.0 ], [ 619.617356178955561, 138.0 ], [ 618.328719815319232, 142.978208451698208 ] ], [ [ 644.101447088046712, 245.811390269880036 ], [ 642.555083451683117, 245.03820845169821 ], [ 641.78190163350132, 244.522753906243679 ], [ 640.750992542592257, 244.007299360789148 ], [ 639.977810724410347, 242.203208451698231 ], [ 638.946901633501284, 240.399117542607314 ], [ 639.20462890622855, 237.564117542607306 ], [ 641.524174360774055, 235.502299360789124 ], [ 643.070537997137649, 234.729117542607298 ], [ 644.616901633501357, 233.955935724425501 ], [ 647.194174360774014, 231.378662997152759 ], [ 649.513719815319519, 228.285935724425485 ], [ 652.348719815319441, 221.069572088061875 ], [ 652.348719815319441, 216.172753906243656 ], [ 651.575537997137644, 210.502753906243669 ], [ 647.194174360774014, 206.894572088061864 ], [ 641.524174360774055, 205.863662997152744 ], [ 636.885083451683158, 205.863662997152744 ], [ 632.761447088046793, 205.090481178970947 ], [ 631.988265269864996, 203.801844815334562 ], [ 634.307810724410388, 199.420481178970931 ], [ 636.885083451683158, 196.070026633516392 ], [ 640.235537997137726, 193.235026633516384 ], [ 642.555083451683117, 191.430935724425495 ], [ 643.328265269864914, 188.080481178970956 ], [ 643.328265269864914, 183.441390269880031 ], [ 640.493265269864878, 178.802299360789107 ], [ 638.173719815319487, 175.451844815334596 ], [ 635.854174360773982, 171.585935724425497 ], [ 631.472810724410351, 168.750935724425489 ], [ 627.349174360773986, 166.43139026988004 ], [ 625.545083451683126, 162.823208451698207 ], [ 628.122356178955897, 160.245935724425493 ], [ 636.111901633501247, 161.276844815334584 ], [ 639.20462890622855, 163.596390269880033 ], [ 642.555083451683117, 168.750935724425489 ], [ 644.874628906228622, 174.16320845169821 ], [ 646.163265269864951, 179.060026633516401 ], [ 648.482810724410456, 187.307299360789131 ], [ 652.090992542592176, 192.461844815334587 ], [ 655.183719815319478, 195.55457208806186 ], [ 657.245537997137717, 196.843208451698217 ], [ 661.626901633501348, 199.935935724425491 ], [ 664.204174360774005, 200.709117542607316 ], [ 667.554628906228572, 199.935935724425491 ], [ 672.966901633501266, 199.678208451698197 ], [ 673.997810724410442, 198.647299360789134 ], [ 677.605992542592276, 194.781390269880035 ], [ 678.121447088046807, 194.265935724425503 ], [ 681.987356178955906, 193.750481178970944 ], [ 683.5337198153195, 196.843208451698217 ], [ 683.275992542592235, 203.028662997152765 ], [ 681.214174360773995, 206.894572088061864 ], [ 676.317356178955833, 214.110935724425474 ], [ 671.935992542592203, 219.265481178970958 ], [ 666.52371981531951, 227.255026633516422 ], [ 662.915537997137676, 231.120935724425493 ], [ 658.018719815319514, 236.790935724425481 ], [ 653.895083451683149, 239.883662997152783 ], [ 648.740537997137608, 244.522753906243679 ], [ 644.101447088046712, 245.811390269880036 ] ] ] ] } },
{ "type": "Feature", "properties": { "visible": 1, "color": -32768, "chunks": [ ], "minimapNameVisible": 1, "personal": 0, "announceInChat": 0, "mode": "Vertex", "fullscreenVisible": 1, "announceInTitle": 0, "id": "6ccadf7a-9584-420f-abff-fa338434b981", "name2": "8ha 22a 66ca", "fullscreenNameVisible": 1, "dimension": "minecraft:overworld", "name1": "43.III.6", "minimapVisible": 1, "fullscreenOwnerVisible": 0, "minimapOwnerVisible": 0, "fid": 50, "TYPE": "III", "SSTYPE": "6", "SPECIES": "dtbwg:fir", "SURF": null, "PARFOR": "43" }, "geometry": { "type": "MultiPolygon", "coordinates": [ [ [ [ -804.483015659262946, 1039.104620602688556 ], [ -927.415739396960475, 1039.336569138042705 ], [ -928.099348366495178, 1065.384117542616195 ], [ -929.516848366495196, 1086.131162997161937 ], [ -933.382757457404296, 1098.11548117898019 ], [ -938.150712002858882, 1108.295708451707242 ], [ -942.789802911949778, 1116.156390269889243 ], [ -948.975257457404382, 1123.243890269889334 ], [ -951.423666548313463, 1129.815935724434667 ], [ -952.067984730131684, 1135.485935724434739 ], [ -953.614348366495392, 1146.439344815343929 ], [ -953.227757457404323, 1195.922981178980081 ], [ -949.104121093767958, 1245.148890269889534 ], [ -948.866218995865893, 1247.210708451707205 ], [ -942.532075639221944, 1247.210708451707205 ], [ -935.057984730131011, 1247.597299360798161 ], [ -927.841621093767344, 1250.303435724434621 ], [ -920.882984730131056, 1248.757072088071027 ], [ -913.280030184676434, 1244.504572088070972 ], [ -909.671848366494714, 1235.999572088071091 ], [ -906.321393821040147, 1216.02570845170726 ], [ -904.517302911949173, 1199.015708451707269 ], [ -903.615257457403686, 1180.58820845170726 ], [ -903.615257457403686, 1173.500708451707396 ], [ -903.615257457403686, 1169.634799360798297 ], [ -903.615257457403686, 1164.35139026988918 ], [ -903.615257457403686, 1161.258662997161764 ], [ -903.48639382104011, 1158.552526633525531 ], [ -902.584348366494623, 1156.10411754261645 ], [ -899.620484730131011, 1155.202072088070963 ], [ -896.398893821040019, 1155.202072088070963 ], [ -893.563893821040097, 1155.717526633525495 ], [ -888.538212002858245, 1157.650481178980044 ], [ -886.34753018467643, 1158.939117542616486 ], [ -882.352757457403754, 1161.258662997161764 ], [ -880.033212002858249, 1162.805026633525586 ], [ -877.713666548312858, 1163.320481178980117 ], [ -874.749802911949132, 1164.995708451707287 ], [ -868.693212002858218, 1168.346162997161855 ], [ -860.445939275585488, 1171.825481178979999 ], [ -857.482075639221875, 1171.954344815343802 ], [ -854.518212002858263, 1172.469799360798334 ], [ -849.750257457403677, 1172.985253906252865 ], [ -847.17298473013102, 1175.047072088070991 ], [ -844.466848366494673, 1176.464572088071009 ], [ -841.245257457403682, 1178.65525390625271 ], [ -838.796848366494601, 1179.557299360798197 ], [ -835.832984730130988, 1180.330481178980108 ], [ -831.838212002858313, 1181.103662997162019 ], [ -828.10116654831279, 1181.103662997162019 ], [ -824.106393821040115, 1181.361390269889171 ], [ -820.240484730131016, 1181.876844815343702 ], [ -815.730257457403695, 1182.392299360798233 ], [ -811.60662109376733, 1182.650026633525613 ], [ -803.842415570934918, 1182.900720697320821 ], [ -804.483015659262946, 1039.104620602688556 ] ] ] ] } },
{ "type": "Feature", "properties": { "visible": 1, "color": -32768, "chunks": [ ], "minimapNameVisible": 1, "personal": 0, "announceInChat": 0, "mode": "Vertex", "fullscreenVisible": 1, "announceInTitle": 0, "id": "06c96f5f-c6de-4467-9195-d2b591400b06", "name2": "11ha 47a 37ca", "fullscreenNameVisible": 1, "dimension": "minecraft:overworld", "name1": "51.I.5", "minimapVisible": 1, "fullscreenOwnerVisible": 0, "minimapOwnerVisible": 0, "fid": 51, "TYPE": "I", "SSTYPE": "5", "SPECIES": "dynamictrees:oak", "SURF": null, "PARFOR": "51" }, "geometry": { "type": "MultiPolygon", "coordinates": [ [ [ [ -1132.412643821038955, 261.790481178975597 ], [ -1152.773098366493741, 259.342072088066686 ], [ -1186.793098366493723, 253.156617542612139 ], [ -1221.080819825946946, 242.818446083808141 ], [ -1223.0, 286.0 ], [ -1224.0, 330.0 ], [ -1222.0, 365.0 ], [ -1217.5, 384.0 ], [ -1213.0, 403.0 ], [ -1073.0, 403.0 ], [ -1047.90124296115664, 403.0 ], [ -1047.104916548311621, 398.64366299715698 ], [ -1044.785371093766116, 394.520026633520615 ], [ -1038.34218927558436, 387.045935724429683 ], [ -1035.249462002856944, 382.149117542611521 ], [ -1031.383552911947845, 376.736844815338827 ], [ -1027.259916548311594, 368.747299360793363 ], [ -1025.198098366493468, 360.50002663352069 ], [ -1025.45582563922062, 355.860935724429737 ], [ -1026.229007457402531, 351.737299360793429 ], [ -1029.837189275584251, 347.355935724429798 ], [ -1030.868098366493541, 343.232299360793434 ], [ -1031.641280184675225, 334.211844815338907 ], [ -1033.960825639220729, 332.150026633520724 ], [ -1039.888552911947954, 328.799572088066157 ], [ -1044.527643821038964, 326.222299360793443 ], [ -1049.682189275584051, 330.345935724430035 ], [ -1052.259462002856708, 332.407753906248217 ], [ -1061.279916548311348, 337.046844815339114 ], [ -1065.145825639220448, 339.108662997157296 ], [ -1070.558098366493141, 341.170481178975479 ], [ -1072.362189275584115, 340.655026633520947 ], [ -1073.650825639220329, 335.500481178975519 ], [ -1071.846734730129583, 329.830481178975504 ], [ -1070.558098366493141, 325.964572088066461 ], [ -1067.723098366493105, 320.03684481533918 ], [ -1065.919007457402586, 316.686390269884612 ], [ -1064.630371093766144, 307.408208451702819 ], [ -1064.372643821038992, 301.222753906248272 ], [ -1063.599462002857081, 296.841390269884641 ], [ -1063.85718927558446, 288.07866299715738 ], [ -1064.888098366493523, 285.501390269884666 ], [ -1067.723098366493559, 281.377753906248302 ], [ -1071.331280184675279, 279.315935724430119 ], [ -1075.197189275584378, 278.285026633521056 ], [ -1078.547643821038946, 279.573662997157385 ], [ -1081.640371093766134, 281.377753906248302 ], [ -1090.660825639220775, 285.243662997157401 ], [ -1096.073098366493468, 290.398208451702828 ], [ -1099.939007457402568, 296.068208451702844 ], [ -1101.485371093766162, 298.13002663352097 ], [ -1101.485371093766162, 301.738208451702803 ], [ -1101.485371093766162, 307.150481178975497 ], [ -1102.000825639220693, 310.243208451702799 ], [ -1103.289462002857135, 313.335935724430044 ], [ -1101.485371093766616, 316.17093572443008 ], [ -1100.58332563922113, 320.552299360793711 ], [ -1100.32559836649375, 324.547072088066443 ], [ -1100.32559836649375, 327.768662997157321 ], [ -1100.32559836649375, 331.376844815339155 ], [ -1101.356507457402813, 333.825253906248236 ], [ -1103.933780184675697, 335.500481178975519 ], [ -1107.155371093766462, 337.9488902698846 ], [ -1110.634689275584606, 341.170481178975535 ], [ -1112.309916548312003, 344.263208451702781 ], [ -1114.242871093766553, 345.680708451702799 ], [ -1118.495371093766607, 347.355935724430026 ], [ -1122.232416548311903, 348.12911754261188 ], [ -1125.06741654831194, 348.257981178975513 ], [ -1128.675598366493887, 347.742526633520981 ], [ -1131.252871093766544, 346.711617542611862 ], [ -1133.959007457402777, 345.036390269884578 ], [ -1135.634234730130174, 343.361162997157351 ], [ -1137.6960529119483, 341.041617542611903 ], [ -1141.046507457402868, 336.402526633520949 ], [ -1141.561962002857399, 332.021162997157376 ], [ -1140.144462002857381, 328.541844815339175 ], [ -1140.144462002857381, 326.608890269884625 ], [ -1141.433098366493823, 323.000708451702792 ], [ -1142.206280184675506, 319.521390269884648 ], [ -1141.948552911948354, 316.815253906248302 ], [ -1139.242416548311894, 314.109117542611898 ], [ -1132.154916548311576, 310.500935724430065 ], [ -1130.09309836649345, 301.480481178975538 ], [ -1127.773552911947945, 297.872299360793704 ], [ -1125.969462002856972, 292.717753906248277 ], [ -1124.423098366493377, 289.109572088066443 ], [ -1123.649916548311694, 285.759117542611932 ], [ -1123.649916548311694, 282.150935724430099 ], [ -1123.649916548311694, 278.542753906248322 ], [ -1125.969462002856972, 273.130481178975572 ], [ -1127.515825639220566, 270.295481178975592 ], [ -1131.124007457402513, 265.914117542611962 ], [ -1132.412643821038955, 261.790481178975597 ] ] ] ] } },
{ "type": "Feature", "properties": { "visible": 1, "color": -32768, "chunks": [ ], "minimapNameVisible": 1, "personal": 0, "announceInChat": 0, "mode": "Vertex", "fullscreenVisible": 1, "announceInTitle": 0, "id": "0bf595c5-3282-48fa-a164-4bd3a42187e9", "name2": "10ha 71a 91ca", "fullscreenNameVisible": 1, "dimension": "minecraft:overworld", "name1": "16.I.5", "minimapVisible": 1, "fullscreenOwnerVisible": 0, "minimapOwnerVisible": 0, "fid": 52, "TYPE": "I", "SSTYPE": "5", "SPECIES": "dynamictrees:oak", "SURF": null, "PARFOR": "16" }, "geometry": { "type": "MultiPolygon", "coordinates": [ [ [ [ 983.143393942143575, 127.974327287575775 ], [ 981.351047623983845, 127.257388760311869 ], [ 972.749017210760712, 120.525364958658912 ], [ 964.520988119851495, 115.289346446262158 ], [ 959.284969607454741, 107.809319999981071 ], [ 957.788964318198282, 106.31331471072491 ], [ 957.788964318198282, 103.321304132212489 ], [ 954.796953739685932, 100.703294876014112 ], [ 949.560935227289065, 95.841277685931402 ], [ 942.828911425636193, 90.231257851220604 ], [ 935.348884979355034, 83.499234049567633 ], [ 920.014830764478916, 73.401198347088183 ], [ 908.420789772743206, 65.92117190080711 ], [ 900.940763326462161, 59.93715074378224 ], [ 893.460736880181003, 50.96111900824495 ], [ 886.354711756214101, 37.123070082624963 ], [ 883.736702500015667, 31.887051570228209 ], [ 878.874685309932943, 23.65902247931902 ], [ 877.004678698362682, 20.293010578492527 ], [ 875.50867340910645, 13.934988099153628 ], [ 871.020657541337869, -10.749099173573928 ], [ 871.020657541337869, -23.839145454565806 ], [ 865.410637706626972, -37.677194380185796 ], [ 861.670624483486449, -49.271235371921463 ], [ 862.044625805800479, -58.621268429772812 ], [ 863.166629772742681, -70.215309421508479 ], [ 862.792628450428651, -75.825329256219277 ], [ 856.060604648775666, -82.557353057872248 ], [ 853.068594070263202, -82.557353057872248 ], [ 841.474553078527606, -81.435349090930089 ], [ 836.238534566130852, -80.687346446301987 ], [ 829.880512086791896, -78.443338512417654 ], [ 824.644493574395142, -75.825329256219277 ], [ 817.912469772742156, -75.077326611591175 ], [ 812.302449938031373, -76.947333223161451 ], [ 805.570426136378387, -81.809350413244147 ], [ 798.464401012411372, -87.045368925640901 ], [ 785.748356053733573, -99.013411239690626 ], [ 782.008342830593051, -100.509416528946844 ], [ 775.650320351254095, -102.753424462831163 ], [ 766.674288615716819, -102.753424462831163 ], [ 755.080247623981109, -102.753424462831163 ], [ 745.356213243815773, -106.493437685971699 ], [ 736.754182830592526, -112.477458842996555 ], [ 736.754182830592526, -122.575494545476019 ], [ 733.762172252080063, -129.30751834712899 ], [ 724.786140516542787, -130.055520991757078 ], [ 716.18411010331954, -130.803523636385194 ], [ 703.842066466955771, -133.421532892583571 ], [ 695.988038698360697, -140.901559338864644 ], [ 693.955225144648807, -147.0 ], [ 671.0, -147.0 ], [ 624.869507343414398, -134.698535291577173 ], [ 624.514174360773836, -103.92451882102911 ], [ 627.349174360773759, -99.800882457392746 ], [ 630.957356178955706, -94.646337002847289 ], [ 634.30781072441016, -88.460882457392742 ], [ 636.627356178955665, -78.15179154830183 ], [ 638.946901633501056, -70.419973366483646 ], [ 640.75099254259203, -64.749973366483644 ], [ 650.415765269864778, -63.461337002847799 ], [ 660.467128906228481, -61.657246093756882 ], [ 669.229856178955743, -59.853155184665965 ], [ 680.82758345168304, -54.956337002847775 ], [ 685.724401633501202, -52.379064275575047 ], [ 692.425310724410338, -50.059518821029585 ], [ 704.280765269864901, -44.131791548302303 ], [ 709.435310724410328, -41.296791548302295 ], [ 716.651674360773995, -37.173155184665923 ], [ 724.898947088046725, -29.441337002847725 ], [ 729.795765269864887, -23.771337002847716 ], [ 732.888492542592303, -17.585882457393158 ], [ 739.847128906228477, -1.864518821029506 ], [ 743.197583451682931, 3.290026633515964 ], [ 746.290310724410233, 8.96002663351598 ], [ 748.609856178955738, 13.083662997152345 ], [ 749.383037997137535, 16.949572088061444 ], [ 745.25940163350117, 22.877299360788733 ], [ 742.166674360773868, 29.320481178970567 ], [ 741.908947088046602, 32.670935724425114 ], [ 748.609856178955738, 41.175935724425131 ], [ 750.929401633501129, 44.268662997152411 ], [ 751.444856178955774, 50.969572088061518 ], [ 751.444856178955774, 56.381844815334254 ], [ 752.991219815319369, 61.794117542606998 ], [ 747.836674360773941, 73.907299360788841 ], [ 744.743947088046639, 74.680481178970652 ], [ 737.527583451682972, 74.165026633516106 ], [ 727.991674360773914, 75.969117542607023 ], [ 721.290765269864778, 80.865935724425213 ], [ 715.878492542592085, 87.566844815334321 ], [ 711.754856178955606, 91.690481178970686 ], [ 703.507583451682876, 94.267753906243428 ], [ 695.002583451682881, 94.010026633516148 ], [ 689.074856178955656, 94.010026633516148 ], [ 684.17803799713738, 97.360481178970701 ], [ 682.889401633501052, 98.391390269879793 ], [ 679.281219815319218, 97.360481178970701 ], [ 666.910310724410124, 95.040935724425239 ], [ 657.889856178955597, 93.752299360788868 ], [ 647.580765269864628, 95.556390269879785 ], [ 642.4262198153192, 96.071844815334345 ], [ 633.40576526986456, 98.649117542607058 ], [ 630.570765269864637, 105.350026633516165 ], [ 628.508947088046398, 111.020026633516181 ], [ 623.096674360773704, 123.390935724425304 ], [ 619.617356178955561, 138.0 ], [ 985.0, 138.0 ], [ 983.189504090381547, 128.223322088060627 ], [ 983.143393942143575, 127.974327287575775 ] ] ] ] } },
{ "type": "Feature", "properties": { "visible": 1, "color": -32768, "chunks": [ ], "minimapNameVisible": 1, "personal": 0, "announceInChat": 0, "mode": "Vertex", "fullscreenVisible": 1, "announceInTitle": 0, "id": "1c6901ff-55a7-4b57-b2bb-a4d314df3394", "name2": "7ha 47a 00ca", "fullscreenNameVisible": 1, "dimension": "minecraft:overworld", "name1": "24.VIII.", "minimapVisible": 1, "fullscreenOwnerVisible": 0, "minimapOwnerVisible": 0, "fid": 53, "TYPE": "VIII", "SSTYPE": null, "SPECIES": null, "SURF": null, "PARFOR": "24" }, "geometry": { "type": "MultiPolygon", "coordinates": [ [ [ [ 624.0, 1349.0 ], [ 641.524174360776442, 1332.002981178972504 ], [ 647.709628906231046, 1325.8175266335179 ], [ 653.379628906231005, 1318.601162997154233 ], [ 656.987810724412839, 1313.18889026988154 ], [ 661.111447088049204, 1305.972526633517873 ], [ 665.235083451685568, 1299.787072088063496 ], [ 668.327810724412757, 1294.890253906245334 ], [ 671.420537997140059, 1291.797526633517919 ], [ 677.348265269867397, 1288.962526633517882 ], [ 683.791447088049154, 1283.550253906245189 ], [ 688.945992542594695, 1278.653435724427027 ], [ 693.585083451685477, 1277.622526633517964 ], [ 700.285992542594613, 1277.107072088063433 ], [ 706.471447088049217, 1277.622526633517964 ], [ 711.989873177430809, 1280.050634112845955 ], [ 713.0, 1275.0 ], [ 751.890785507669307, 1198.129931769997484 ], [ 761.058101286780129, 1180.01015917534869 ], [ 743.326447088049349, 1183.809799360790976 ], [ 729.924628906231192, 1189.479799360790821 ], [ 716.7805379971403, 1193.6034357244273 ], [ 698.997356178958398, 1193.861162997154679 ], [ 700.543719815322106, 1263.705253906245389 ], [ 671.935992542594818, 1263.447526633518237 ], [ 672.96690163350388, 1158.552526633518028 ], [ 654.410537997140182, 1161.387526633518064 ], [ 618.328719815322074, 1165.253435724427163 ], [ 589.720992542594786, 1166.284344815336226 ], [ 561.886447088049295, 1168.861617542608883 ], [ 536.371447088049308, 1174.531617542608956 ], [ 512.080686374179095, 1182.545789496280349 ], [ 512.0, 1399.0 ], [ 527.0, 1399.0 ], [ 539.0, 1398.0 ], [ 549.0, 1398.0 ], [ 560.0, 1397.0 ], [ 567.0, 1396.0 ], [ 581.0, 1388.0 ], [ 584.0, 1387.0 ], [ 591.0, 1386.0 ], [ 607.0, 1385.0 ], [ 624.0, 1385.0 ], [ 624.0, 1349.0 ] ] ] ] } },
{ "type": "Feature", "properties": { "visible": 1, "color": -32768, "chunks": [ ], "minimapNameVisible": 1, "personal": 0, "announceInChat": 0, "mode": "Vertex", "fullscreenVisible": 1, "announceInTitle": 0, "id": "e48a74d3-16a0-4ed3-9873-aacd5d232a7f", "name2": "6ha 61a 39ca", "fullscreenNameVisible": 1, "dimension": "minecraft:overworld", "name1": "53.III.3", "minimapVisible": 1, "fullscreenOwnerVisible": 0, "minimapOwnerVisible": 0, "fid": 54, "TYPE": "III", "SSTYPE": "3", "SPECIES": "dtbwg:fir", "SURF": null, "PARFOR": "53" }, "geometry": { "type": "MultiPolygon", "coordinates": [ [ [ [ -1252.009162490986228, -178.861918393955875 ], [ -1254.446507457402276, -180.85610973011444 ], [ -1257.410371093765889, -184.593155184659906 ], [ -1259.085598366493286, -190.778609730114425 ], [ -1260.631962002856881, -195.80429154829622 ], [ -1263.080371093765962, -199.670200639205319 ], [ -1265.013325639220511, -201.860882457387135 ], [ -1269.781280184675097, -204.051564275568921 ], [ -1272.874007457402286, -204.309291548296216 ], [ -1277.255371093765916, -205.340200639205307 ], [ -1283.827416548311248, -207.402018821023489 ], [ -1290.270598366493232, -208.304064275568919 ], [ -1296.069462002856653, -208.948382457387112 ], [ -1303.930143821038655, -208.948382457387112 ], [ -1311.017643821038519, -208.948382457387112 ], [ -1319.393780184674824, -207.917473366478021 ], [ -1323.388552911947727, -207.273155184659856 ], [ -1332.537871093765716, -205.46906427556894 ], [ -1339.238780184674852, -205.082473366478041 ], [ -1343.877871093765862, -205.340200639205307 ], [ -1346.455143821038519, -203.278382457387124 ], [ -1347.743780184674961, -198.639291548296228 ], [ -1350.57878018467477, -191.165200639205295 ], [ -1353.156052911947654, -184.979746093750776 ], [ -1354.9601438210384, -176.474746093750809 ], [ -1354.9601438210384, -167.454291548296254 ], [ -1356.248780184674843, -159.98020063920535 ], [ -1356.506507457401995, -156.114291548296279 ], [ -1356.506507457401995, -148.124746093750844 ], [ -1355.991052911947463, -138.588837002841757 ], [ -1355.991052911947463, -128.279746093750873 ], [ -1357.021962002856526, -123.125200639205431 ], [ -1358.8260529119475, -116.682018821023618 ], [ -1358.052871093765589, -107.661564275569091 ], [ -1356.764234730129374, -98.383382457387285 ], [ -1352.640598366492895, -92.197927911932751 ], [ -1350.57878018467477, -85.754746093750953 ], [ -1349.290143821038328, -81.631109730114588 ], [ -1345.424234730129228, -71.32201882102369 ], [ -1341.558325639220357, -62.559291548296443 ], [ -1339.496507457402004, -54.827473366478273 ], [ -1338.465598366492941, -48.64201882102374 ], [ -1336.403780184674815, -42.4565642755692 ], [ -1334.08423473012931, -34.467018821023757 ], [ -1330.991507457402122, -25.962018821023769 ], [ -1328.671962002856617, -19.77656427556925 ], [ -1328.027643821038282, -9.982927911932897 ], [ -1327.898780184674706, -3.926337002842004 ], [ -1327.76991654831113, 0.326162997157994 ], [ -1325.965825639220157, 5.609572088067075 ], [ -1324.677189275583714, 11.279572088067063 ], [ -1324.677189275583714, 16.305253906248872 ], [ -1324.80605291194729, 20.557753906248863 ], [ -1323.904007457401804, 28.933890269885211 ], [ -1323.13082563922012, 34.08843572443066 ], [ -1321.455598366492723, 40.789344815339739 ], [ -1321.069007457401995, 47.876844815339723 ], [ -1321.069007457401995, 52.387072088067001 ], [ -1322.873098366492741, 59.216844815339719 ], [ -1325.836962002856353, 65.531162997157892 ], [ -1328.67196200285639, 69.654799360794243 ], [ -1331.635825639220002, 73.907299360794241 ], [ -1332.924462002856444, 75.324799360794245 ], [ -1336.01718927558386, 78.030935724430606 ], [ -1337.434689275583878, 78.417526633521504 ], [ -1341.429462002856553, 78.546390269885151 ], [ -1345.810825639220184, 80.092753906248788 ], [ -1348.130371093765689, 82.798890269885135 ], [ -1350.32105291194739, 86.149344815339674 ], [ -1352.640598366492895, 89.113208451703315 ], [ -1354.573552911947445, 90.401844815339672 ], [ -1358.697189275583696, 92.334799360794221 ], [ -1360.372416548311094, 93.494572088066946 ], [ -1362.305371093765643, 97.61820845170331 ], [ -1362.949689275583751, 100.582072088066923 ], [ -1363.20741654831113, 104.834572088066921 ], [ -1362.305371093765643, 112.179799360794192 ], [ -1361.403325639220157, 119.653890269885082 ], [ -1361.145598366492777, 125.06616299715779 ], [ -1361.145598366492777, 128.287753906248696 ], [ -1361.145598366492777, 138.210253906248681 ], [ -1362.176507457402067, 143.751390269885036 ], [ -1362.820825639220175, 148.519344815339565 ], [ -1362.563098366492795, 153.931617542612287 ], [ -1359.985825639220138, 161.147981178975925 ], [ -1357.279689275583678, 165.142753906248629 ], [ -1353.800371093765534, 170.039572088066848 ], [ -1349.419007457401904, 175.194117542612304 ], [ -1344.779916548311121, 180.090935724430494 ], [ -1338.981052911947472, 186.662981178975912 ], [ -1335.630598366492904, 191.946390269885001 ], [ -1333.182189275583823, 196.198890269884998 ], [ -1333.182189275583823, 198.776162997157712 ], [ -1330.604916548311166, 201.997753906248619 ], [ -1327.641052911947554, 201.868890269884986 ], [ -1324.032871093765607, 200.837981178975895 ], [ -1320.682416548311039, 198.389572088066814 ], [ -1313.723780184674752, 195.167981178975907 ], [ -1309.471280184674697, 192.848435724430459 ], [ -1309.213552911947545, 189.49798117897592 ], [ -1310.759916548311139, 185.760935724430453 ], [ -1311.146507457402095, 182.023890269885015 ], [ -1303.801280184674852, 175.838435724430468 ], [ -1300.450825639220284, 174.678662997157744 ], [ -1294.651962002856635, 170.039572088066848 ], [ -1287.435598366493195, 165.658208451703217 ], [ -1280.992416548311212, 163.982981178975933 ], [ -1275.064689275583987, 161.276844815339587 ], [ -1266.044234730129801, 154.962526633521406 ], [ -1262.564916548311658, 153.029572088066857 ], [ -1258.570143821038982, 151.225481178975969 ], [ -1253.544462002857017, 149.421390269885052 ], [ -1249.807416548311721, 147.617299360794163 ], [ -1244.137416548311649, 143.235935724430533 ], [ -1239.111734730129911, 139.627753906248699 ], [ -1231.766507457402668, 134.086617542612345 ], [ -1225.838780184675215, 130.349572088066907 ], [ -1219.524462002856808, 123.390935724430548 ], [ -1213.854462002856735, 115.143662997157833 ], [ -1208.313325639220466, 107.154117542612397 ], [ -1190.014689275584487, 88.468890269885151 ], [ -1181.638552911948182, 75.969117542612437 ], [ -1162.18014382103911, 57.799344815339737 ], [ -1142.15970319786129, 37.307835001028259 ], [ -1174.0, 22.0 ], [ -1224.0, -0.0 ], [ -1233.0, -11.0 ], [ -1240.0, -28.0 ], [ -1249.0, -60.0 ], [ -1252.009162490986228, -178.861918393955875 ] ] ] ] } },
{ "type": "Feature", "properties": { "visible": 1, "color": -31437, "chunks": [ ], "minimapNameVisible": 1, "personal": 0, "announceInChat": 0, "mode": "Vertex", "fullscreenVisible": 1, "announceInTitle": 0, "id": "5ee642e1-9ffb-45e0-b63e-8011fd1b383e", "name2": "7ha 38a 80ca", "fullscreenNameVisible": 1, "dimension": "minecraft:overworld", "name1": "1", "minimapVisible": 1, "fullscreenOwnerVisible": 0, "minimapOwnerVisible": 0, "fid": 9, "TYPE": "III", "SSTYPE": "6", "SPECIES": "dtbwg:fir", "SURF": null, "PARFOR": "1" }, "geometry": { "type": "MultiPolygon", "coordinates": [ [ [ [ 1374.788897806732621, -508.0 ], [ 1369.014772727267427, -485.063892045457806 ], [ 1365.148863636358328, -464.187982954548715 ], [ 1366.0, -450.0 ], [ 1364.0, -435.0 ], [ 1358.0, -421.0 ], [ 1355.0, -405.0 ], [ 1349.0, -390.0 ], [ 1342.0, -368.0 ], [ 1334.0, -330.0 ], [ 1327.0, -314.0 ], [ 1311.0, -294.0 ], [ 1310.28613991477323, -288.28911931818493 ], [ 1434.348636363630703, -288.28911931818493 ], [ 1435.766136363630721, -294.216846590912212 ], [ 1438.601136363630985, -338.159346590912264 ], [ 1441.951590909085553, -422.436164772730422 ], [ 1444.271136363630831, -454.394346590912335 ], [ 1440.72801916147273, -507.124267305382432 ], [ 1437.0, -507.0 ], [ 1408.0, -508.0 ], [ 1374.788897806732621, -508.0 ] ] ] ] } },
{ "type": "Feature", "properties": { "visible": 1, "color": -31437, "chunks": [ ], "minimapNameVisible": 1, "personal": 0, "announceInChat": 0, "mode": "Vertex", "fullscreenVisible": 1, "announceInTitle": 0, "id": "5ee642e1-9ffb-45e0-b63e-8011fd1b383e", "name2": "7ha 38a 80ca", "fullscreenNameVisible": 1, "dimension": "minecraft:overworld", "name1": "1", "minimapVisible": 1, "fullscreenOwnerVisible": 0, "minimapOwnerVisible": 0, "fid": 9, "TYPE": "V", "SSTYPE": "2", "SPECIES": "dynamictrees:birch", "SURF": null, "PARFOR": "1" }, "geometry": { "type": "MultiPolygon", "coordinates": [ [ [ [ 1366.0, -450.0 ], [ 1365.148863636358328, -464.187982954548715 ], [ 1369.014772727267427, -485.063892045457806 ], [ 1374.788897806732621, -508.0 ], [ 1351.0, -508.0 ], [ 1294.0, -509.0 ], [ 1296.0, -450.0 ], [ 1366.0, -450.0 ] ] ] ] } },
{ "type": "Feature", "properties": { "visible": 1, "color": -31437, "chunks": [ ], "minimapNameVisible": 1, "personal": 0, "announceInChat": 0, "mode": "Vertex", "fullscreenVisible": 1, "announceInTitle": 0, "id": "5ee642e1-9ffb-45e0-b63e-8011fd1b383e", "name2": "7ha 38a 80ca", "fullscreenNameVisible": 1, "dimension": "minecraft:overworld", "name1": "1.X.", "minimapVisible": 1, "fullscreenOwnerVisible": 0, "minimapOwnerVisible": 0, "fid": 9, "TYPE": "X", "SSTYPE": null, "SPECIES": "minecraft:grass_block", "SURF": null, "PARFOR": "1" }, "geometry": { "type": "MultiPolygon", "coordinates": [ [ [ [ 1374.41900672571569, -150.771450876882369 ], [ 1395.045227272721377, -161.616164772730684 ], [ 1412.828409090903051, -169.863437500003386 ], [ 1427.003409090903006, -175.791164772730667 ], [ 1442.20931818181225, -178.626164772730675 ], [ 1461.023409090903215, -179.657073863639766 ], [ 1466.69340909090306, -179.657073863639766 ], [ 1477.002499999994143, -179.657073863639766 ], [ 1486.538409090903087, -179.657073863639766 ], [ 1491.435227272721249, -180.430255681821592 ], [ 1496.332045454539411, -181.976619318185215 ], [ 1500.971136363630421, -183.780710227276131 ], [ 1502.002045454539484, -186.357982954548845 ], [ 1500.713409090903042, -190.739346590912476 ], [ 1498.909318181812296, -194.862982954548841 ], [ 1498.909318181812296, -197.955710227276143 ], [ 1499.940227272721359, -203.11025568182157 ], [ 1500.971136363630421, -208.264801136367055 ], [ 1502.775227272721395, -213.161619318185217 ], [ 1504.579318181812141, -217.800710227276113 ], [ 1505.610227272721204, -223.728437500003395 ], [ 1504.837045454539521, -230.944801136367062 ], [ 1504.06386363635761, -235.326164772730692 ], [ 1504.06386363635761, -241.253892045457945 ], [ 1506.125681818175963, -244.86207386363975 ], [ 1507.929772727266709, -249.501164772730675 ], [ 1507.672045454539557, -253.367073863639774 ], [ 1497.105227272721322, -259.810255681821559 ], [ 1489.631136363630503, -262.38752840909433 ], [ 1479.32204545453942, -263.418437500003392 ], [ 1464.889318181812087, -266.511164772730694 ], [ 1458.70386363635771, -266.511164772730694 ], [ 1449.425681818175917, -264.191619318185246 ], [ 1443.755681818175844, -259.810255681821559 ], [ 1439.374318181812214, -256.717528409094314 ], [ 1434.477499999994052, -255.428892045457957 ], [ 1426.745681818175854, -253.62480113636704 ], [ 1423.652954545448665, -251.562982954548858 ], [ 1422.364318181812223, -247.954801136367053 ], [ 1422.622045454539375, -244.86207386363975 ], [ 1425.199318181812259, -239.192073863639763 ], [ 1427.518863636357764, -232.491164772730684 ], [ 1426.487954545448474, -228.109801136367025 ], [ 1425.714772727266791, -225.790255681821577 ], [ 1423.910681818175817, -223.98616477273066 ], [ 1421.591136363630312, -220.635710227276149 ], [ 1421.848863636357692, -217.542982954548847 ], [ 1422.622045454539375, -212.903892045457951 ], [ 1423.395227272721286, -209.553437500003383 ], [ 1424.683863636357728, -205.429801136367018 ], [ 1427.261136363630385, -200.017528409094325 ], [ 1428.807499999993979, -197.955710227276143 ], [ 1431.384772727266864, -194.862982954548841 ], [ 1433.446590909084989, -192.543437500003392 ], [ 1433.446590909084989, -188.677528409094293 ], [ 1433.446590909084989, -186.873437500003405 ], [ 1432.673409090903078, -185.584801136367048 ], [ 1419.529318181812187, -180.430255681821592 ], [ 1400.972954545448601, -173.471619318185219 ], [ 1380.097045454539511, -161.87389204545795 ], [ 1368.683048987628354, -154.323094382732222 ], [ 1374.0, -151.0 ], [ 1374.41900672571569, -150.771450876882369 ] ] ] ] } },
{ "type": "Feature", "properties": { "visible": 1, "color": -32768, "chunks": [ ], "minimapNameVisible": 1, "personal": 0, "announceInChat": 0, "mode": "Vertex", "fullscreenVisible": 1, "announceInTitle": 0, "id": "28e80332-351c-4d5d-ae47-8a3528fb1999", "name2": "4ha 52a 51ca", "fullscreenNameVisible": 1, "dimension": "minecraft:overworld", "name1": "2.II.6", "minimapVisible": 1, "fullscreenOwnerVisible": 0, "minimapOwnerVisible": 0, "fid": 6, "TYPE": "II", "SSTYPE": "6", "SPECIES": "dynamictrees:oak", "SURF": null, "PARFOR": "2" }, "geometry": { "type": "MultiPolygon", "coordinates": [ [ [ [ 1367.707839974135823, -141.886632741380396 ], [ 1367.241910327360756, -7.0 ], [ 1402.786106178957425, -7.0 ], [ 1537.0, -7.0 ], [ 1537.0, -69.0 ], [ 1505.0, -85.0 ], [ 1481.0, -95.0 ], [ 1458.0, -105.0 ], [ 1398.0, -128.0 ], [ 1373.0, -139.0 ], [ 1367.707839974135823, -141.886632741380396 ] ] ] ] } },
{ "type": "Feature", "properties": { "visible": 1, "color": -32768, "chunks": [ ], "minimapNameVisible": 1, "personal": 0, "announceInChat": 0, "mode": "Vertex", "fullscreenVisible": 1, "announceInTitle": 0, "id": "2c1686d8-168e-45b8-a47e-edb83440bd9b", "name2": "8ha 95a 12ca", "fullscreenNameVisible": 1, "dimension": "minecraft:overworld", "name1": "12.VII.", "minimapVisible": 1, "fullscreenOwnerVisible": 0, "minimapOwnerVisible": 0, "fid": 37, "TYPE": "VII", "SSTYPE": null, "SPECIES": "dtru:pine", "SURF": null, "PARFOR": "12" }, "geometry": { "type": "MultiPolygon", "coordinates": [ [ [ [ 949.871866200717818, 1034.924791080047953 ], [ 949.837471590902737, 1033.497414772723914 ], [ 947.904517045448188, 1024.734687499996653 ], [ 944.425198863630044, 1015.585369318178437 ], [ 942.74997159090276, 1007.338096590905707 ], [ 940.430426136357255, 999.090823863632977 ], [ 937.595426136357332, 989.426051136360229 ], [ 935.404744318175517, 977.570596590906007 ], [ 932.183153409084525, 968.42127840908779 ], [ 930.636789772720931, 960.045142045451371 ], [ 929.734744318175444, 952.055596590905907 ], [ 928.05951704544816, 942.906278409087804 ], [ 927.157471590902787, 941.488778409087786 ], [ 919.94110795453912, 934.916732954542113 ], [ 915.173153409084534, 931.566278409087658 ], [ 909.11656249999362, 926.669460227269383 ], [ 904.477471590902724, 921.386051136360265 ], [ 901.900198863629953, 913.138778409087536 ], [ 901.642471590902687, 908.113096590905798 ], [ 901.642471590902687, 900.639005681814865 ], [ 900.99815340908458, 893.422642045451084 ], [ 748.680604566243801, 892.442319929004498 ], [ 751.0, 900.0 ], [ 763.0, 931.0 ], [ 773.073582268370501, 955.003744009584921 ], [ 787.0, 983.0 ], [ 793.0, 993.0 ], [ 799.0, 1000.0 ], [ 799.340708451695946, 1000.340708451695946 ], [ 805.0, 1006.0 ], [ 819.0, 1014.0 ], [ 841.0, 1022.0 ], [ 862.0, 1026.0 ], [ 887.0, 1029.0 ], [ 921.0, 1033.0 ], [ 949.871866200717818, 1034.924791080047953 ] ] ] ] } },
{ "type": "Feature", "properties": { "visible": 1, "color": -32768, "chunks": [ ], "minimapNameVisible": 1, "personal": 0, "announceInChat": 0, "mode": "Vertex", "fullscreenVisible": 1, "announceInTitle": 0, "id": "802530cd-1f6a-4ebd-8240-749f30fa7779", "name2": "8ha 96a 96ca", "fullscreenNameVisible": 1, "dimension": "minecraft:overworld", "name1": "8.III.4", "minimapVisible": 1, "fullscreenOwnerVisible": 0, "minimapOwnerVisible": 0, "fid": 35, "TYPE": "III", "SSTYPE": "4", "SPECIES": "dynamictrees:spruce", "SURF": null, "PARFOR": "8" }, "geometry": { "type": "MultiPolygon", "coordinates": [ [ [ [ 1310.05247912317509, 925.895041753650048 ], [ 1040.0, 925.769727378186758 ], [ 1040.0, 1063.0 ], [ 1073.0, 1080.0 ], [ 1093.0, 1093.0 ], [ 1110.0, 1108.0 ], [ 1131.0, 1121.0 ], [ 1173.0, 1142.0 ], [ 1183.0, 1126.0 ], [ 1189.0, 1119.0 ], [ 1194.0, 1111.0 ], [ 1206.0, 1097.0 ], [ 1214.0, 1083.0 ], [ 1220.0, 1071.0 ], [ 1231.0, 1057.0 ], [ 1238.0, 1042.0 ], [ 1246.0, 1033.0 ], [ 1263.0, 1007.0 ], [ 1278.0, 988.0 ], [ 1292.0, 964.0 ], [ 1308.0, 930.0 ], [ 1310.05247912317509, 925.895041753650048 ] ] ] ] } },
{ "type": "Feature", "properties": { "visible": 1, "color": -32768, "chunks": [ ], "minimapNameVisible": 1, "personal": 0, "announceInChat": 0, "mode": "Vertex", "fullscreenVisible": 1, "announceInTitle": 0, "id": "802530cd-1f6a-4ebd-8240-749f30fa7779", "name2": "8ha 96a 96ca", "fullscreenNameVisible": 1, "dimension": "minecraft:overworld", "name1": "8.VI.", "minimapVisible": 1, "fullscreenOwnerVisible": 0, "minimapOwnerVisible": 0, "fid": 35, "TYPE": "VI", "SSTYPE": null, "SPECIES": "dtru:red_maple", "SURF": null, "PARFOR": "8" }, "geometry": { "type": "MultiPolygon", "coordinates": [ [ [ [ 1040.0, 777.56919876937036 ], [ 1387.38077012948429, 777.446579365865546 ], [ 1393.0, 766.0 ], [ 1120.0, 766.0 ], [ 1106.0, 764.0 ], [ 1091.0, 760.0 ], [ 1070.0, 754.0 ], [ 1040.0, 747.0 ], [ 1040.0, 777.56919876937036 ] ] ] ] } },
{ "type": "Feature", "properties": { "visible": 1, "color": -32768, "chunks": [ ], "minimapNameVisible": 1, "personal": 0, "announceInChat": 0, "mode": "Vertex", "fullscreenVisible": 1, "announceInTitle": 0, "id": "f17c2bb0-9806-47ab-9457-dd5cca6a2949", "name2": "4ha 83a 36ca", "fullscreenNameVisible": 1, "dimension": "minecraft:overworld", "name1": "45.X.", "minimapVisible": 1, "fullscreenOwnerVisible": 0, "minimapOwnerVisible": 0, "fid": 25, "TYPE": "X", "SSTYPE": null, "SPECIES": "minecraft:fire", "SURF": null, "PARFOR": "45" }, "geometry": { "type": "MultiPolygon", "coordinates": [ [ [ [ -794.0, 826.041468195259881 ], [ -805.663276308387253, 826.110481664540316 ], [ -804.519121093767353, 1031.0 ], [ -794.0, 1031.0 ], [ -794.0, 826.041468195259881 ] ] ] ] } },
{ "type": "Feature", "properties": { "visible": 1, "color": -32768, "chunks": [ ], "minimapNameVisible": 1, "personal": 0, "announceInChat": 0, "mode": "Vertex", "fullscreenVisible": 1, "announceInTitle": 0, "id": "f17c2bb0-9806-47ab-9457-dd5cca6a2949", "name2": "4ha 83a 36ca", "fullscreenNameVisible": 1, "dimension": "minecraft:overworld", "name1": "45.VII.", "minimapVisible": 1, "fullscreenOwnerVisible": 0, "minimapOwnerVisible": 0, "fid": 25, "TYPE": "VII", "SSTYPE": null, "SPECIES": "dtbwg:fir", "SURF": null, "PARFOR": "45" }, "geometry": { "type": "MultiPolygon", "coordinates": [ [ [ [ -941.0, 863.0 ], [ -928.485939275586134, 863.132640269887929 ], [ -927.955227779864003, 821.881969444310926 ], [ -970.753212002859073, 821.380822088069749 ], [ -973.845939275586375, 823.95809481534252 ], [ -976.466304447463244, 827.975988078887099 ], [ -956.0, 841.0 ], [ -947.0, 851.0 ], [ -941.0, 863.0 ] ] ] ] } },
{ "type": "Feature", "properties": { "visible": 1, "color": -32768, "chunks": [ ], "minimapNameVisible": 1, "personal": 0, "announceInChat": 0, "mode": "Vertex", "fullscreenVisible": 1, "announceInTitle": 0, "id": "f17c2bb0-9806-47ab-9457-dd5cca6a2949", "name2": "4ha 83a 36ca", "fullscreenNameVisible": 1, "dimension": "minecraft:overworld", "name1": "45.VII.", "minimapVisible": 1, "fullscreenOwnerVisible": 0, "minimapOwnerVisible": 0, "fid": 25, "TYPE": "VII", "SSTYPE": null, "SPECIES": "dynamictrees:spruce", "SURF": null, "PARFOR": "45" }, "geometry": { "type": "MultiPolygon", "coordinates": [ [ [ [ -853.62166442108196, 822.752385877083498 ], [ -854.904802911949446, 973.826503906252469 ], [ -930.934566677323119, 973.700418062528684 ], [ -928.74366654831374, 992.44729936079807 ], [ -927.970484730131716, 1010.681503906252715 ], [ -927.326166548313608, 1022.794685724434544 ], [ -927.196949000666905, 1031.0 ], [ -804.519121093767353, 1031.0 ], [ -805.663276308387253, 826.110481664540316 ], [ -805.678893821039878, 823.313776633524299 ], [ -814.674073728622943, 823.20844665802565 ], [ -853.62166442108196, 822.752385877083498 ] ] ] ] } },
{ "type": "Feature", "properties": { "visible": 1, "color": -32768, "chunks": [ ], "minimapNameVisible": 1, "personal": 0, "announceInChat": 0, "mode": "Vertex", "fullscreenVisible": 1, "announceInTitle": 0, "id": "f17c2bb0-9806-47ab-9457-dd5cca6a2949", "name2": "4ha 83a 36ca", "fullscreenNameVisible": 1, "dimension": "minecraft:overworld", "name1": "45.III.6", "minimapVisible": 1, "fullscreenOwnerVisible": 0, "minimapOwnerVisible": 0, "fid": 25, "TYPE": "III", "SSTYPE": "6", "SPECIES": "dtbwg:fir", "SURF": null, "PARFOR": "45" }, "geometry": { "type": "MultiPolygon", "coordinates": [ [ [ [ -941.0, 863.0 ], [ -939.052757457404709, 878.596276633525008 ], [ -937.506393821040888, 902.049458451706982 ], [ -936.990939275586356, 914.420367542616077 ], [ -933.898212002859282, 939.35548117897963 ], [ -932.094121093768308, 958.942753906252392 ], [ -930.934566677323119, 973.700418062528684 ], [ -854.904802911949446, 973.826503906252469 ], [ -853.62166442108196, 822.752385877083498 ], [ -927.955227779864003, 821.881969444310926 ], [ -928.485939275586134, 863.132640269887929 ], [ -941.0, 863.0 ] ] ] ] } },
{ "type": "Feature", "properties": { "visible": 1, "color": -32768, "chunks": [ ], "minimapNameVisible": 1, "personal": 0, "announceInChat": 0, "mode": "Vertex", "fullscreenVisible": 1, "announceInTitle": 0, "id": "f17c2bb0-9806-47ab-9457-dd5cca6a2949", "name2": "4ha 83a 36ca", "fullscreenNameVisible": 1, "dimension": "minecraft:overworld", "name1": "45.III.6", "minimapVisible": 1, "fullscreenOwnerVisible": 0, "minimapOwnerVisible": 0, "fid": 25, "TYPE": "III", "SSTYPE": "6", "SPECIES": "dtbwg:fir", "SURF": null, "PARFOR": "45" }, "geometry": { "type": "MultiPolygon", "coordinates": [ [ [ [ -1001.809348366495556, 863.0 ], [ -1001.809348366495556, 870.026844815343225 ], [ -1001.809348366495556, 876.985481178979626 ], [ -1000.649575639222803, 884.330708451706982 ], [ -998.330030184677298, 890.773890269888852 ], [ -996.268212002859173, 896.05729936079797 ], [ -995.10843927558642, 898.63457208807074 ], [ -990.46934836649541, 907.397299360798115 ], [ -986.861166548313577, 914.355935724434516 ], [ -985.185939275586293, 919.76820845170721 ], [ -983.51071200285935, 932.139117542616418 ], [ -980.933439275586579, 942.061617542616546 ], [ -978.098439275586543, 948.504799360798415 ], [ -975.13457563922293, 955.205708451707551 ], [ -973.072757457404691, 967.705481178980222 ], [ -971.526393821040983, 971.700253906252897 ], [ -967.402757457404618, 979.174344815343943 ], [ -962.377075639222767, 988.581390269889425 ], [ -961.60389382104097, 1000.565708451707792 ], [ -958.366203230797169, 1031.0 ], [ -927.196949000666905, 1031.0 ], [ -927.326166548313608, 1022.794685724434544 ], [ -927.970484730131716, 1010.681503906252715 ], [ -928.74366654831374, 992.44729936079807 ], [ -930.934566677323119, 973.700418062528684 ], [ -932.094121093768308, 958.942753906252392 ], [ -933.898212002859282, 939.35548117897963 ], [ -936.990939275586356, 914.420367542616077 ], [ -937.506393821040888, 902.049458451706982 ], [ -939.052757457404709, 878.596276633525008 ], [ -941.0, 863.0 ], [ -1001.809348366495556, 863.0 ] ] ] ] } },
{ "type": "Feature", "properties": { "visible": 1, "color": -32768, "chunks": [ ], "minimapNameVisible": 1, "personal": 0, "announceInChat": 0, "mode": "Vertex", "fullscreenVisible": 1, "announceInTitle": 0, "id": "f17c2bb0-9806-47ab-9457-dd5cca6a2949", "name2": "4ha 83a 36ca", "fullscreenNameVisible": 1, "dimension": "minecraft:overworld", "name1": "45.V.2", "minimapVisible": 1, "fullscreenOwnerVisible": 0, "minimapOwnerVisible": 0, "fid": 25, "TYPE": "V", "SSTYPE": "2", "SPECIES": "dynamictrees:birch", "SURF": null, "PARFOR": "45" }, "geometry": { "type": "MultiPolygon", "coordinates": [ [ [ [ -1016.570077718117318, 863.0 ], [ -1016.499802911950155, 873.119572088070527 ], [ -1014.824575639222871, 882.397753906252433 ], [ -1011.860712002859259, 892.577981178979712 ], [ -1009.154575639222912, 898.247981178979785 ], [ -1004.902075639222971, 909.459117542616241 ], [ -1000.134121093768385, 917.83525390625266 ], [ -995.108439275586534, 928.01548117897994 ], [ -994.464121093768426, 931.494799360798197 ], [ -992.273439275586497, 943.35025390625276 ], [ -989.953893821040992, 951.339799360798224 ], [ -984.155030184677344, 964.612753906252806 ], [ -980.41798473013182, 980.591844815343848 ], [ -977.969575639222626, 988.710253906253001 ], [ -975.263439275586279, 992.318435724434835 ], [ -972.170712002858977, 999.01934481534397 ], [ -971.526393821040756, 1003.400708451707601 ], [ -971.526393821040756, 1013.70979936079857 ], [ -970.624348366495383, 1020.281844815344016 ], [ -969.077984730131675, 1026.467299360798506 ], [ -967.734962318516523, 1031.0 ], [ -958.366203230797169, 1031.0 ], [ -961.60389382104097, 1000.565708451707792 ], [ -962.377075639222767, 988.581390269889425 ], [ -967.402757457404618, 979.174344815343943 ], [ -971.526393821040983, 971.700253906252897 ], [ -973.072757457404691, 967.705481178980222 ], [ -975.13457563922293, 955.205708451707551 ], [ -978.098439275586543, 948.504799360798415 ], [ -980.933439275586579, 942.061617542616546 ], [ -983.51071200285935, 932.139117542616418 ], [ -985.185939275586293, 919.76820845170721 ], [ -986.861166548313577, 914.355935724434516 ], [ -990.46934836649541, 907.397299360798115 ], [ -995.10843927558642, 898.63457208807074 ], [ -996.268212002859173, 896.05729936079797 ], [ -998.330030184677298, 890.773890269888852 ], [ -1000.649575639222803, 884.330708451706982 ], [ -1001.809348366495556, 876.985481178979626 ], [ -1001.809348366495556, 870.026844815343225 ], [ -1001.809348366495556, 863.0 ], [ -1016.570077718117318, 863.0 ] ] ] ] } },
{ "type": "Feature", "properties": { "visible": 1, "color": -32768, "chunks": [ ], "minimapNameVisible": 1, "personal": 0, "announceInChat": 0, "mode": "Vertex", "fullscreenVisible": 1, "announceInTitle": 0, "id": "6ccadf7a-9584-420f-abff-fa338434b981", "name2": "8ha 22a 66ca", "fullscreenNameVisible": 1, "dimension": "minecraft:overworld", "name1": "43.III.5", "minimapVisible": 1, "fullscreenOwnerVisible": 0, "minimapOwnerVisible": 0, "fid": 50, "TYPE": "III", "SSTYPE": "5", "SPECIES": "dtbwg:fir", "SURF": null, "PARFOR": "43" }, "geometry": { "type": "MultiPolygon", "coordinates": [ [ [ [ -958.366203230797169, 1031.0 ], [ -958.64255681818554, 1042.041818181813596 ], [ -960.053613636367345, 1051.762431818177447 ], [ -961.307886363640137, 1057.720227272722923 ], [ -965.69784090909468, 1069.165465909086606 ], [ -968.363170454549277, 1076.22074999999586 ], [ -971.812420454549283, 1083.903170454541396 ], [ -973.380261363640216, 1088.449909090905066 ], [ -974.658413337368188, 1092.897877959478365 ], [ -977.29986363636749, 1102.090124999996306 ], [ -979.181272727276678, 1110.870034090905392 ], [ -980.749113636367611, 1116.827829545450868 ], [ -982.316954545458543, 1122.942409090905585 ], [ -985.221897512868509, 1129.236452186960378 ], [ -986.079772727276804, 1131.095181818178389 ], [ -988.745102272731401, 1133.290159090905718 ], [ -992.664704545458676, 1134.074079545451241 ], [ -999.406420454549675, 1134.857999999996537 ], [ -1003.482806818186077, 1135.64192045454206 ], [ -1011.0, 1136.0 ], [ -1008.0, 1159.0 ], [ -1008.260340704548526, 1169.153287477394088 ], [ -1006.190712002858163, 1170.66570845170645 ], [ -1000.64957563922178, 1170.794572088070254 ], [ -994.592984730130866, 1172.083208451706469 ], [ -986.216848366494446, 1174.145026633524594 ], [ -982.995257457403568, 1173.887299360797442 ], [ -978.485030184676361, 1171.825481178979317 ], [ -974.619121093767262, 1173.371844815342911 ], [ -975.778893821039901, 1178.91298117897918 ], [ -977.84071200285814, 1184.196390269888298 ], [ -977.84071200285814, 1187.804572088070017 ], [ -977.196393821039919, 1200.690935724433757 ], [ -977.96957563922183, 1205.072299360797388 ], [ -981.706621093767239, 1210.226844815342929 ], [ -986.990030184676357, 1214.092753906252028 ], [ -988.536393821039951, 1214.60820845170656 ], [ -996.654802911948991, 1214.60820845170656 ], [ -1001.938212002858108, 1213.577299360797497 ], [ -1006.319575639221739, 1211.773208451706523 ], [ -1009.903942899204935, 1209.751257689664726 ], [ -1011.0, 1224.0 ], [ -1016.0, 1242.0 ], [ -1027.0, 1268.0 ], [ -1036.0, 1292.0 ], [ -1039.0, 1302.0 ], [ -1036.0, 1309.0 ], [ -1041.0, 1317.0 ], [ -1055.0, 1362.0 ], [ -1069.0, 1389.0 ], [ -1075.0, 1406.0 ], [ -969.0, 1407.0 ], [ -966.887302911950087, 1394.630708451707733 ], [ -957.093666548313763, 1375.816617542616768 ], [ -950.908212002859159, 1360.86843572443513 ], [ -943.691848366495606, 1349.528435724434985 ], [ -934.929121093768345, 1330.71434481534402 ], [ -934.783741653318316, 1324.971856917571586 ], [ -934.413666548313586, 1310.353890269889689 ], [ -937.949039687725758, 1297.464509032449314 ], [ -946.784575639222453, 1265.251617542616941 ], [ -948.866218995865893, 1247.210708451707205 ], [ -949.104121093767958, 1245.148890269889534 ], [ -953.227757457404323, 1195.922981178980081 ], [ -953.614348366495392, 1146.439344815343929 ], [ -952.067984730131684, 1135.485935724434739 ], [ -951.423666548313463, 1129.815935724434667 ], [ -948.975257457404382, 1123.243890269889334 ], [ -942.789802911949778, 1116.156390269889243 ], [ -938.150712002858882, 1108.295708451707242 ], [ -933.382757457404296, 1098.11548117898019 ], [ -929.516848366495196, 1086.131162997161937 ], [ -928.099348366495178, 1065.384117542616195 ], [ -927.415739396960475, 1039.336569138042705 ], [ -927.196949000666905, 1031.0 ], [ -958.366203230797169, 1031.0 ] ], [ [ -1005.417530184676821, 1383.93502663352524 ], [ -1006.963893821040529, 1383.677299360797861 ], [ -1008.896848366495078, 1382.517526633525222 ], [ -1010.572075639222362, 1379.167072088070654 ], [ -1010.572075639222362, 1374.656844815343447 ], [ -1009.541166548313186, 1369.888890269888861 ], [ -1008.252530184676857, 1366.280708451707142 ], [ -1006.319575639222307, 1361.899344815343284 ], [ -1003.226848366495005, 1354.296390269888889 ], [ -1002.582530184676898, 1347.208890269888798 ], [ -999.747530184676862, 1341.92548117897968 ], [ -995.366166548313231, 1336.513208451706987 ], [ -991.629121093767708, 1330.070026633525231 ], [ -986.861166548313236, 1325.946390269888752 ], [ -983.381848366494978, 1324.91548117897969 ], [ -974.232530184676875, 1328.652526633525213 ], [ -972.299575639222326, 1331.487526633525249 ], [ -972.943893821040547, 1335.6111629971615 ], [ -974.361393821040451, 1339.219344815343447 ], [ -977.325257457404177, 1345.147072088070672 ], [ -979.129348366495037, 1349.012981178979771 ], [ -982.608666548313181, 1354.81184481534342 ], [ -984.541621093767731, 1359.579799360798006 ], [ -987.247757457404077, 1363.574572088070681 ], [ -989.696166548313158, 1367.44048117897978 ], [ -992.531166548313195, 1372.466162997161518 ], [ -995.366166548313231, 1377.62070845170706 ], [ -999.360939275585906, 1383.806162997161664 ], [ -1005.417530184676821, 1383.93502663352524 ] ] ] ] } },
{ "type": "Feature", "properties": { "visible": 1, "color": -32768, "chunks": [ ], "minimapNameVisible": 1, "personal": 0, "announceInChat": 0, "mode": "Vertex", "fullscreenVisible": 1, "announceInTitle": 0, "id": "6ccadf7a-9584-420f-abff-fa338434b981", "name2": "8ha 22a 66ca", "fullscreenNameVisible": 1, "dimension": "minecraft:overworld", "name1": "43", "minimapVisible": 1, "fullscreenOwnerVisible": 0, "minimapOwnerVisible": 0, "fid": 50, "TYPE": "III", "SSTYPE": "6", "SPECIES": "dynamictrees:spruce", "SURF": null, "PARFOR": "43" }, "geometry": { "type": "MultiPolygon", "coordinates": [ [ [ [ -999.360939275585906, 1383.806162997161664 ], [ -995.366166548313231, 1377.62070845170706 ], [ -992.531166548313195, 1372.466162997161518 ], [ -989.696166548313158, 1367.44048117897978 ], [ -987.247757457404077, 1363.574572088070681 ], [ -984.541621093767731, 1359.579799360798006 ], [ -982.608666548313181, 1354.81184481534342 ], [ -979.129348366495037, 1349.012981178979771 ], [ -977.325257457404177, 1345.147072088070672 ], [ -974.361393821040451, 1339.219344815343447 ], [ -972.943893821040547, 1335.6111629971615 ], [ -972.299575639222326, 1331.487526633525249 ], [ -974.232530184676875, 1328.652526633525213 ], [ -983.381848366494978, 1324.91548117897969 ], [ -986.861166548313236, 1325.946390269888752 ], [ -991.629121093767708, 1330.070026633525231 ], [ -995.366166548313231, 1336.513208451706987 ], [ -999.747530184676862, 1341.92548117897968 ], [ -1002.582530184676898, 1347.208890269888798 ], [ -1003.226848366495005, 1354.296390269888889 ], [ -1006.319575639222307, 1361.899344815343284 ], [ -1008.252530184676857, 1366.280708451707142 ], [ -1009.541166548313186, 1369.888890269888861 ], [ -1010.572075639222362, 1374.656844815343447 ], [ -1010.572075639222362, 1379.167072088070654 ], [ -1008.896848366495078, 1382.517526633525222 ], [ -1006.963893821040529, 1383.677299360797861 ], [ -1005.417530184676821, 1383.93502663352524 ], [ -999.360939275585906, 1383.806162997161664 ] ] ] ] } },
{ "type": "Feature", "properties": { "visible": 1, "color": -32768, "chunks": [ ], "minimapNameVisible": 1, "personal": 0, "announceInChat": 0, "mode": "Vertex", "fullscreenVisible": 1, "announceInTitle": 0, "id": "6ccadf7a-9584-420f-abff-fa338434b981", "name2": "8ha 22a 66ca", "fullscreenNameVisible": 1, "dimension": "minecraft:overworld", "name1": "43.III.5", "minimapVisible": 1, "fullscreenOwnerVisible": 0, "minimapOwnerVisible": 0, "fid": 50, "TYPE": "III", "SSTYPE": "5", "SPECIES": "dynamictrees:spruce", "SURF": null, "PARFOR": "43" }, "geometry": { "type": "MultiPolygon", "coordinates": [ [ [ [ -1009.903942899204935, 1209.751257689664726 ], [ -1006.319575639221739, 1211.773208451706523 ], [ -1001.938212002858108, 1213.577299360797497 ], [ -996.654802911948991, 1214.60820845170656 ], [ -988.536393821039951, 1214.60820845170656 ], [ -986.990030184676357, 1214.092753906252028 ], [ -981.706621093767239, 1210.226844815342929 ], [ -977.96957563922183, 1205.072299360797388 ], [ -977.196393821039919, 1200.690935724433757 ], [ -977.84071200285814, 1187.804572088070017 ], [ -977.84071200285814, 1184.196390269888298 ], [ -975.778893821039901, 1178.91298117897918 ], [ -974.619121093767262, 1173.371844815342911 ], [ -978.485030184676361, 1171.825481178979317 ], [ -982.995257457403568, 1173.887299360797442 ], [ -986.216848366494446, 1174.145026633524594 ], [ -994.592984730130866, 1172.083208451706469 ], [ -1000.64957563922178, 1170.794572088070254 ], [ -1006.190712002858163, 1170.66570845170645 ], [ -1008.260340704548526, 1169.153287477394088 ], [ -1009.0, 1198.0 ], [ -1009.903942899204935, 1209.751257689664726 ] ] ] ] } },
{ "type": "Feature", "properties": { "visible": 1, "color": -32768, "chunks": [ ], "minimapNameVisible": 1, "personal": 0, "announceInChat": 0, "mode": "Vertex", "fullscreenVisible": 1, "announceInTitle": 0, "id": "6ccadf7a-9584-420f-abff-fa338434b981", "name2": "8ha 22a 66ca", "fullscreenNameVisible": 1, "dimension": "minecraft:overworld", "name1": "43.III.5", "minimapVisible": 1, "fullscreenOwnerVisible": 0, "minimapOwnerVisible": 0, "fid": 50, "TYPE": "III", "SSTYPE": "5", "SPECIES": "dynamictrees:spruce", "SURF": null, "PARFOR": "43" }, "geometry": { "type": "MultiPolygon", "coordinates": [ [ [ [ -802.0, 1353.0 ], [ -802.457302911949228, 1220.793662997160936 ], [ -816.632302911949296, 1238.834572088070217 ], [ -823.204348366494742, 1245.40661754261555 ], [ -832.611393821040224, 1251.076617542615622 ], [ -848.461621093767462, 1255.844572088070208 ], [ -862.76548473013122, 1258.679572088070245 ], [ -872.9457120028585, 1262.158890269888389 ], [ -881.837302911949337, 1265.38048117897938 ], [ -892.404121093767571, 1270.663890269888498 ], [ -901.811166548313054, 1277.23593572443383 ], [ -908.25434836649481, 1283.421390269888434 ], [ -910.316166548312935, 1286.127526633524667 ], [ -913.151166548312972, 1292.441844815342847 ], [ -916.759348366494805, 1300.560253906252001 ], [ -919.465484730131152, 1308.936390269888307 ], [ -919.77425613114417, 1310.311826510764604 ], [ -860.05934836649476, 1311.255935724434948 ], [ -855.162530184676598, 1339.348208451707706 ], [ -858.128162147218632, 1380.370489180970253 ], [ -852.0, 1377.0 ], [ -844.0, 1370.0 ], [ -833.0, 1364.0 ], [ -817.0, 1357.0 ], [ -802.0, 1353.0 ] ] ] ] } },
{ "type": "Feature", "properties": { "visible": 1, "color": -32768, "chunks": [ ], "minimapNameVisible": 1, "personal": 0, "announceInChat": 0, "mode": "Vertex", "fullscreenVisible": 1, "announceInTitle": 0, "id": "6ccadf7a-9584-420f-abff-fa338434b981", "name2": "8ha 22a 66ca", "fullscreenNameVisible": 1, "dimension": "minecraft:overworld", "name1": "43.X.", "minimapVisible": 1, "fullscreenOwnerVisible": 0, "minimapOwnerVisible": 0, "fid": 50, "TYPE": "X", "SSTYPE": null, "SPECIES": "minecraft:gravel", "SURF": null, "PARFOR": "43" }, "geometry": { "type": "MultiPolygon", "coordinates": [ [ [ [ -794.0, 1204.509332386360484 ], [ -803.745939275585329, 1204.556844815342629 ], [ -815.601393821040006, 1216.798890269888034 ], [ -825.137302911949064, 1226.721390269888161 ], [ -833.900030184676325, 1235.226390269888043 ], [ -842.405030184676434, 1240.380935724433584 ], [ -851.296621093767385, 1243.473662997161 ], [ -866.115939275585561, 1246.82411754261534 ], [ -884.285712002858304, 1251.46320845170635 ], [ -891.888666548312813, 1254.040481178979007 ], [ -901.553439275585561, 1259.195026633524549 ], [ -911.60480291194915, 1266.02479936079726 ], [ -919.336621093767349, 1272.467981178979244 ], [ -927.068439275585547, 1282.132753906251992 ], [ -937.949039687725758, 1297.464509032449314 ], [ -934.413666548313586, 1310.353890269889689 ], [ -934.783741653318316, 1324.971856917571586 ], [ -927.068439275585661, 1321.822753906252046 ], [ -922.300484730131075, 1318.085708451706751 ], [ -920.88298473013117, 1315.250708451706487 ], [ -919.77425613114417, 1310.311826510764604 ], [ -919.465484730131152, 1308.936390269888307 ], [ -916.759348366494805, 1300.560253906252001 ], [ -913.151166548312972, 1292.441844815342847 ], [ -910.316166548312935, 1286.127526633524667 ], [ -908.25434836649481, 1283.421390269888434 ], [ -901.811166548313054, 1277.23593572443383 ], [ -892.404121093767571, 1270.663890269888498 ], [ -881.837302911949337, 1265.38048117897938 ], [ -872.9457120028585, 1262.158890269888389 ], [ -862.76548473013122, 1258.679572088070245 ], [ -848.461621093767462, 1255.844572088070208 ], [ -832.611393821040224, 1251.076617542615622 ], [ -823.204348366494742, 1245.40661754261555 ], [ -816.632302911949296, 1238.834572088070217 ], [ -802.457302911949228, 1220.793662997160936 ], [ -794.0, 1215.062267635344142 ], [ -794.0, 1206.0 ], [ -794.0, 1204.509332386360484 ] ] ] ] } },
{ "type": "Feature", "properties": { "visible": 1, "color": -32768, "chunks": [ ], "minimapNameVisible": 1, "personal": 0, "announceInChat": 0, "mode": "Vertex", "fullscreenVisible": 1, "announceInTitle": 0, "id": "6ccadf7a-9584-420f-abff-fa338434b981", "name2": "8ha 22a 66ca", "fullscreenNameVisible": 1, "dimension": "minecraft:overworld", "name1": "43.VII.", "minimapVisible": 1, "fullscreenOwnerVisible": 0, "minimapOwnerVisible": 0, "fid": 50, "TYPE": "VII", "SSTYPE": null, "SPECIES": "dtbwg:fir", "SURF": null, "PARFOR": "43" }, "geometry": { "type": "MultiPolygon", "coordinates": [ [ [ [ -803.842415570934918, 1182.900720697320821 ], [ -811.60662109376733, 1182.650026633525613 ], [ -815.730257457403695, 1182.392299360798233 ], [ -820.240484730131016, 1181.876844815343702 ], [ -824.106393821040115, 1181.361390269889171 ], [ -828.10116654831279, 1181.103662997162019 ], [ -831.838212002858313, 1181.103662997162019 ], [ -835.832984730130988, 1180.330481178980108 ], [ -838.796848366494601, 1179.557299360798197 ], [ -841.245257457403682, 1178.65525390625271 ], [ -844.466848366494673, 1176.464572088071009 ], [ -847.17298473013102, 1175.047072088070991 ], [ -849.750257457403677, 1172.985253906252865 ], [ -854.518212002858263, 1172.469799360798334 ], [ -857.482075639221875, 1171.954344815343802 ], [ -860.445939275585488, 1171.825481178979999 ], [ -868.693212002858218, 1168.346162997161855 ], [ -874.749802911949132, 1164.995708451707287 ], [ -877.713666548312858, 1163.320481178980117 ], [ -880.033212002858249, 1162.805026633525586 ], [ -882.352757457403754, 1161.258662997161764 ], [ -886.34753018467643, 1158.939117542616486 ], [ -888.538212002858245, 1157.650481178980044 ], [ -893.563893821040097, 1155.717526633525495 ], [ -896.398893821040019, 1155.202072088070963 ], [ -899.620484730131011, 1155.202072088070963 ], [ -902.584348366494623, 1156.10411754261645 ], [ -903.48639382104011, 1158.552526633525531 ], [ -903.615257457403686, 1161.258662997161764 ], [ -903.615257457403686, 1164.35139026988918 ], [ -903.615257457403686, 1169.634799360798297 ], [ -903.615257457403686, 1173.500708451707396 ], [ -903.615257457403686, 1180.58820845170726 ], [ -904.517302911949173, 1199.015708451707269 ], [ -906.321393821040147, 1216.02570845170726 ], [ -909.671848366494714, 1235.999572088071091 ], [ -913.280030184676434, 1244.504572088070972 ], [ -920.882984730131056, 1248.757072088071027 ], [ -927.841621093767344, 1250.303435724434621 ], [ -935.057984730131011, 1247.597299360798161 ], [ -942.532075639221944, 1247.210708451707205 ], [ -948.866218995865893, 1247.210708451707205 ], [ -946.784575639222453, 1265.251617542616941 ], [ -937.949039687725758, 1297.464509032449314 ], [ -927.068439275585547, 1282.132753906251992 ], [ -919.336621093767349, 1272.467981178979244 ], [ -911.60480291194915, 1266.02479936079726 ], [ -901.553439275585561, 1259.195026633524549 ], [ -891.888666548312813, 1254.040481178979007 ], [ -884.285712002858304, 1251.46320845170635 ], [ -866.115939275585561, 1246.82411754261534 ], [ -851.296621093767385, 1243.473662997161 ], [ -842.405030184676434, 1240.380935724433584 ], [ -833.900030184676325, 1235.226390269888043 ], [ -825.137302911949064, 1226.721390269888161 ], [ -815.601393821040006, 1216.798890269888034 ], [ -803.745939275585329, 1204.556844815342629 ], [ -803.842415570934918, 1182.900720697320821 ] ] ] ] } },
{ "type": "Feature", "properties": { "visible": 1, "color": -32768, "chunks": [ ], "minimapNameVisible": 1, "personal": 0, "announceInChat": 0, "mode": "Vertex", "fullscreenVisible": 1, "announceInTitle": 0, "id": "6ccadf7a-9584-420f-abff-fa338434b981", "name2": "8ha 22a 66ca", "fullscreenNameVisible": 1, "dimension": "minecraft:overworld", "name1": "43.III.4", "minimapVisible": 1, "fullscreenOwnerVisible": 0, "minimapOwnerVisible": 0, "fid": 50, "TYPE": "III", "SSTYPE": "4", "SPECIES": "dtbop:fir", "SURF": null, "PARFOR": "43" }, "geometry": { "type": "MultiPolygon", "coordinates": [ [ [ [ -858.128162147218632, 1380.370489180970253 ], [ -855.162530184676598, 1339.348208451707706 ], [ -860.05934836649476, 1311.255935724434948 ], [ -919.77425613114417, 1310.311826510764604 ], [ -920.88298473013117, 1315.250708451706487 ], [ -922.300484730131075, 1318.085708451706751 ], [ -927.068439275585661, 1321.822753906252046 ], [ -934.783741653318316, 1324.971856917571586 ], [ -934.929121093768345, 1330.71434481534402 ], [ -943.691848366495606, 1349.528435724434985 ], [ -950.908212002859159, 1360.86843572443513 ], [ -957.093666548313763, 1375.816617542616768 ], [ -966.887302911950087, 1394.630708451707733 ], [ -969.0, 1407.0 ], [ -963.0, 1402.0 ], [ -950.0, 1404.0 ], [ -931.0, 1404.0 ], [ -919.0, 1403.0 ], [ -906.0, 1400.0 ], [ -886.0, 1394.0 ], [ -872.0, 1388.0 ], [ -858.128162147218632, 1380.370489180970253 ] ] ] ] } },
{ "type": "Feature", "properties": { "visible": 1, "color": -32768, "chunks": [ ], "minimapNameVisible": 1, "personal": 0, "announceInChat": 0, "mode": "Vertex", "fullscreenVisible": 1, "announceInTitle": 0, "id": "6ccadf7a-9584-420f-abff-fa338434b981", "name2": "8ha 22a 66ca", "fullscreenNameVisible": 1, "dimension": "minecraft:overworld", "name1": "43.X.", "minimapVisible": 1, "fullscreenOwnerVisible": 0, "minimapOwnerVisible": 0, "fid": 50, "TYPE": "X", "SSTYPE": null, "SPECIES": "minecraft:fire", "SURF": null, "PARFOR": "43" }, "geometry": { "type": "MultiPolygon", "coordinates": [ [ [ [ -927.415739396960475, 1039.336569138042705 ], [ -804.483015659262946, 1039.104620602688556 ], [ -804.519121093767353, 1031.0 ], [ -927.196949000666905, 1031.0 ], [ -927.415739396960475, 1039.336569138042705 ] ] ] ] } },
{ "type": "Feature", "properties": { "visible": 1, "color": -32768, "chunks": [ ], "minimapNameVisible": 1, "personal": 0, "announceInChat": 0, "mode": "Vertex", "fullscreenVisible": 1, "announceInTitle": 0, "id": "ad9307d4-1282-4c63-b9f3-1ae57a389a3b", "name2": "8ha 42a 57ca", "fullscreenNameVisible": 1, "dimension": "minecraft:overworld", "name1": "48.IX.", "minimapVisible": 1, "fullscreenOwnerVisible": 0, "minimapOwnerVisible": 0, "fid": 18, "TYPE": "IX", "SSTYPE": null, "SPECIES": "minecraft:water", "SURF": null, "PARFOR": "48" }, "geometry": { "type": "MultiPolygon", "coordinates": [ [ [ [ -1055.416621093768981, 863.0 ], [ -1057.736166548314486, 860.49093572443519 ], [ -1060.700030184678099, 857.784799360798843 ], [ -1062.504121093769072, 855.980708451707983 ], [ -1066.112302911950792, 852.630253906253415 ], [ -1067.787530184677962, 850.568435724435176 ], [ -1071.13798473013253, 847.604572088071563 ], [ -1074.488439275587098, 845.542753906253438 ], [ -1077.45230291195071, 843.352072088071623 ], [ -1081.833666548314341, 840.517072088071586 ], [ -1085.570712002859864, 837.295481178980708 ], [ -1090.982984730132557, 833.945026633526027 ], [ -1093.94684836649617, 831.36775390625337 ], [ -1098.3282120028598, 827.888435724435226 ], [ -1101.420939275587216, 825.05343572443519 ], [ -1104.255939275587252, 822.862753906253374 ], [ -1108.121848366496351, 818.867981178980585 ], [ -1112.503212002859982, 814.74434481534422 ], [ -1121.265939275587243, 807.527981178980667 ], [ -1125.131848366496342, 804.692981178980631 ], [ -1129.642075639223549, 801.342526633526063 ], [ -1132.219348366496206, 799.667299360798779 ], [ -1138.147075639223431, 796.445708451707901 ], [ -1141.626393821041802, 793.86843572443513 ], [ -1147.425257457405678, 792.064344815344157 ], [ -1151.677757457405733, 790.646844815344252 ], [ -1156.574575639223895, 790.775708451707828 ], [ -1159.409575639223704, 791.420026633526049 ], [ -1163.146621093769227, 792.193208451707847 ], [ -1167.141393821041902, 792.966390269889644 ], [ -1168.687757457405723, 794.899344815344193 ], [ -1171.26503018467838, 797.60548117898054 ], [ -1173.842302911951037, 800.698208451707842 ], [ -1177.192757457405605, 803.662072088071454 ], [ -1180.027757457405642, 805.723890269889694 ], [ -1183.378212002860209, 808.043435724435085 ], [ -1186.599802911950974, 811.651617542616918 ], [ -1192.140939275587471, 821.058662997162401 ], [ -1192.656393821042002, 822.733890269889685 ], [ -1198.197530184678271, 837.166617542616905 ], [ -1201.934575639223567, 843.223208451707819 ], [ -1205.285030184678135, 849.150935724435044 ], [ -1206.444802911951001, 851.728208451707815 ], [ -1211.470484730132512, 859.717753906253392 ], [ -1212.630257457405378, 861.006390269889721 ], [ -1214.949802911950655, 862.552753906253429 ], [ -1219.20230291195071, 864.099117542617023 ], [ -1223.454802911950765, 865.258890269889775 ], [ -1226.289802911950801, 866.032072088071573 ], [ -1229.511393821041565, 866.676390269889794 ], [ -1232.990712002859709, 867.449572088071591 ], [ -1235.052530184678062, 867.836162997162432 ], [ -1239.820484730132648, 868.351617542617078 ], [ -1243.428666548314368, 867.965026633526122 ], [ -1257.088212002860246, 869.124799360798761 ], [ -1260.438666548314814, 870.155708451707824 ], [ -1264.820030184678444, 870.800026633526045 ], [ -1268.685939275587316, 871.959799360798797 ], [ -1271.907530184678308, 873.635026633526081 ], [ -1276.80434836649647, 875.052526633525986 ], [ -1281.830030184678435, 875.825708451707897 ], [ -1288.402075639223767, 876.083435724435162 ], [ -1292.783439275587398, 876.341162997162428 ], [ -1296.391621093769345, 877.243208451707801 ], [ -1302.06162109376919, 878.531844815344243 ], [ -1302.834802911951101, 878.531844815344243 ], [ -1310.30889382104192, 880.078208451707951 ], [ -1313.01503018467838, 881.109117542617014 ], [ -1314.947984730132703, 882.268890269889766 ], [ -1315.978893821041993, 883.557526633526095 ], [ -1316.925108777817513, 886.436480606604505 ], [ -1288.0, 888.0 ], [ -1077.0, 863.0 ], [ -1055.416621093768981, 863.0 ] ] ] ] } },
{ "type": "Feature", "properties": { "visible": 1, "color": -32768, "chunks": [ ], "minimapNameVisible": 1, "personal": 0, "announceInChat": 0, "mode": "Vertex", "fullscreenVisible": 1, "announceInTitle": 0, "id": "75e30976-06f9-480f-88dc-514f7f435140", "name2": "11ha 36a 604ca", "fullscreenNameVisible": 1, "dimension": "minecraft:overworld", "name1": "46.V.2", "minimapVisible": 1, "fullscreenOwnerVisible": 0, "minimapOwnerVisible": 0, "fid": 43, "TYPE": "V", "SSTYPE": "2", "SPECIES": "dynamictrees:birch", "SURF": null, "PARFOR": "46" }, "geometry": { "type": "MultiPolygon", "coordinates": [ [ [ [ -996.0, 1078.0 ], [ -1015.468893821042457, 1077.110708451707978 ], [ -1016.628666548315209, 1083.682753906253538 ], [ -1023.458439275587921, 1099.146390269889935 ], [ -1026.422302911951647, 1105.331844815344311 ], [ -1026.551166548315223, 1113.707981178980617 ], [ -1025.262530184678781, 1142.702299360798861 ], [ -1022.685257457405896, 1183.93866299716251 ], [ -1022.0, 1220.0 ], [ -1015.0, 1220.0 ], [ -1014.0, 1216.0 ], [ -1013.0, 1191.0 ], [ -1013.0, 1166.0 ], [ -1014.0, 1160.0 ], [ -1013.0, 1153.0 ], [ -1014.0, 1148.0 ], [ -1017.0, 1139.0 ], [ -1017.0, 1134.0 ], [ -1015.0, 1128.0 ], [ -1014.0, 1120.0 ], [ -1008.0, 1098.0 ], [ -1004.0, 1091.0 ], [ -996.0, 1078.0 ] ] ] ] } },
{ "type": "Feature", "properties": { "visible": 1, "color": -32768, "chunks": [ ], "minimapNameVisible": 1, "personal": 0, "announceInChat": 0, "mode": "Vertex", "fullscreenVisible": 1, "announceInTitle": 0, "id": "75e30976-06f9-480f-88dc-514f7f435140", "name2": "11ha 36a 604ca", "fullscreenNameVisible": 1, "dimension": "minecraft:overworld", "name1": "46.IX.", "minimapVisible": 1, "fullscreenOwnerVisible": 0, "minimapOwnerVisible": 0, "fid": 43, "TYPE": "IX", "SSTYPE": null, "SPECIES": "minecraft:water", "SURF": null, "PARFOR": "46" }, "geometry": { "type": "MultiPolygon", "coordinates": [ [ [ [ -1316.925108777817513, 886.436480606604505 ], [ -1313.627132457402695, 888.905367542618251 ], [ -1310.663268821039082, 889.16309481534563 ], [ -1306.926223366493559, 889.291958451709206 ], [ -1303.31804154831184, 890.322867542618269 ], [ -1300.096450639220848, 891.224912997163756 ], [ -1299.428792390691115, 891.258295909590288 ], [ -1297.519177911948191, 891.353776633527445 ], [ -1294.555314275584578, 891.353776633527445 ], [ -1292.235768821039073, 892.126958451709243 ], [ -1288.112132457402822, 892.126958451709243 ], [ -1286.050314275584469, 891.611503906254711 ], [ -1282.699859730130129, 891.353776633527445 ], [ -1279.220541548311758, 891.869231178981977 ], [ -1276.514405184675525, 893.157867542618305 ], [ -1272.777359730130001, 895.219685724436431 ], [ -1270.32895063922092, 898.054685724436467 ], [ -1266.591905184675625, 901.534003906254611 ], [ -1264.143496093766544, 902.178322088072832 ], [ -1260.535314275584597, 903.209231178981895 ], [ -1256.798268821039301, 906.817412997163729 ], [ -1250.483950639221121, 910.941049360800093 ], [ -1248.293268821039192, 913.002867542618219 ], [ -1242.236677911948391, 915.966731178981831 ], [ -1232.443041548312067, 919.188322088072823 ], [ -1228.319405184675816, 921.89445845170917 ], [ -1222.649405184675743, 927.049003906254597 ], [ -1214.917587002857545, 931.430367542618228 ], [ -1210.922814275584869, 933.878776633527309 ], [ -1204.350768821039537, 936.713776633527232 ], [ -1199.969405184675907, 939.291049360800002 ], [ -1196.747814275584915, 942.254912997163615 ], [ -1193.139632457403195, 945.476503906254493 ], [ -1188.629405184675761, 949.600140269890858 ], [ -1186.052132457403104, 951.146503906254452 ], [ -1179.995541548312303, 953.594912997163533 ], [ -1175.356450639221293, 955.527867542618083 ], [ -1171.748268821039574, 957.33195845170917 ], [ -1169.9441779119486, 958.362867542618233 ], [ -1163.372132457403268, 960.424685724436472 ], [ -1159.763950639221321, 961.7133220880728 ], [ -1154.609405184676007, 961.971049360800066 ], [ -1149.454859730130465, 961.069003906254693 ], [ -1146.233268821039701, 959.393776633527409 ], [ -1143.011677911948709, 954.625822088072823 ], [ -1141.465314275585115, 951.661958451709211 ], [ -1139.661223366494141, 948.053776633527377 ], [ -1138.114859730130547, 944.445594815345657 ], [ -1137.083950639221484, 941.352867542618355 ], [ -1135.53758700285789, 938.131276633527477 ], [ -1133.218041548312385, 934.909685724436486 ], [ -1131.027359730130684, 933.234458451709315 ], [ -1128.836677911948755, 931.172640269891076 ], [ -1127.548041548312312, 930.012867542618324 ], [ -1123.553268821039637, 927.435594815345667 ], [ -1120.202814275585069, 927.177867542618401 ], [ -1117.496677911948836, 926.920140269891135 ], [ -1111.697814275585188, 926.146958451709111 ], [ -1108.605087002857999, 926.404685724436376 ], [ -1104.352587002857945, 927.306731178981863 ], [ -1100.35781427558527, 928.20877663352735 ], [ -1095.460996093767108, 930.01286754261821 ], [ -1090.435314275585142, 931.688094815345494 ], [ -1081.801450639221684, 932.976731178981822 ], [ -1079.610768821039755, 934.136503906254575 ], [ -1078.450996093767117, 937.358094815345453 ], [ -1076.260314275585188, 940.708549360800021 ], [ -1072.265541548312513, 945.734231178981872 ], [ -1067.368723366494351, 949.600140269890858 ], [ -1064.147132457403586, 954.239231178981754 ], [ -1061.69872336649405, 958.427299360799793 ], [ -1060.152359730130456, 960.231390269890653 ], [ -1057.381791548312322, 963.710708451708797 ], [ -1056.222018821039683, 966.481276633527045 ], [ -1055.835427911948727, 968.543094815345171 ], [ -1055.126677911948718, 970.282753906254243 ], [ -1050.036564275585079, 973.504344815345235 ], [ -1048.876791548312212, 975.308435724436094 ], [ -1043.97997336649405, 978.658890269890662 ], [ -1040.758382457403286, 981.107299360799743 ], [ -1038.438837002857781, 983.620140269890612 ], [ -1033.670882457403195, 987.937072088072455 ], [ -1030.449291548312431, 991.802981178981554 ], [ -1027.807587002857872, 996.377640269890549 ], [ -1026.325655184675952, 997.730708451708665 ], [ -1024.263837002857827, 1000.694572088072277 ], [ -1020.591223366494205, 1005.655822088072341 ], [ -1019.044859730130611, 1008.619685724435953 ], [ -1017.240768821039637, 1012.614458451708629 ], [ -1017.176337002857963, 1015.578322088072355 ], [ -1018.142814275585238, 1020.024117542617773 ], [ -1019.689177911948832, 1022.665822088072332 ], [ -1021.042246093767062, 1024.341049360799616 ], [ -1022.846337002857922, 1026.660594815345121 ], [ -1024.875939275587598, 1030.977526633526168 ], [ -996.0, 1031.0 ], [ -996.0, 1024.0 ], [ -1000.0, 1005.0 ], [ -1006.0, 989.0 ], [ -1024.0, 962.0 ], [ -1047.0, 922.0 ], [ -1077.0, 887.0 ], [ -1077.0, 863.0 ], [ -1288.0, 888.0 ], [ -1316.925108777817513, 886.436480606604505 ] ] ] ] } },
{ "type": "Feature", "properties": { "visible": 1, "color": -32768, "chunks": [ ], "minimapNameVisible": 1, "personal": 0, "announceInChat": 0, "mode": "Vertex", "fullscreenVisible": 1, "announceInTitle": 0, "id": "75e30976-06f9-480f-88dc-514f7f435140", "name2": "11ha 36a 604ca", "fullscreenNameVisible": 1, "dimension": "minecraft:overworld", "name1": "46.VII.", "minimapVisible": 1, "fullscreenOwnerVisible": 0, "minimapOwnerVisible": 0, "fid": 43, "TYPE": "VII", "SSTYPE": null, "SPECIES": "dtbwg:fir", "SURF": null, "PARFOR": "46" }, "geometry": { "type": "MultiPolygon", "coordinates": [ [ [ [ -1381.0, 982.0 ], [ -1374.611848366496133, 964.612753906253488 ], [ -1369.457302911951047, 949.793435724435312 ], [ -1367.910939275587225, 939.999799360798875 ], [ -1365.59139382104172, 926.082526633526072 ], [ -1362.885257457405487, 899.923208451707865 ], [ -1362.0, 885.0 ], [ -1407.0, 885.0 ], [ -1408.0, 976.0 ], [ -1394.0, 977.0 ], [ -1391.0, 982.0 ], [ -1381.0, 982.0 ] ] ] ] } },
{ "type": "Feature", "properties": { "visible": 1, "color": -32768, "chunks": [ ], "minimapNameVisible": 1, "personal": 0, "announceInChat": 0, "mode": "Vertex", "fullscreenVisible": 1, "announceInTitle": 0, "id": "75e30976-06f9-480f-88dc-514f7f435140", "name2": "11ha 36a 604ca", "fullscreenNameVisible": 1, "dimension": "minecraft:overworld", "name1": "46.I.3", "minimapVisible": 1, "fullscreenOwnerVisible": 0, "minimapOwnerVisible": 0, "fid": 43, "TYPE": "I", "SSTYPE": "3", "SPECIES": "dynamictrees:oak", "SURF": null, "PARFOR": "46" }, "geometry": { "type": "MultiPolygon", "coordinates": [ [ [ [ -1163.372132457403268, 960.424685724436472 ], [ -1162.69559836649205, 965.901390269886747 ], [ -1161.406962002855835, 971.055935724432175 ], [ -1160.118325639219393, 972.731162997159458 ], [ -1153.675143821037636, 984.973208451704863 ], [ -1152.77309836649215, 989.096844815341228 ], [ -1149.615939275587152, 995.540026633526054 ], [ -1144.847984730132566, 990.643208451707892 ], [ -1140.33775745740536, 985.74639026988973 ], [ -1133.379121093768845, 974.277526633526122 ], [ -1129.770939275586898, 968.994117542617005 ], [ -1126.42048473013233, 963.195253906253356 ], [ -1122.683439275587034, 957.525253906253283 ], [ -1117.271166548314113, 952.886162997162387 ], [ -1110.18366654831425, 949.922299360798775 ], [ -1104.642530184677753, 950.051162997162464 ], [ -1096.137530184678099, 954.045935724435253 ], [ -1086.086166548314395, 962.550935724435249 ], [ -1083.637757457405314, 968.092072088071632 ], [ -1080.673893821041702, 975.179572088071609 ], [ -1075.77707563922354, 982.009344815344321 ], [ -1067.143212002859855, 987.421617542617128 ], [ -1053.483666548314204, 994.637981178980795 ], [ -1041.757075639223103, 1007.395481178980845 ], [ -1031.447984730132248, 1020.281844815344471 ], [ -1024.875939275587598, 1030.977526633526168 ], [ -1022.846337002857922, 1026.660594815345121 ], [ -1021.042246093767062, 1024.341049360799616 ], [ -1019.689177911948832, 1022.665822088072332 ], [ -1018.142814275585238, 1020.024117542617773 ], [ -1017.176337002857963, 1015.578322088072355 ], [ -1017.240768821039637, 1012.614458451708629 ], [ -1019.044859730130611, 1008.619685724435953 ], [ -1020.591223366494205, 1005.655822088072341 ], [ -1024.263837002857827, 1000.694572088072277 ], [ -1026.325655184675952, 997.730708451708665 ], [ -1027.807587002857872, 996.377640269890549 ], [ -1030.449291548312431, 991.802981178981554 ], [ -1033.670882457403195, 987.937072088072455 ], [ -1038.438837002857781, 983.620140269890612 ], [ -1040.758382457403286, 981.107299360799743 ], [ -1043.97997336649405, 978.658890269890662 ], [ -1048.876791548312212, 975.308435724436094 ], [ -1050.036564275585079, 973.504344815345235 ], [ -1055.126677911948718, 970.282753906254243 ], [ -1055.835427911948727, 968.543094815345171 ], [ -1056.222018821039683, 966.481276633527045 ], [ -1057.381791548312322, 963.710708451708797 ], [ -1060.152359730130456, 960.231390269890653 ], [ -1061.69872336649405, 958.427299360799793 ], [ -1064.147132457403586, 954.239231178981754 ], [ -1067.368723366494351, 949.600140269890858 ], [ -1072.265541548312513, 945.734231178981872 ], [ -1076.260314275585188, 940.708549360800021 ], [ -1078.450996093767117, 937.358094815345453 ], [ -1079.610768821039755, 934.136503906254575 ], [ -1081.801450639221684, 932.976731178981822 ], [ -1090.435314275585142, 931.688094815345494 ], [ -1095.460996093767108, 930.01286754261821 ], [ -1100.35781427558527, 928.20877663352735 ], [ -1104.352587002857945, 927.306731178981863 ], [ -1108.605087002857999, 926.404685724436376 ], [ -1111.697814275585188, 926.146958451709111 ], [ -1117.496677911948836, 926.920140269891135 ], [ -1120.202814275585069, 927.177867542618401 ], [ -1123.553268821039637, 927.435594815345667 ], [ -1127.548041548312312, 930.012867542618324 ], [ -1128.836677911948755, 931.172640269891076 ], [ -1131.027359730130684, 933.234458451709315 ], [ -1133.218041548312385, 934.909685724436486 ], [ -1135.53758700285789, 938.131276633527477 ], [ -1137.083950639221484, 941.352867542618355 ], [ -1138.114859730130547, 944.445594815345657 ], [ -1139.661223366494141, 948.053776633527377 ], [ -1141.465314275585115, 951.661958451709211 ], [ -1143.011677911948709, 954.625822088072823 ], [ -1146.233268821039701, 959.393776633527409 ], [ -1149.454859730130465, 961.069003906254693 ], [ -1154.609405184676007, 961.971049360800066 ], [ -1159.763950639221321, 961.7133220880728 ], [ -1163.372132457403268, 960.424685724436472 ] ] ] ] } },
{ "type": "Feature", "properties": { "visible": 1, "color": -32768, "chunks": [ ], "minimapNameVisible": 1, "personal": 0, "announceInChat": 0, "mode": "Vertex", "fullscreenVisible": 1, "announceInTitle": 0, "id": "75e30976-06f9-480f-88dc-514f7f435140", "name2": "11ha 36a 604ca", "fullscreenNameVisible": 1, "dimension": "minecraft:overworld", "name1": "46.VII.", "minimapVisible": 1, "fullscreenOwnerVisible": 0, "minimapOwnerVisible": 0, "fid": 43, "TYPE": "VII", "SSTYPE": null, "SPECIES": "dynamictrees:spruce", "SURF": null, "PARFOR": "46" }, "geometry": { "type": "MultiPolygon", "coordinates": [ [ [ [ -1299.742075639223685, 906.495253906253311 ], [ -1299.428792390691115, 891.258295909590288 ], [ -1300.096450639220848, 891.224912997163756 ], [ -1303.31804154831184, 890.322867542618269 ], [ -1306.926223366493559, 889.291958451709206 ], [ -1310.663268821039082, 889.16309481534563 ], [ -1313.627132457402695, 888.905367542618251 ], [ -1316.925108777817513, 886.436480606604505 ], [ -1325.0, 886.0 ], [ -1340.266885831235868, 887.796104215439527 ], [ -1342.0, 888.0 ], [ -1362.0, 885.0 ], [ -1362.885257457405487, 899.923208451707865 ], [ -1356.570939275587534, 900.052072088071441 ], [ -1350.772075639223885, 900.438662997162396 ], [ -1347.292757457405742, 900.438662997162396 ], [ -1342.911393821042111, 900.954117542616927 ], [ -1337.75684836649657, 901.98502663352599 ], [ -1331.44253018467839, 902.629344815344211 ], [ -1326.932302911950956, 902.887072088071477 ], [ -1320.875712002860155, 903.531390269889584 ], [ -1314.819121093769127, 905.077753906253292 ], [ -1307.60275745740546, 906.495253906253311 ], [ -1299.742075639223685, 906.495253906253311 ] ] ] ] } },
{ "type": "Feature", "properties": { "visible": 1, "color": -32768, "chunks": [ ], "minimapNameVisible": 1, "personal": 0, "announceInChat": 0, "mode": "Vertex", "fullscreenVisible": 1, "announceInTitle": 0, "id": "f2747ead-33f8-4bb1-a3a9-b73ebdeb9f6f", "name2": "7ha 20a 22ca", "fullscreenNameVisible": 1, "dimension": "minecraft:overworld", "name1": "44.I.3", "minimapVisible": 1, "fullscreenOwnerVisible": 0, "minimapOwnerVisible": 0, "fid": 2, "TYPE": "I", "SSTYPE": "3", "SPECIES": "dynamictrees:oak", "SURF": null, "PARFOR": "44" }, "geometry": { "type": "MultiPolygon", "coordinates": [ [ [ [ -1365.0, 1335.0 ], [ -1363.432927911946535, 1313.736560724430774 ], [ -1368.072018821037318, 1309.355197088067143 ], [ -1376.963609730128155, 1305.231560724430892 ], [ -1383.277927911946335, 1301.752242542612748 ], [ -1388.947927911946181, 1295.695651633521948 ], [ -1390.365427911946199, 1291.958606178976424 ], [ -1390.752018821037154, 1284.097924360794877 ], [ -1392.040655184673369, 1274.175424360794977 ], [ -1393.071564275582432, 1266.185878906249627 ], [ -1392.298382457400521, 1250.206787997158699 ], [ -1392.298382457400521, 1240.026560724431647 ], [ -1392.298382457400521, 1234.098833451704422 ], [ -1388.690200639218801, 1227.655651633522893 ], [ -1386.628382457400448, 1224.047469815340946 ], [ -1381.989291548309666, 1217.60428799715919 ], [ -1378.896564275582477, 1214.25383345170485 ], [ -1373.226564275582632, 1208.583833451704777 ], [ -1367.556564275582559, 1206.779742542614031 ], [ -1362.402018821037245, 1204.975651633523057 ], [ -1354.154746093764516, 1202.140651633523021 ], [ -1351.835200639219238, 1201.625197088068489 ], [ -1341.783837002855762, 1197.243833451705086 ], [ -1339.979746093764788, 1195.955197088068644 ], [ -1334.567473366492095, 1192.089287997159545 ], [ -1329.412927911946781, 1185.646106178977789 ], [ -1325.03156427558315, 1175.852469815341692 ], [ -1322.454291548310493, 1167.089742542614431 ], [ -1321.165655184674051, 1160.646560724432675 ], [ -1317.815200639219483, 1151.368378906250882 ], [ -1317.815200639219483, 1141.059287997160254 ], [ -1317.815200639219483, 1132.038833451705841 ], [ -1318.588382457401394, 1127.65746981534221 ], [ -1324.0, 1112.0 ], [ -1334.0, 1097.0 ], [ -1363.0, 1065.0 ], [ -1379.0, 1038.0 ], [ -1381.0, 1024.0 ], [ -1381.0, 982.0 ], [ -1391.0, 982.0 ], [ -1391.0, 1047.0 ], [ -1380.0, 1061.0 ], [ -1377.0, 1075.0 ], [ -1363.0, 1088.0 ], [ -1349.0, 1097.0 ], [ -1344.0, 1109.0 ], [ -1343.0, 1124.0 ], [ -1337.0, 1136.0 ], [ -1334.0, 1161.0 ], [ -1340.0, 1179.0 ], [ -1355.0, 1183.0 ], [ -1361.0, 1191.0 ], [ -1376.0, 1200.0 ], [ -1386.0, 1205.0 ], [ -1395.0, 1211.0 ], [ -1400.0, 1240.0 ], [ -1399.0, 1254.0 ], [ -1399.0, 1273.0 ], [ -1397.0, 1289.0 ], [ -1398.0, 1303.0 ], [ -1393.0, 1307.0 ], [ -1388.0, 1310.0 ], [ -1382.0, 1312.0 ], [ -1378.0, 1315.0 ], [ -1372.0, 1317.0 ], [ -1365.0, 1335.0 ] ] ] ] } },
{ "type": "Feature", "properties": { "visible": 1, "color": -32768, "chunks": [ ], "minimapNameVisible": 1, "personal": 0, "announceInChat": 0, "mode": "Vertex", "fullscreenVisible": 1, "announceInTitle": 0, "id": "f2747ead-33f8-4bb1-a3a9-b73ebdeb9f6f", "name2": "7ha 20a 22ca", "fullscreenNameVisible": 1, "dimension": "minecraft:overworld", "name1": "44", "minimapVisible": 1, "fullscreenOwnerVisible": 0, "minimapOwnerVisible": 0, "fid": 2, "TYPE": "III", "SSTYPE": "4", "SPECIES": "dynamictrees:spruce", "SURF": null, "PARFOR": "44" }, "geometry": { "type": "MultiPolygon", "coordinates": [ [ [ [ -1368.072018821037318, 1309.355197088067143 ], [ -1356.216564275583096, 1303.94292436079445 ], [ -1351.835200639219465, 1303.169742542612539 ], [ -1348.484746093764898, 1301.623378906248945 ], [ -1342.041564275583141, 1300.592469815339882 ], [ -1341.010655184674079, 1300.33474254261273 ], [ -1335.856109730128765, 1296.984287997158162 ], [ -1334.567473366492322, 1295.69565163352172 ], [ -1331.732473366492513, 1291.829742542612848 ], [ -1329.92838245740154, 1289.767924360794495 ], [ -1327.608837002856035, 1285.644287997158244 ], [ -1325.547018821037909, 1279.716560724431019 ], [ -1323.485200639219784, 1274.819742542612858 ], [ -1321.423382457401658, 1269.407469815340392 ], [ -1319.619291548310684, 1265.283833451703913 ], [ -1318.33065518467447, 1260.129287997158599 ], [ -1318.33065518467447, 1254.717015269885906 ], [ -1317.815200639219938, 1248.531560724431529 ], [ -1317.042018821038027, 1239.511106178977116 ], [ -1317.815200639219711, 1229.20201526988626 ], [ -1319.877018821037836, 1220.697015269886379 ], [ -1323.227473366492404, 1210.645651633522903 ], [ -1325.547018821037909, 1203.171560724432084 ], [ -1327.866564275583187, 1199.305651633522984 ], [ -1334.567473366492095, 1192.089287997159545 ], [ -1339.979746093764788, 1195.955197088068644 ], [ -1341.783837002855762, 1197.243833451705086 ], [ -1351.835200639219238, 1201.625197088068489 ], [ -1354.154746093764516, 1202.140651633523021 ], [ -1362.402018821037245, 1204.975651633523057 ], [ -1367.556564275582559, 1206.779742542614031 ], [ -1373.226564275582632, 1208.583833451704777 ], [ -1378.896564275582477, 1214.25383345170485 ], [ -1381.989291548309666, 1217.60428799715919 ], [ -1386.628382457400448, 1224.047469815340946 ], [ -1388.690200639218801, 1227.655651633522893 ], [ -1392.298382457400521, 1234.098833451704422 ], [ -1392.298382457400521, 1240.026560724431647 ], [ -1392.298382457400521, 1250.206787997158699 ], [ -1393.071564275582432, 1266.185878906249627 ], [ -1392.040655184673369, 1274.175424360794977 ], [ -1390.752018821037154, 1284.097924360794877 ], [ -1390.365427911946199, 1291.958606178976424 ], [ -1388.947927911946181, 1295.695651633521948 ], [ -1383.277927911946335, 1301.752242542612748 ], [ -1376.963609730128155, 1305.231560724430892 ], [ -1368.072018821037318, 1309.355197088067143 ] ] ] ] } },
{ "type": "Feature", "properties": { "visible": 1, "color": -32768, "chunks": [ ], "minimapNameVisible": 1, "personal": 0, "announceInChat": 0, "mode": "Vertex", "fullscreenVisible": 1, "announceInTitle": 0, "id": "f2747ead-33f8-4bb1-a3a9-b73ebdeb9f6f", "name2": "7ha 20a 22ca", "fullscreenNameVisible": 1, "dimension": "minecraft:overworld", "name1": "44", "minimapVisible": 1, "fullscreenOwnerVisible": 0, "minimapOwnerVisible": 0, "fid": 2, "TYPE": "III", "SSTYPE": "4", "SPECIES": "dtbop:redwood", "SURF": null, "PARFOR": "44" }, "geometry": { "type": "MultiPolygon", "coordinates": [ [ [ [ -1317.815200639219711, 1229.20201526988626 ], [ -1307.763837002856462, 1233.067924360795587 ], [ -1302.09383700285639, 1236.160651633522775 ], [ -1299.774291548311112, 1237.191560724431838 ], [ -1297.970200639220138, 1238.73792436079566 ], [ -1293.846564275583887, 1242.08837890625 ], [ -1287.661109730129283, 1245.696560724431947 ], [ -1284.826109730129474, 1247.242924360795541 ], [ -1280.444746093765843, 1248.273833451704604 ], [ -1277.609746093765807, 1248.789287997159136 ], [ -1272.197473366493114, 1247.758378906250073 ], [ -1265.754291548311357, 1247.242924360795541 ], [ -1259.568837002856981, 1247.242924360795541 ], [ -1255.702927911947882, 1246.985197088068162 ], [ -1254.414291548311667, 1249.047015269886288 ], [ -1253.641109730129756, 1251.882015269886324 ], [ -1253.383382457402604, 1257.294287997159017 ], [ -1252.867927911948073, 1259.871560724431674 ], [ -1251.57929154831163, 1261.9333789062498 ], [ -1238.177473366493587, 1266.830197088067962 ], [ -1227.868382457402959, 1267.087924360795114 ], [ -1223.229291548311949, 1266.830197088067962 ], [ -1218.847927911948318, 1266.31474254261343 ], [ -1208.796564275584842, 1266.057015269886051 ], [ -1197.907587002857554, 1253.557242542613494 ], [ -1211.0, 1256.0 ], [ -1215.0, 1255.0 ], [ -1218.0, 1253.0 ], [ -1228.0, 1242.0 ], [ -1233.0, 1234.0 ], [ -1237.0, 1219.0 ], [ -1246.0, 1187.0 ], [ -1254.0, 1164.0 ], [ -1259.0, 1152.0 ], [ -1266.0, 1140.0 ], [ -1274.0, 1134.0 ], [ -1292.0, 1126.0 ], [ -1304.0, 1123.0 ], [ -1316.0, 1119.0 ], [ -1324.0, 1112.0 ], [ -1318.588382457401394, 1127.65746981534221 ], [ -1317.815200639219483, 1132.038833451705841 ], [ -1317.815200639219483, 1141.059287997160254 ], [ -1317.815200639219483, 1151.368378906250882 ], [ -1321.165655184674051, 1160.646560724432675 ], [ -1322.454291548310493, 1167.089742542614431 ], [ -1325.03156427558315, 1175.852469815341692 ], [ -1329.412927911946781, 1185.646106178977789 ], [ -1334.567473366492095, 1192.089287997159545 ], [ -1327.866564275583187, 1199.305651633522984 ], [ -1325.547018821037909, 1203.171560724432084 ], [ -1323.227473366492404, 1210.645651633522903 ], [ -1319.877018821037836, 1220.697015269886379 ], [ -1317.815200639219711, 1229.20201526988626 ] ] ] ] } },
{ "type": "Feature", "properties": { "visible": 1, "color": -32768, "chunks": [ ], "minimapNameVisible": 1, "personal": 0, "announceInChat": 0, "mode": "Vertex", "fullscreenVisible": 1, "announceInTitle": 0, "id": "f2747ead-33f8-4bb1-a3a9-b73ebdeb9f6f", "name2": "7ha 20a 22ca", "fullscreenNameVisible": 1, "dimension": "minecraft:overworld", "name1": "44", "minimapVisible": 1, "fullscreenOwnerVisible": 0, "minimapOwnerVisible": 0, "fid": 2, "TYPE": "III", "SSTYPE": "1", "SPECIES": "dtbwg:fir", "SURF": null, "PARFOR": "44" }, "geometry": { "type": "MultiPolygon", "coordinates": [ [ [ [ -1365.0, 1350.5 ], [ -1360.34020063921912, 1354.070878906248936 ], [ -1357.762927911946463, 1357.163606178976124 ], [ -1352.737246093764725, 1361.158378906248799 ], [ -1347.840427911946563, 1364.895424360794095 ], [ -1344.232246093764843, 1366.441787997157917 ], [ -1341.268382457401231, 1366.055197088066961 ], [ -1335.727246093764734, 1364.766560724430519 ], [ -1331.088155184673951, 1363.349060724430501 ], [ -1327.479973366492231, 1361.673833451703331 ], [ -1325.28929154831053, 1360.642924360794268 ], [ -1320.779064275583323, 1359.612015269885205 ], [ -1318.846109730128774, 1359.612015269885205 ], [ -1315.753382457401585, 1360.127469815339737 ], [ -1314.078155184674188, 1361.802697088066907 ], [ -1313.0, 1368.0 ], [ -1208.796564275584842, 1266.057015269886051 ], [ -1218.847927911948318, 1266.31474254261343 ], [ -1223.229291548311949, 1266.830197088067962 ], [ -1227.868382457402959, 1267.087924360795114 ], [ -1238.177473366493587, 1266.830197088067962 ], [ -1251.57929154831163, 1261.9333789062498 ], [ -1252.867927911948073, 1259.871560724431674 ], [ -1253.383382457402604, 1257.294287997159017 ], [ -1253.641109730129756, 1251.882015269886324 ], [ -1254.414291548311667, 1249.047015269886288 ], [ -1255.702927911947882, 1246.985197088068162 ], [ -1259.568837002856981, 1247.242924360795541 ], [ -1265.754291548311357, 1247.242924360795541 ], [ -1272.197473366493114, 1247.758378906250073 ], [ -1277.609746093765807, 1248.789287997159136 ], [ -1280.444746093765843, 1248.273833451704604 ], [ -1284.826109730129474, 1247.242924360795541 ], [ -1287.661109730129283, 1245.696560724431947 ], [ -1293.846564275583887, 1242.08837890625 ], [ -1297.970200639220138, 1238.73792436079566 ], [ -1299.774291548311112, 1237.191560724431838 ], [ -1302.09383700285639, 1236.160651633522775 ], [ -1307.763837002856462, 1233.067924360795587 ], [ -1317.815200639219711, 1229.20201526988626 ], [ -1317.042018821038027, 1239.511106178977116 ], [ -1317.815200639219938, 1248.531560724431529 ], [ -1318.33065518467447, 1254.717015269885906 ], [ -1318.33065518467447, 1260.129287997158599 ], [ -1319.619291548310684, 1265.283833451703913 ], [ -1321.423382457401658, 1269.407469815340392 ], [ -1323.485200639219784, 1274.819742542612858 ], [ -1325.547018821037909, 1279.716560724431019 ], [ -1327.608837002856035, 1285.644287997158244 ], [ -1329.92838245740154, 1289.767924360794495 ], [ -1331.732473366492513, 1291.829742542612848 ], [ -1334.567473366492322, 1295.69565163352172 ], [ -1335.856109730128765, 1296.984287997158162 ], [ -1341.010655184674079, 1300.33474254261273 ], [ -1342.041564275583141, 1300.592469815339882 ], [ -1348.484746093764898, 1301.623378906248945 ], [ -1351.835200639219465, 1303.169742542612539 ], [ -1356.216564275583096, 1303.94292436079445 ], [ -1368.072018821037318, 1309.355197088067143 ], [ -1363.432927911946535, 1313.736560724430774 ], [ -1365.0, 1335.0 ], [ -1365.0, 1350.5 ] ] ] ] } },
{ "type": "Feature", "properties": { "visible": 1, "color": -32768, "chunks": [ ], "minimapNameVisible": 1, "personal": 0, "announceInChat": 0, "mode": "Vertex", "fullscreenVisible": 1, "announceInTitle": 0, "id": "f2747ead-33f8-4bb1-a3a9-b73ebdeb9f6f", "name2": "7ha 20a 22ca", "fullscreenNameVisible": 1, "dimension": "minecraft:overworld", "name1": "44.I.3", "minimapVisible": 1, "fullscreenOwnerVisible": 0, "minimapOwnerVisible": 0, "fid": 2, "TYPE": "I", "SSTYPE": "3", "SPECIES": "dynamictrees:dark_oak", "SURF": null, "PARFOR": "44" }, "geometry": { "type": "MultiPolygon", "coordinates": [ [ [ [ -1313.0, 1368.0 ], [ -1314.078155184674188, 1361.802697088066907 ], [ -1315.753382457401585, 1360.127469815339737 ], [ -1318.846109730128774, 1359.612015269885205 ], [ -1320.779064275583323, 1359.612015269885205 ], [ -1325.28929154831053, 1360.642924360794268 ], [ -1327.479973366492231, 1361.673833451703331 ], [ -1331.088155184673951, 1363.349060724430501 ], [ -1335.727246093764734, 1364.766560724430519 ], [ -1341.268382457401231, 1366.055197088066961 ], [ -1344.232246093764843, 1366.441787997157917 ], [ -1347.840427911946563, 1364.895424360794095 ], [ -1352.737246093764725, 1361.158378906248799 ], [ -1357.762927911946463, 1357.163606178976124 ], [ -1360.34020063921912, 1354.070878906248936 ], [ -1365.0, 1350.5 ], [ -1365.0, 1366.0 ], [ -1364.0, 1372.0 ], [ -1364.0, 1409.0 ], [ -1350.0, 1409.0 ], [ -1347.0, 1378.0 ], [ -1342.0, 1373.0 ], [ -1334.0, 1372.0 ], [ -1330.0, 1371.0 ], [ -1324.0, 1369.0 ], [ -1313.0, 1368.0 ] ] ] ] } },
{ "type": "Feature", "properties": { "visible": 1, "color": -32768, "chunks": [ ], "minimapNameVisible": 1, "personal": 0, "announceInChat": 0, "mode": "Vertex", "fullscreenVisible": 1, "announceInTitle": 0, "id": "f2747ead-33f8-4bb1-a3a9-b73ebdeb9f6f", "name2": "7ha 20a 22ca", "fullscreenNameVisible": 1, "dimension": "minecraft:overworld", "name1": "44.I.3", "minimapVisible": 1, "fullscreenOwnerVisible": 0, "minimapOwnerVisible": 0, "fid": 2, "TYPE": "I", "SSTYPE": "3", "SPECIES": "dynamictrees:dark_oak", "SURF": null, "PARFOR": "44" }, "geometry": { "type": "MultiPolygon", "coordinates": [ [ [ [ -1134.861052911946899, 1408.0 ], [ -1131.768325639219711, 1394.630708451705004 ], [ -1129.191052911946826, 1389.476162997159463 ], [ -1127.38696200285608, 1381.486617542613885 ], [ -1125.067416548310575, 1373.497072088068535 ], [ -1124.551962002856044, 1368.857981178977525 ], [ -1127.644689275583232, 1365.507526633523185 ], [ -1136.407416548310493, 1370.146617542613967 ], [ -1138.98468927558315, 1374.527981178977598 ], [ -1142.335143821037718, 1380.19798117897767 ], [ -1145.427871093765134, 1384.321617542613922 ], [ -1150.324689275583296, 1386.383435724432275 ], [ -1156.5101438210379, 1385.352526633522984 ], [ -1164.241962002855871, 1383.032981178977707 ], [ -1173.777871093765043, 1382.259799360795796 ], [ -1178.932416548310584, 1380.971162997159354 ], [ -1185.63332563921972, 1376.074344815341192 ], [ -1190.014689275583351, 1367.56934481534131 ], [ -1192.849689275583387, 1364.734344815341274 ], [ -1199.550598366492295, 1364.992072088068653 ], [ -1205.993780184674279, 1369.631162997159436 ], [ -1209.601962002855998, 1371.950708451704941 ], [ -1217.591507457401349, 1376.074344815341192 ], [ -1220.426507457401385, 1377.362981178977634 ], [ -1225.581052911946927, 1382.259799360795796 ], [ -1230.735598366492468, 1385.610253906250364 ], [ -1235.116962002856098, 1386.641162997159427 ], [ -1243.106507457401449, 1387.414344815341337 ], [ -1249.549689275583205, 1388.4452539062504 ], [ -1254.446507457401367, 1388.960708451704932 ], [ -1261.147416548310503, 1388.960708451704932 ], [ -1264.497871093765298, 1389.733890269886615 ], [ -1268.621507457401549, 1390.249344815341146 ], [ -1274.549234730128774, 1390.249344815341146 ], [ -1276.095598366492595, 1388.187526633523021 ], [ -1277.126507457401658, 1386.125708451704895 ], [ -1282.538780184674351, 1387.156617542613958 ], [ -1285.116052911947008, 1388.4452539062504 ], [ -1288.981962002856108, 1389.218435724432084 ], [ -1291.043780184674233, 1386.898890269886806 ], [ -1292.590143821038055, 1384.06389026988677 ], [ -1294.909689275583332, 1381.228890269886733 ], [ -1298.775598366492432, 1379.167072088068608 ], [ -1309.0, 1375.0 ], [ -1328.0, 1377.0 ], [ -1336.0, 1381.0 ], [ -1340.0, 1384.0 ], [ -1342.0, 1396.0 ], [ -1342.0, 1408.0 ], [ -1134.861052911946899, 1408.0 ] ] ] ] } },
{ "type": "Feature", "properties": { "visible": 1, "color": -32768, "chunks": [ ], "minimapNameVisible": 1, "personal": 0, "announceInChat": 0, "mode": "Vertex", "fullscreenVisible": 1, "announceInTitle": 0, "id": "f2747ead-33f8-4bb1-a3a9-b73ebdeb9f6f", "name2": "7ha 20a 22ca", "fullscreenNameVisible": 1, "dimension": "minecraft:overworld", "name1": "44.III.7", "minimapVisible": 1, "fullscreenOwnerVisible": 0, "minimapOwnerVisible": 0, "fid": 2, "TYPE": "III", "SSTYPE": "7", "SPECIES": "dtbop:fir", "SURF": null, "PARFOR": "44" }, "geometry": { "type": "MultiPolygon", "coordinates": [ [ [ [ -1125.067416548310575, 1373.497072088068535 ], [ -1120.428325639219793, 1374.270253906249991 ], [ -1118.366507457401667, 1374.270253906249991 ], [ -1113.985143821038037, 1375.558890269886433 ], [ -1111.665598366492532, 1379.682526633522684 ], [ -1109.088325639219875, 1381.486617542613658 ], [ -1102.645143821038118, 1382.7752539062501 ], [ -1101.614234730129056, 1381.744344815341037 ], [ -1099.810143821038082, 1379.424799360795532 ], [ -1098.006052911946881, 1373.75479936079546 ], [ -1094.140143821037782, 1364.218890269886515 ], [ -1092.336052911947036, 1361.126162997159099 ], [ -1092.336052911947036, 1357.002526633522848 ], [ -1090.274234730128683, 1354.940708451704495 ], [ -1087.954689275583405, 1353.65207208806828 ], [ -1084.088780184674306, 1351.074799360795396 ], [ -1083.315598366492395, 1349.27070845170465 ], [ -1085.89287109376528, 1345.920253906250082 ], [ -1095.944234730128755, 1348.755253906250118 ], [ -1101.356507457401449, 1346.951162997159145 ], [ -1103.160598366492422, 1340.507981178977388 ], [ -1102.12968927558336, 1336.38434481534091 ], [ -1100.067871093765234, 1331.229799360795596 ], [ -1094.913325639219693, 1328.39479936079556 ], [ -1089.24332563921962, 1327.106162997159117 ], [ -1086.666052911946963, 1324.52889026988646 ], [ -1084.604234730128837, 1319.116617542613767 ], [ -1081.25378018467427, 1314.735253906250136 ], [ -1076.356962002856108, 1309.838435724431974 ], [ -1075.841507457401576, 1309.065253906250064 ], [ -1074.810598366492286, 1304.683890269886433 ], [ -1072.233325639219629, 1299.529344815341119 ], [ -1070.171507457401503, 1296.694344815341083 ], [ -1069.140598366492441, 1294.890253906250109 ], [ -1067.078780184674088, 1290.251162997159099 ], [ -1067.078780184674088, 1288.962526633522884 ], [ -1069.140598366492441, 1283.550253906250191 ], [ -1071.202416548310566, 1283.292526633522812 ], [ -1074.810598366492286, 1287.41616299715929 ], [ -1081.769234730128801, 1289.477981178977416 ], [ -1087.954689275583405, 1288.704799360795505 ], [ -1093.109234730128719, 1280.199799360795623 ], [ -1093.62468927558325, 1276.076162997159145 ], [ -1093.62468927558325, 1271.437072088068362 ], [ -1090.531962002856062, 1266.5402539062502 ], [ -1088.212416548310557, 1261.90116299715919 ], [ -1087.954689275583405, 1258.035253906250091 ], [ -1087.954689275583405, 1250.561162997159272 ], [ -1088.985598366492468, 1248.499344815340919 ], [ -1091.562871093765125, 1247.468435724431856 ], [ -1094.655598366492313, 1247.468435724431856 ], [ -1097.748325639219729, 1250.561162997159272 ], [ -1099.036962002855944, 1256.488890269886497 ], [ -1103.160598366492422, 1259.066162997159154 ], [ -1111.407871093765152, 1266.797981178977352 ], [ -1114.242871093765189, 1272.725708451704577 ], [ -1117.851052911946908, 1275.302981178977461 ], [ -1123.521052911946981, 1280.972981178977761 ], [ -1128.417871093765143, 1285.869799360795923 ], [ -1133.572416548310684, 1288.70479936079596 ], [ -1139.24241654831053, 1291.797526633523148 ], [ -1142.077416548310566, 1297.467526633523221 ], [ -1143.62378018467416, 1300.044799360795878 ], [ -1146.716507457401576, 1302.622072088068535 ], [ -1153.159689275583332, 1304.168435724432129 ], [ -1159.345143821037937, 1302.622072088068535 ], [ -1163.468780184674188, 1299.529344815341346 ], [ -1169.13878018467426, 1296.69434481534131 ], [ -1172.74696200285598, 1300.30252663352303 ], [ -1171.458325639219765, 1308.807526633523139 ], [ -1168.623325639219729, 1317.312526633523248 ], [ -1166.819234730128755, 1321.436162997159499 ], [ -1163.468780184674188, 1327.879344815341256 ], [ -1161.406962002856062, 1334.06479936079586 ], [ -1163.211052911947036, 1338.961617542614022 ], [ -1167.592416548310666, 1346.177981178977689 ], [ -1164.49968927558325, 1350.559344815341319 ], [ -1161.664689275583441, 1354.682981178977798 ], [ -1160.376052911946999, 1360.095253906250491 ], [ -1161.406962002856062, 1364.992072088068653 ], [ -1165.530598366492541, 1372.466162997159472 ], [ -1164.241962002855871, 1383.032981178977707 ], [ -1156.5101438210379, 1385.352526633522984 ], [ -1150.324689275583296, 1386.383435724432275 ], [ -1145.427871093765134, 1384.321617542613922 ], [ -1142.335143821037718, 1380.19798117897767 ], [ -1138.98468927558315, 1374.527981178977598 ], [ -1136.407416548310493, 1370.146617542613967 ], [ -1127.644689275583232, 1365.507526633523185 ], [ -1124.551962002856044, 1368.857981178977525 ], [ -1125.067416548310575, 1373.497072088068535 ] ] ] ] } },
{ "type": "Feature", "properties": { "visible": 1, "color": -32768, "chunks": [ ], "minimapNameVisible": 1, "personal": 0, "announceInChat": 0, "mode": "Vertex", "fullscreenVisible": 1, "announceInTitle": 0, "id": "f2747ead-33f8-4bb1-a3a9-b73ebdeb9f6f", "name2": "7ha 20a 22ca", "fullscreenNameVisible": 1, "dimension": "minecraft:overworld", "name1": "44", "minimapVisible": 1, "fullscreenOwnerVisible": 0, "minimapOwnerVisible": 0, "fid": 2, "TYPE": "III", "SSTYPE": "7", "SPECIES": "dtbwg:fir", "SURF": null, "PARFOR": "44" }, "geometry": { "type": "MultiPolygon", "coordinates": [ [ [ [ -1096.975143821038046, 1408.0 ], [ -1098.006052911947336, 1401.589344815341065 ], [ -1100.325598366492613, 1394.372981178977398 ], [ -1101.614234730129056, 1389.991617542613767 ], [ -1102.645143821038118, 1382.7752539062501 ], [ -1109.088325639219875, 1381.486617542613658 ], [ -1111.665598366492532, 1379.682526633522684 ], [ -1113.985143821038037, 1375.558890269886433 ], [ -1118.366507457401667, 1374.270253906249991 ], [ -1120.428325639219793, 1374.270253906249991 ], [ -1125.067416548310575, 1373.497072088068535 ], [ -1127.38696200285608, 1381.486617542613885 ], [ -1129.191052911946826, 1389.476162997159463 ], [ -1131.768325639219711, 1394.630708451705004 ], [ -1134.861052911946899, 1408.0 ], [ -1096.975143821038046, 1408.0 ] ] ] ] } },
{ "type": "Feature", "properties": { "visible": 1, "color": -32768, "chunks": [ ], "minimapNameVisible": 1, "personal": 0, "announceInChat": 0, "mode": "Vertex", "fullscreenVisible": 1, "announceInTitle": 0, "id": "f2747ead-33f8-4bb1-a3a9-b73ebdeb9f6f", "name2": "7ha 20a 22ca", "fullscreenNameVisible": 1, "dimension": "minecraft:overworld", "name1": "44.III.4", "minimapVisible": 1, "fullscreenOwnerVisible": 0, "minimapOwnerVisible": 0, "fid": 2, "TYPE": "III", "SSTYPE": "4", "SPECIES": "dtru:larch", "SURF": null, "PARFOR": "44" }, "geometry": { "type": "MultiPolygon", "coordinates": [ [ [ [ -1075.841507457401576, 1309.065253906250064 ], [ -1073.908552911947027, 1310.611617542613885 ], [ -1071.202416548310794, 1312.286844815341283 ], [ -1068.367416548310757, 1316.281617542613958 ], [ -1070.558098366492459, 1320.534117542614013 ], [ -1072.362189275583205, 1324.657753906250264 ], [ -1073.908552911946799, 1330.585481178977716 ], [ -1073.006507457401312, 1336.255481178977561 ], [ -1073.521962002855844, 1341.023435724432147 ], [ -1076.228098366492304, 1345.018208451704822 ], [ -1079.320825639219493, 1348.497526633523194 ], [ -1083.315598366492395, 1349.27070845170465 ], [ -1084.088780184674306, 1351.074799360795396 ], [ -1087.954689275583405, 1353.65207208806828 ], [ -1090.274234730128683, 1354.940708451704495 ], [ -1092.336052911947036, 1357.002526633522848 ], [ -1092.336052911947036, 1361.126162997159099 ], [ -1094.140143821037782, 1364.218890269886515 ], [ -1098.006052911946881, 1373.75479936079546 ], [ -1099.810143821038082, 1379.424799360795532 ], [ -1101.614234730129056, 1381.744344815341037 ], [ -1102.645143821038118, 1382.7752539062501 ], [ -1101.614234730129056, 1389.991617542613767 ], [ -1100.325598366492613, 1394.372981178977398 ], [ -1098.006052911947336, 1401.589344815341065 ], [ -1096.975143821038046, 1408.0 ], [ -1084.0, 1408.0 ], [ -1087.181507457401722, 1401.589344815341065 ], [ -1090.274234730129137, 1398.496617542613876 ], [ -1091.047416548310821, 1395.403890269886688 ], [ -1090.531962002856289, 1392.311162997159272 ], [ -1089.243325639220075, 1390.507072088068298 ], [ -1086.92378018467457, 1388.702981178977552 ], [ -1084.861962002856217, 1387.672072088068489 ], [ -1082.542416548310939, 1386.125708451704668 ], [ -1080.480598366492814, 1382.259799360795569 ], [ -1077.387871093765398, 1376.847526633522875 ], [ -1075.841507457401804, 1373.239344815341155 ], [ -1072.491052911947236, 1366.022981178977489 ], [ -1072.233325639219856, 1363.187981178977452 ], [ -1071.975598366492704, 1358.29116299715929 ], [ -1071.717871093765325, 1355.971617542613785 ], [ -1070.42923473012911, 1352.363435724432065 ], [ -1068.367416548310757, 1348.755253906250118 ], [ -1065.274689275583569, 1343.858435724431956 ], [ -1063.470598366492595, 1339.477072088068326 ], [ -1062.955143821038064, 1334.064799360795632 ], [ -1062.439689275583532, 1328.910253906250318 ], [ -1058.316052911947281, 1321.17843572443212 ], [ -1057.542871093765825, 1320.018662997159254 ], [ -1054.836734730129365, 1316.152753906250155 ], [ -1052.130598366492904, 1312.931162997159163 ], [ -1050.713098366493114, 1308.420935724431956 ], [ -1050.068780184674779, 1297.982981178977525 ], [ -1050.326507457402158, 1293.215026633522939 ], [ -1049.037871093765716, 1287.029572088068335 ], [ -1048.006962002856199, 1285.869799360795696 ], [ -1044.785371093765434, 1280.844117542613731 ], [ -1044.012189275583523, 1275.560708451704613 ], [ -1045.558552911947118, 1270.792753906250255 ], [ -1048.651280184674533, 1270.792753906250255 ], [ -1051.872871093765298, 1270.792753906250255 ], [ -1056.769689275583687, 1273.627753906250064 ], [ -1058.058325639219902, 1275.431844815341037 ], [ -1059.862416548310875, 1278.009117542613694 ], [ -1060.249007457401831, 1278.524572088068226 ], [ -1063.341734730129019, 1279.684344815341092 ], [ -1069.140598366492441, 1283.550253906250191 ], [ -1067.078780184674088, 1288.962526633522884 ], [ -1067.078780184674088, 1290.251162997159099 ], [ -1069.140598366492441, 1294.890253906250109 ], [ -1070.171507457401503, 1296.694344815341083 ], [ -1072.233325639219629, 1299.529344815341119 ], [ -1074.810598366492286, 1304.683890269886433 ], [ -1075.841507457401576, 1309.065253906250064 ] ] ] ] } },
{ "type": "Feature", "properties": { "visible": 1, "color": -32768, "chunks": [ ], "minimapNameVisible": 1, "personal": 0, "announceInChat": 0, "mode": "Vertex", "fullscreenVisible": 1, "announceInTitle": 0, "id": "f2747ead-33f8-4bb1-a3a9-b73ebdeb9f6f", "name2": "7ha 20a 22ca", "fullscreenNameVisible": 1, "dimension": "minecraft:overworld", "name1": "44.V.2", "minimapVisible": 1, "fullscreenOwnerVisible": 0, "minimapOwnerVisible": 0, "fid": 2, "TYPE": "V", "SSTYPE": "2", "SPECIES": "dynamictrees:birch", "SURF": null, "PARFOR": "44" }, "geometry": { "type": "MultiPolygon", "coordinates": [ [ [ [ -1041.68945555617438, 1245.251117460671139 ], [ -1040.790598366492759, 1251.592072088068335 ], [ -1041.30605291194729, 1254.813662997159327 ], [ -1043.883325639219947, 1260.741390269886551 ], [ -1047.233780184674515, 1266.153662997159245 ], [ -1048.651280184674533, 1270.792753906250255 ], [ -1045.558552911947118, 1270.792753906250255 ], [ -1044.012189275583523, 1275.560708451704613 ], [ -1044.785371093765434, 1280.844117542613731 ], [ -1048.006962002856199, 1285.869799360795696 ], [ -1049.037871093765716, 1287.029572088068335 ], [ -1050.326507457402158, 1293.215026633522939 ], [ -1050.068780184674779, 1297.982981178977525 ], [ -1050.713098366493114, 1308.420935724431956 ], [ -1052.130598366492904, 1312.931162997159163 ], [ -1054.836734730129365, 1316.152753906250155 ], [ -1057.542871093765825, 1320.018662997159254 ], [ -1058.316052911947281, 1321.17843572443212 ], [ -1062.439689275583532, 1328.910253906250318 ], [ -1062.955143821038064, 1334.064799360795632 ], [ -1063.470598366492595, 1339.477072088068326 ], [ -1065.274689275583569, 1343.858435724431956 ], [ -1068.367416548310757, 1348.755253906250118 ], [ -1070.42923473012911, 1352.363435724432065 ], [ -1071.717871093765325, 1355.971617542613785 ], [ -1071.975598366492704, 1358.29116299715929 ], [ -1072.233325639219856, 1363.187981178977452 ], [ -1072.491052911947236, 1366.022981178977489 ], [ -1075.841507457401804, 1373.239344815341155 ], [ -1077.387871093765398, 1376.847526633522875 ], [ -1080.480598366492814, 1382.259799360795569 ], [ -1082.542416548310939, 1386.125708451704668 ], [ -1084.861962002856217, 1387.672072088068489 ], [ -1086.92378018467457, 1388.702981178977552 ], [ -1089.243325639220075, 1390.507072088068298 ], [ -1090.531962002856289, 1392.311162997159272 ], [ -1091.047416548310821, 1395.403890269886688 ], [ -1090.274234730129137, 1398.496617542613876 ], [ -1087.181507457401722, 1401.589344815341065 ], [ -1084.0, 1408.0 ], [ -1070.0, 1383.0 ], [ -1057.0, 1356.0 ], [ -1053.0, 1344.0 ], [ -1048.0, 1321.0 ], [ -1045.0, 1305.0 ], [ -1042.0, 1292.0 ], [ -1033.0, 1272.0 ], [ -1027.0, 1256.0 ], [ -1020.0, 1240.0 ], [ -1016.0, 1226.0 ], [ -1015.0, 1220.0 ], [ -1022.0, 1220.0 ], [ -1024.0, 1225.0 ], [ -1031.0, 1236.0 ], [ -1036.0, 1242.0 ], [ -1041.68945555617438, 1245.251117460671139 ] ] ] ] } },
{ "type": "Feature", "properties": { "visible": 1, "color": -32768, "chunks": [ ], "minimapNameVisible": 1, "personal": 0, "announceInChat": 0, "mode": "Vertex", "fullscreenVisible": 1, "announceInTitle": 0, "id": "f2747ead-33f8-4bb1-a3a9-b73ebdeb9f6f", "name2": "7ha 20a 22ca", "fullscreenNameVisible": 1, "dimension": "minecraft:overworld", "name1": "44", "minimapVisible": 1, "fullscreenOwnerVisible": 0, "minimapOwnerVisible": 0, "fid": 2, "TYPE": "III", "SSTYPE": "7", "SPECIES": "dtbwg:fir", "SURF": null, "PARFOR": "44" }, "geometry": { "type": "MultiPolygon", "coordinates": [ [ [ [ -1083.315598366492395, 1349.27070845170465 ], [ -1079.320825639219493, 1348.497526633523194 ], [ -1076.228098366492304, 1345.018208451704822 ], [ -1073.521962002855844, 1341.023435724432147 ], [ -1073.006507457401312, 1336.255481178977561 ], [ -1073.908552911946799, 1330.585481178977716 ], [ -1072.362189275583205, 1324.657753906250264 ], [ -1070.558098366492459, 1320.534117542614013 ], [ -1068.367416548310757, 1316.281617542613958 ], [ -1071.202416548310794, 1312.286844815341283 ], [ -1073.908552911947027, 1310.611617542613885 ], [ -1075.841507457401576, 1309.065253906250064 ], [ -1076.356962002856108, 1309.838435724431974 ], [ -1081.25378018467427, 1314.735253906250136 ], [ -1084.604234730128837, 1319.116617542613767 ], [ -1086.666052911946963, 1324.52889026988646 ], [ -1089.24332563921962, 1327.106162997159117 ], [ -1094.913325639219693, 1328.39479936079556 ], [ -1100.067871093765234, 1331.229799360795596 ], [ -1102.12968927558336, 1336.38434481534091 ], [ -1103.160598366492422, 1340.507981178977388 ], [ -1101.356507457401449, 1346.951162997159145 ], [ -1095.944234730128755, 1348.755253906250118 ], [ -1085.89287109376528, 1345.920253906250082 ], [ -1083.315598366492395, 1349.27070845170465 ] ] ] ] } },
{ "type": "Feature", "properties": { "visible": 1, "color": -32768, "chunks": [ ], "minimapNameVisible": 1, "personal": 0, "announceInChat": 0, "mode": "Vertex", "fullscreenVisible": 1, "announceInTitle": 0, "id": "75e30976-06f9-480f-88dc-514f7f435140", "name2": "11ha 36a 604ca", "fullscreenNameVisible": 1, "dimension": "minecraft:overworld", "name1": "46", "minimapVisible": 1, "fullscreenOwnerVisible": 0, "minimapOwnerVisible": 0, "fid": 43, "TYPE": "V", "SSTYPE": "3", "SPECIES": "dynamictrees:birch", "SURF": null, "PARFOR": "46" }, "geometry": { "type": "MultiPolygon", "coordinates": [ [ [ [ -1266.0, 1140.0 ], [ -1264.884462002854889, 1133.42411754261434 ], [ -1264.884462002854889, 1128.269572088068799 ], [ -1256.379462002855007, 1127.496390269887115 ], [ -1253.029007457400439, 1128.269572088068799 ], [ -1246.070371093764152, 1126.723208451705204 ], [ -1239.111734730127637, 1123.888208451705168 ], [ -1236.276734730127828, 1122.084117542614194 ], [ -1238.596280184673105, 1119.764572088068917 ], [ -1251.224916548309466, 1119.764572088068917 ], [ -1260.760825639218638, 1119.764572088068917 ], [ -1264.369007457400357, 1119.249117542614385 ], [ -1268.492643821036836, 1116.15639026988697 ], [ -1270.812189275582341, 1107.90911754261424 ], [ -1270.812189275582341, 1098.373208451705295 ], [ -1262.822643821036763, 1097.600026633523385 ], [ -1257.41037109376407, 1096.569117542614322 ], [ -1249.42082563921872, 1095.795935724432411 ], [ -1242.719916548309584, 1095.022753906250728 ], [ -1238.854007457400485, 1093.476390269886906 ], [ -1232.668552911945881, 1091.930026633523312 ], [ -1225.194462002855062, 1087.03320845170515 ], [ -1224.421280184673151, 1084.713662997159645 ], [ -1226.483098366491276, 1078.78593572443242 ], [ -1224.67900745740053, 1073.889117542614258 ], [ -1218.235825639218547, 1069.250026633523476 ], [ -1207.926734730127691, 1067.188208451705123 ], [ -1204.576280184673124, 1065.126390269886997 ], [ -1204.318552911945972, 1058.167753906250709 ], [ -1210.246280184673196, 1050.178208451705132 ], [ -1217.978098366491395, 1046.05457208806888 ], [ -1219.782189275582368, 1041.67320845170525 ], [ -1224.67900745740053, 1034.199117542614204 ], [ -1228.544916548309629, 1035.745481178978025 ], [ -1231.637643821036818, 1042.188662997159781 ], [ -1233.441734730127791, 1047.858662997159627 ], [ -1236.792189275582359, 1051.466844815341574 ], [ -1239.884916548309548, 1054.30184481534161 ], [ -1239.884916548309548, 1062.033662997159809 ], [ -1244.266280184673178, 1066.672753906250591 ], [ -1248.647643821036809, 1072.858208451705195 ], [ -1245.812643821036772, 1079.043662997159799 ], [ -1242.977643821036736, 1081.878662997159836 ], [ -1241.689007457400521, 1084.971390269887024 ], [ -1249.16309836649134, 1086.002299360796087 ], [ -1253.286734730127819, 1082.909572088068899 ], [ -1257.41037109376407, 1080.847753906250546 ], [ -1261.01855291194579, 1080.332299360796014 ], [ -1269.265825639218747, 1083.167299360796051 ], [ -1271.585371093764024, 1077.497299360796205 ], [ -1275.451280184673124, 1073.115935724432347 ], [ -1279.059462002855071, 1072.858208451705195 ], [ -1283.440825639218701, 1073.889117542614258 ], [ -1284.987189275582296, 1079.816844815341483 ], [ -1284.214007457400385, 1083.940481178977961 ], [ -1281.121280184673196, 1087.806390269887061 ], [ -1278.801734730127691, 1093.476390269886906 ], [ -1278.801734730127691, 1098.630935724432447 ], [ -1280.090371093764134, 1103.527753906250609 ], [ -1278.544007457400539, 1108.424572088068771 ], [ -1278.544007457400539, 1109.713208451705214 ], [ -1285.760371093763979, 1115.640935724432438 ], [ -1288.337643821036863, 1116.92957208806888 ], [ -1289.626280184673078, 1121.053208451705132 ], [ -1292.0, 1126.0 ], [ -1274.0, 1134.0 ], [ -1266.0, 1140.0 ] ] ] ] } },
{ "type": "Feature", "properties": { "visible": 1, "color": -32768, "chunks": [ ], "minimapNameVisible": 1, "personal": 0, "announceInChat": 0, "mode": "Vertex", "fullscreenVisible": 1, "announceInTitle": 0, "id": "75e30976-06f9-480f-88dc-514f7f435140", "name2": "11ha 36a 604ca", "fullscreenNameVisible": 1, "dimension": "minecraft:overworld", "name1": "46", "minimapVisible": 1, "fullscreenOwnerVisible": 0, "minimapOwnerVisible": 0, "fid": 43, "TYPE": "III", "SSTYPE": "4", "SPECIES": "dtbwg:fir", "SURF": null, "PARFOR": "46" }, "geometry": { "type": "MultiPolygon", "coordinates": [ [ [ [ -1381.0, 1024.0 ], [ -1177.64378018467346, 1022.343662997159413 ], [ -1171.071734730127901, 1008.5552539062503 ], [ -1167.012530184678099, 998.37502663352609 ], [ -1168.558893821041693, 995.282299360798788 ], [ -1171.393893821041729, 990.643208451707892 ], [ -1174.100030184678189, 986.519572088071527 ], [ -1180.41434836649637, 977.370253906253311 ], [ -1185.955484730132639, 971.829117542617041 ], [ -1189.692530184677935, 968.092072088071518 ], [ -1196.780030184678026, 961.906617542617028 ], [ -1201.547984730132612, 957.396390269889707 ], [ -1208.635484730132703, 952.499572088071545 ], [ -1216.496166548314477, 947.087299360798738 ], [ -1225.130030184678162, 942.448208451707842 ], [ -1230.284575639223704, 938.324572088071477 ], [ -1234.279348366496379, 934.716390269889644 ], [ -1241.753439275587425, 928.402072088071463 ], [ -1249.614121093769199, 924.79389026988963 ], [ -1257.60366654831455, 921.185708451707796 ], [ -1262.887075639223667, 916.160026633525945 ], [ -1270.103439275587334, 910.876617542616827 ], [ -1276.933212002860046, 910.618890269889675 ], [ -1281.572302911950828, 910.36116299716241 ], [ -1288.402075639223767, 909.459117542616923 ], [ -1294.200939275587416, 907.783890269889639 ], [ -1299.742075639223685, 906.495253906253311 ], [ -1307.60275745740546, 906.495253906253311 ], [ -1314.819121093769127, 905.077753906253292 ], [ -1320.875712002860155, 903.531390269889584 ], [ -1326.932302911950956, 902.887072088071477 ], [ -1331.44253018467839, 902.629344815344211 ], [ -1337.75684836649657, 901.98502663352599 ], [ -1342.911393821042111, 900.954117542616927 ], [ -1347.292757457405742, 900.438662997162396 ], [ -1350.772075639223885, 900.438662997162396 ], [ -1356.570939275587534, 900.052072088071441 ], [ -1362.885257457405487, 899.923208451707865 ], [ -1365.59139382104172, 926.082526633526072 ], [ -1367.910939275587225, 939.999799360798875 ], [ -1369.457302911951047, 949.793435724435312 ], [ -1374.611848366496133, 964.612753906253488 ], [ -1381.0, 982.0 ], [ -1381.0, 1008.0 ], [ -1381.0, 1024.0 ] ] ] ] } },
{ "type": "Feature", "properties": { "visible": 1, "color": -32768, "chunks": [ ], "minimapNameVisible": 1, "personal": 0, "announceInChat": 0, "mode": "Vertex", "fullscreenVisible": 1, "announceInTitle": 0, "id": "75e30976-06f9-480f-88dc-514f7f435140", "name2": "11ha 36a 604ca", "fullscreenNameVisible": 1, "dimension": "minecraft:overworld", "name1": "46.I.3", "minimapVisible": 1, "fullscreenOwnerVisible": 0, "minimapOwnerVisible": 0, "fid": 43, "TYPE": "I", "SSTYPE": "3", "SPECIES": "dynamictrees:dark_oak", "SURF": null, "PARFOR": "46" }, "geometry": { "type": "MultiPolygon", "coordinates": [ [ [ [ -1149.615939275587152, 995.540026633526054 ], [ -1152.77309836649215, 989.096844815341228 ], [ -1153.675143821037636, 984.973208451704863 ], [ -1160.118325639219393, 972.731162997159458 ], [ -1161.406962002855835, 971.055935724432175 ], [ -1162.69559836649205, 965.901390269886747 ], [ -1163.372132457403268, 960.424685724436472 ], [ -1169.9441779119486, 958.362867542618233 ], [ -1171.748268821039574, 957.33195845170917 ], [ -1175.356450639221293, 955.527867542618083 ], [ -1179.995541548312303, 953.594912997163533 ], [ -1186.052132457403104, 951.146503906254452 ], [ -1188.629405184675761, 949.600140269890858 ], [ -1193.139632457403195, 945.476503906254493 ], [ -1196.747814275584915, 942.254912997163615 ], [ -1199.969405184675907, 939.291049360800002 ], [ -1204.350768821039537, 936.713776633527232 ], [ -1210.922814275584869, 933.878776633527309 ], [ -1214.917587002857545, 931.430367542618228 ], [ -1222.649405184675743, 927.049003906254597 ], [ -1228.319405184675816, 921.89445845170917 ], [ -1232.443041548312067, 919.188322088072823 ], [ -1242.236677911948391, 915.966731178981831 ], [ -1248.293268821039192, 913.002867542618219 ], [ -1250.483950639221121, 910.941049360800093 ], [ -1256.798268821039301, 906.817412997163729 ], [ -1260.535314275584597, 903.209231178981895 ], [ -1264.143496093766544, 902.178322088072832 ], [ -1266.591905184675625, 901.534003906254611 ], [ -1270.32895063922092, 898.054685724436467 ], [ -1272.777359730130001, 895.219685724436431 ], [ -1276.514405184675525, 893.157867542618305 ], [ -1279.220541548311758, 891.869231178981977 ], [ -1282.699859730130129, 891.353776633527445 ], [ -1286.050314275584469, 891.611503906254711 ], [ -1288.112132457402822, 892.126958451709243 ], [ -1292.235768821039073, 892.126958451709243 ], [ -1294.555314275584578, 891.353776633527445 ], [ -1297.519177911948191, 891.353776633527445 ], [ -1299.428792390691115, 891.258295909590288 ], [ -1299.742075639223685, 906.495253906253311 ], [ -1294.200939275587416, 907.783890269889639 ], [ -1288.402075639223767, 909.459117542616923 ], [ -1281.572302911950828, 910.36116299716241 ], [ -1276.933212002860046, 910.618890269889675 ], [ -1270.103439275587334, 910.876617542616827 ], [ -1262.887075639223667, 916.160026633525945 ], [ -1257.60366654831455, 921.185708451707796 ], [ -1249.614121093769199, 924.79389026988963 ], [ -1241.753439275587425, 928.402072088071463 ], [ -1234.279348366496379, 934.716390269889644 ], [ -1230.284575639223704, 938.324572088071477 ], [ -1225.130030184678162, 942.448208451707842 ], [ -1216.496166548314477, 947.087299360798738 ], [ -1208.635484730132703, 952.499572088071545 ], [ -1201.547984730132612, 957.396390269889707 ], [ -1196.780030184678026, 961.906617542617028 ], [ -1189.692530184677935, 968.092072088071518 ], [ -1185.955484730132639, 971.829117542617041 ], [ -1180.41434836649637, 977.370253906253311 ], [ -1174.100030184678189, 986.519572088071527 ], [ -1171.393893821041729, 990.643208451707892 ], [ -1168.558893821041693, 995.282299360798788 ], [ -1167.012530184678099, 998.37502663352609 ], [ -1163.146621093768999, 1001.854344815344348 ], [ -1159.796166548314432, 1001.854344815344348 ], [ -1156.316848366496288, 1000.43684481534433 ], [ -1153.997302911950783, 998.37502663352609 ], [ -1149.615939275587152, 995.540026633526054 ] ] ] ] } },
{ "type": "Feature", "properties": { "visible": 1, "color": -32768, "chunks": [ ], "minimapNameVisible": 1, "personal": 0, "announceInChat": 0, "mode": "Vertex", "fullscreenVisible": 1, "announceInTitle": 0, "id": "6ccadf7a-9584-420f-abff-fa338434b981", "name2": "8ha 22a 66ca", "fullscreenNameVisible": 1, "dimension": "minecraft:overworld", "name1": "43.X.", "minimapVisible": 1, "fullscreenOwnerVisible": 0, "minimapOwnerVisible": 0, "fid": 50, "TYPE": "X", "SSTYPE": null, "SPECIES": "minecraft:fire", "SURF": null, "PARFOR": "43" }, "geometry": { "type": "MultiPolygon", "coordinates": [ [ [ [ -802.457302911949228, 1220.793662997160936 ], [ -802.0, 1353.0 ], [ -794.0, 1352.0 ], [ -794.0, 1342.0 ], [ -794.0, 1215.062267635344142 ], [ -802.457302911949228, 1220.793662997160936 ] ] ] ] } },
{ "type": "Feature", "properties": { "visible": 1, "color": -32768, "chunks": [ ], "minimapNameVisible": 1, "personal": 0, "announceInChat": 0, "mode": "Vertex", "fullscreenVisible": 1, "announceInTitle": 0, "id": "396c1231-8d2c-4154-9377-035605f6757b", "name2": "10ha 36a 83ca", "fullscreenNameVisible": 1, "dimension": "minecraft:overworld", "name1": "39.VI.", "minimapVisible": 1, "fullscreenOwnerVisible": 0, "minimapOwnerVisible": 0, "fid": 3, "TYPE": "VI", "SSTYPE": null, "SPECIES": "dynamictrees:oak", "SURF": null, "PARFOR": "39" }, "geometry": { "type": "MultiPolygon", "coordinates": [ [ [ [ -611.475996675242754, 612.955947961876632 ], [ -838.47468927558441, 613.20161754261278 ], [ -834.737643821039001, 636.912526633521907 ], [ -819.531734730129756, 687.298208451703772 ], [ -783.832298694983024, 805.020174010525807 ], [ -610.844462356153031, 805.36340384453149 ], [ -611.475996675242754, 612.955947961876632 ] ] ] ] } },
{ "type": "Feature", "properties": { "visible": 1, "color": -32768, "chunks": [ ], "minimapNameVisible": 1, "personal": 0, "announceInChat": 0, "mode": "Vertex", "fullscreenVisible": 1, "announceInTitle": 0, "id": "396c1231-8d2c-4154-9377-035605f6757b", "name2": "10ha 36a 83ca", "fullscreenNameVisible": 1, "dimension": "minecraft:overworld", "name1": "39.X.", "minimapVisible": 1, "fullscreenOwnerVisible": 0, "minimapOwnerVisible": 0, "fid": 3, "TYPE": "X", "SSTYPE": null, "SPECIES": "minecraft:fire", "SURF": null, "PARFOR": "39" }, "geometry": { "type": "MultiPolygon", "coordinates": [ [ [ [ -783.832298694983024, 805.020174010525807 ], [ -819.531734730129756, 687.298208451703772 ], [ -834.737643821039001, 636.912526633521907 ], [ -838.47468927558441, 613.20161754261278 ], [ -611.475996675242754, 612.955947961876632 ], [ -611.498828014286119, 606.0 ], [ -848.0, 606.0 ], [ -836.0, 651.0 ], [ -794.0, 805.0 ], [ -783.832298694983024, 805.020174010525807 ] ] ] ] } },
{ "type": "Feature", "properties": { "visible": 1, "color": -32768, "chunks": [ ], "minimapNameVisible": 1, "personal": 0, "announceInChat": 0, "mode": "Vertex", "fullscreenVisible": 1, "announceInTitle": 0, "id": "2fd4dccf-c47f-4bea-81a0-7d4ade1e5aa1", "name2": "6ha 69a 58ca", "fullscreenNameVisible": 1, "dimension": "minecraft:overworld", "name1": "47.X.", "minimapVisible": 1, "fullscreenOwnerVisible": 0, "minimapOwnerVisible": 0, "fid": 30, "TYPE": "X", "SSTYPE": null, "SPECIES": "minecraft:fire", "SURF": null, "PARFOR": "47" }, "geometry": { "type": "MultiPolygon", "coordinates": [ [ [ [ -806.903098366493623, 802.244572088067457 ], [ -794.0, 805.0 ], [ -836.0, 651.0 ], [ -848.0, 606.0 ], [ -858.657015018718766, 605.970479182773602 ], [ -809.351507457402704, 782.786162997158385 ], [ -807.160825639220889, 789.615935724431097 ], [ -806.258780184675402, 794.641617542612948 ], [ -806.387643821039092, 799.925026633522066 ], [ -806.903098366493623, 802.244572088067457 ] ] ] ] } },
{ "type": "Feature", "properties": { "visible": 1, "color": -32768, "chunks": [ ], "minimapNameVisible": 1, "personal": 0, "announceInChat": 0, "mode": "Vertex", "fullscreenVisible": 1, "announceInTitle": 0, "id": "001bcde1-3fad-4dd0-b4b7-aa70375dcbbc", "name2": "7ha 23a 22ca", "fullscreenNameVisible": 1, "dimension": "minecraft:overworld", "name1": "49.X.", "minimapVisible": 1, "fullscreenOwnerVisible": 0, "minimapOwnerVisible": 0, "fid": 14, "TYPE": "X", "SSTYPE": null, "SPECIES": "minecraft:grass_block", "SURF": null, "PARFOR": "49" }, "geometry": { "type": "MultiPolygon", "coordinates": [ [ [ [ -1160.342638493606046, 605.134784934920731 ], [ -1163.597643821039583, 602.377072088067393 ], [ -1166.17491654831224, 599.284344815340091 ], [ -1168.752189275584897, 596.191617542612903 ], [ -1172.875825639221375, 592.067981178976538 ], [ -1180.865371093766726, 589.748435724431033 ], [ -1187.566280184675861, 586.526844815340155 ], [ -1190.787871093766853, 584.20729936079465 ], [ -1197.617643821039565, 579.954799360794709 ], [ -1204.060825639221321, 574.027072088067371 ], [ -1209.265628358245749, 569.140171636827858 ], [ -1209.0, 605.0 ], [ -1160.342638493606046, 605.134784934920731 ] ] ] ] } },
{ "type": "Feature", "properties": { "visible": 1, "color": -32768, "chunks": [ ], "minimapNameVisible": 1, "personal": 0, "announceInChat": 0, "mode": "Vertex", "fullscreenVisible": 1, "announceInTitle": 0, "id": "ad9307d4-1282-4c63-b9f3-1ae57a389a3b", "name2": "8ha 42a 57ca", "fullscreenNameVisible": 1, "dimension": "minecraft:overworld", "name1": "48.IX.", "minimapVisible": 1, "fullscreenOwnerVisible": 0, "minimapOwnerVisible": 0, "fid": 18, "TYPE": "IX", "SSTYPE": null, "SPECIES": "minecraft:fern", "SURF": null, "PARFOR": "48" }, "geometry": { "type": "MultiPolygon", "coordinates": [ [ [ [ -1336.0, 586.0 ], [ -1328.543098366494178, 593.485481178976215 ], [ -1324.934916548312458, 598.897753906248909 ], [ -1320.038098366494296, 608.175935724430815 ], [ -1317.718552911948791, 615.650026633521747 ], [ -1317.20309836649426, 623.381844815339832 ], [ -1319.007189275585233, 644.515481178976188 ], [ -1320.038098366494296, 649.154572088067198 ], [ -1327.512189275585342, 664.618208451703481 ], [ -1328.027643821039874, 669.515026633521643 ], [ -1328.027643821039874, 674.669572088067071 ], [ -1327.512189275585342, 680.855026633521675 ], [ -1324.419462002858154, 684.205481178976129 ], [ -1319.264916548312613, 686.009572088067102 ], [ -1314.368098366494451, 686.267299360794368 ], [ -1307.924916548312694, 686.525026633521634 ], [ -1299.677643821039965, 686.267299360794368 ], [ -1292.461280184676298, 684.205481178976129 ], [ -1288.595371093767199, 683.174572088067066 ], [ -1288.595371093767199, 674.669572088067071 ], [ -1290.657189275585324, 666.937753906248872 ], [ -1290.914916548312704, 657.917299360794345 ], [ -1291.172643821039856, 650.700935724430678 ], [ -1291.688098366494387, 639.360935724430647 ], [ -1292.461280184676298, 630.082753906248854 ], [ -1292.461280184676298, 622.09320845170339 ], [ -1291.430371093767235, 612.299572088067066 ], [ -1289.368552911948882, 603.021390269885273 ], [ -1288.4775495256863, 597.06573605644644 ], [ -1294.0, 596.0 ], [ -1336.0, 586.0 ] ] ] ] } },
{ "type": "Feature", "properties": { "visible": 1, "color": -32768, "chunks": [ ], "minimapNameVisible": 1, "personal": 0, "announceInChat": 0, "mode": "Vertex", "fullscreenVisible": 1, "announceInTitle": 0, "id": "ad9307d4-1282-4c63-b9f3-1ae57a389a3b", "name2": "8ha 42a 57ca", "fullscreenNameVisible": 1, "dimension": "minecraft:overworld", "name1": "48.I.3", "minimapVisible": 1, "fullscreenOwnerVisible": 0, "minimapOwnerVisible": 0, "fid": 18, "TYPE": "I", "SSTYPE": "3", "SPECIES": "dynamictrees:oak", "SURF": null, "PARFOR": "48" }, "geometry": { "type": "MultiPolygon", "coordinates": [ [ [ [ -1339.976447502036763, 585.269632091462654 ], [ -1337.305825639220984, 596.320481178975911 ], [ -1335.244007457402859, 601.99048117897587 ], [ -1334.470825639220948, 608.691390269885005 ], [ -1336.017189275584542, 614.876844815339496 ], [ -1336.274916548311921, 625.44366299715773 ], [ -1334.728552911948327, 634.979572088066789 ], [ -1335.501734730130011, 642.453662997157721 ], [ -1337.563552911948136, 651.731844815339514 ], [ -1339.625371093766489, 659.721390269884978 ], [ -1341.429462002857235, 666.164572088066734 ], [ -1347.61491654831184, 670.803662997157744 ], [ -1354.058098366493596, 675.44275390624864 ], [ -1359.470371093766516, 679.308662997157739 ], [ -1365.913552911948273, 684.205481178975901 ], [ -1367.717643821039246, 684.978662997157699 ], [ -1370.294916548311903, 691.421844815339455 ], [ -1373.903098366493623, 701.473208451703158 ], [ -1373.903098366493623, 706.112299360794054 ], [ -1373.12991654831194, 715.390481178975847 ], [ -1370.810371093766435, 722.091390269884982 ], [ -1366.171280184675652, 730.080935724430446 ], [ -1363.078552911948236, 738.328208451703176 ], [ -1362.563098366493705, 745.802299360793995 ], [ -1358.181734730130074, 757.657753906248445 ], [ -1357.924007457402922, 767.193662997157617 ], [ -1357.924007457402922, 776.471844815339409 ], [ -1355.862189275584569, 788.327299360793972 ], [ -1354.831280184675506, 795.543662997157639 ], [ -1350.449916548311876, 806.883662997157558 ], [ -1341.429462002857463, 811.265026633521188 ], [ -1329.058552911948254, 815.130935724430287 ], [ -1319.780371093766234, 816.161844815339464 ], [ -1317.718552911948109, 816.419572088066843 ], [ -1305.347643821038901, 816.419572088066843 ], [ -1292.71900745740254, 816.677299360794109 ], [ -1287.564462002857226, 817.19275390624864 ], [ -1282.667643821039064, 817.450481178975906 ], [ -1276.48218927558446, 816.935026633521375 ], [ -1267.977189275584351, 815.388662997157667 ], [ -1263.8535529119481, 814.357753906248604 ], [ -1257.925825639220875, 811.265026633521302 ], [ -1252.771280184675334, 807.141390269884937 ], [ -1250.451734730129829, 804.048662997157749 ], [ -1249.420825639220766, 798.894117542612207 ], [ -1246.843552911948109, 788.327299360794086 ], [ -1244.008552911948073, 776.214117542612144 ], [ -1244.008552911948073, 770.80184481533945 ], [ -1244.008552911948073, 758.688662997157621 ], [ -1244.781734730129983, 746.575481178975792 ], [ -1245.554916548311667, 739.359117542612125 ], [ -1248.132189275584551, 729.565481178975801 ], [ -1251.740371093766271, 716.42139026988491 ], [ -1254.57537109376608, 676.473662997157589 ], [ -1256.379462002857053, 667.453208451703063 ], [ -1259.472189275584242, 653.278208451702994 ], [ -1260.245371093766153, 643.226844815339405 ], [ -1260.245371093766153, 630.85593572443031 ], [ -1260.245371093766153, 617.454117542612153 ], [ -1260.503098366493305, 608.949117542612157 ], [ -1262.73877476284315, 602.03286802822322 ], [ -1288.4775495256863, 597.06573605644644 ], [ -1289.368552911948882, 603.021390269885273 ], [ -1291.430371093767235, 612.299572088067066 ], [ -1292.461280184676298, 622.09320845170339 ], [ -1292.461280184676298, 630.082753906248854 ], [ -1291.688098366494387, 639.360935724430647 ], [ -1291.172643821039856, 650.700935724430678 ], [ -1290.914916548312704, 657.917299360794345 ], [ -1290.657189275585324, 666.937753906248872 ], [ -1288.595371093767199, 674.669572088067071 ], [ -1288.595371093767199, 683.174572088067066 ], [ -1292.461280184676298, 684.205481178976129 ], [ -1299.677643821039965, 686.267299360794368 ], [ -1307.924916548312694, 686.525026633521634 ], [ -1314.368098366494451, 686.267299360794368 ], [ -1319.264916548312613, 686.009572088067102 ], [ -1324.419462002858154, 684.205481178976129 ], [ -1327.512189275585342, 680.855026633521675 ], [ -1328.027643821039874, 674.669572088067071 ], [ -1328.027643821039874, 669.515026633521643 ], [ -1327.512189275585342, 664.618208451703481 ], [ -1320.038098366494296, 649.154572088067198 ], [ -1319.007189275585233, 644.515481178976188 ], [ -1317.20309836649426, 623.381844815339832 ], [ -1317.718552911948791, 615.650026633521747 ], [ -1320.038098366494296, 608.175935724430815 ], [ -1324.934916548312458, 598.897753906248909 ], [ -1328.543098366494178, 593.485481178976215 ], [ -1336.0, 586.0 ], [ -1339.976447502036763, 585.269632091462654 ] ] ] ] } },
{ "type": "Feature", "properties": { "visible": 1, "color": -32768, "chunks": [ ], "minimapNameVisible": 1, "personal": 0, "announceInChat": 0, "mode": "Vertex", "fullscreenVisible": 1, "announceInTitle": 0, "id": "ad9307d4-1282-4c63-b9f3-1ae57a389a3b", "name2": "8ha 42a 57ca", "fullscreenNameVisible": 1, "dimension": "minecraft:overworld", "name1": "48.I.4", "minimapVisible": 1, "fullscreenOwnerVisible": 0, "minimapOwnerVisible": 0, "fid": 18, "TYPE": "I", "SSTYPE": "4", "SPECIES": "dynamictrees:oak", "SURF": null, "PARFOR": "48" }, "geometry": { "type": "MultiPolygon", "coordinates": [ [ [ [ -1340.266885831235868, 887.796104215439527 ], [ -1340.398552911947718, 882.397753906248681 ], [ -1341.429462002856781, 876.470026633521456 ], [ -1342.718098366493223, 870.026844815339587 ], [ -1344.522189275584196, 865.903208451703222 ], [ -1348.645825639220448, 862.552753906248654 ], [ -1356.635371093766025, 858.686844815339555 ], [ -1359.212643821038682, 854.820935724430569 ], [ -1359.728098366493214, 851.212753906248736 ], [ -1358.954916548311303, 847.862299360794168 ], [ -1356.119916548311494, 842.450026633521475 ], [ -1354.31582563922052, 837.037753906248668 ], [ -1354.31582563922052, 828.017299360794141 ], [ -1353.800371093765989, 820.543208451703208 ], [ -1350.449916548311876, 806.883662997157558 ], [ -1354.831280184675506, 795.543662997157639 ], [ -1355.862189275584569, 788.327299360793972 ], [ -1357.924007457402922, 776.471844815339409 ], [ -1357.924007457402922, 767.193662997157617 ], [ -1358.181734730130074, 757.657753906248445 ], [ -1362.563098366493705, 745.802299360793995 ], [ -1363.078552911948236, 738.328208451703176 ], [ -1366.171280184675652, 730.080935724430446 ], [ -1370.810371093766435, 722.091390269884982 ], [ -1373.12991654831194, 715.390481178975847 ], [ -1373.903098366493623, 706.112299360794054 ], [ -1373.903098366493623, 701.473208451703158 ], [ -1370.294916548311903, 691.421844815339455 ], [ -1367.717643821039246, 684.978662997157699 ], [ -1365.913552911948273, 684.205481178975901 ], [ -1359.470371093766516, 679.308662997157739 ], [ -1354.058098366493596, 675.44275390624864 ], [ -1347.61491654831184, 670.803662997157744 ], [ -1341.429462002857235, 666.164572088066734 ], [ -1339.625371093766489, 659.721390269884978 ], [ -1337.563552911948136, 651.731844815339514 ], [ -1335.501734730130011, 642.453662997157721 ], [ -1334.728552911948327, 634.979572088066789 ], [ -1336.274916548311921, 625.44366299715773 ], [ -1336.017189275584542, 614.876844815339496 ], [ -1334.470825639220948, 608.691390269885005 ], [ -1335.244007457402859, 601.99048117897587 ], [ -1337.305825639220984, 596.320481178975911 ], [ -1339.976447502036763, 585.269632091462654 ], [ -1385.0, 577.0 ], [ -1407.0, 574.0 ], [ -1406.0, 771.0 ], [ -1393.0, 803.0 ], [ -1390.0, 847.0 ], [ -1395.0, 856.0 ], [ -1407.0, 861.0 ], [ -1407.0, 885.0 ], [ -1362.0, 885.0 ], [ -1342.0, 888.0 ], [ -1340.266885831235868, 887.796104215439527 ] ] ] ] } },
{ "type": "Feature", "properties": { "visible": 1, "color": -32768, "chunks": [ ], "minimapNameVisible": 1, "personal": 0, "announceInChat": 0, "mode": "Vertex", "fullscreenVisible": 1, "announceInTitle": 0, "id": "001bcde1-3fad-4dd0-b4b7-aa70375dcbbc", "name2": "7ha 23a 22ca", "fullscreenNameVisible": 1, "dimension": "minecraft:overworld", "name1": "49.I.5", "minimapVisible": 1, "fullscreenOwnerVisible": 0, "minimapOwnerVisible": 0, "fid": 14, "TYPE": "I", "SSTYPE": "5", "SPECIES": "dynamictrees:oak", "SURF": null, "PARFOR": "49" }, "geometry": { "type": "MultiPolygon", "coordinates": [ [ [ [ -1166.17491654831224, 599.284344815340091 ], [ -1134.989916548311612, 574.671390269884682 ], [ -1125.45400745740244, 563.073662997157498 ], [ -1115.144916548311585, 550.96048117897567 ], [ -1104.835825639220729, 540.651390269884701 ], [ -1094.269007457402495, 526.734117542612012 ], [ -1081.898098366493286, 508.17775390624837 ], [ -1070.042643821039064, 488.332753906248286 ], [ -1063.599462002857308, 477.765935724430108 ], [ -1059.475825639221057, 463.333208451702831 ], [ -1055.86764382103911, 438.591390269884641 ], [ -1051.486280184674797, 423.900935724430099 ], [ -1049.424462002856671, 411.530026633521004 ], [ -1047.90124296115664, 403.0 ], [ -1213.0, 403.0 ], [ -1210.0, 470.0 ], [ -1209.265628358245749, 569.140171636827858 ], [ -1204.060825639221321, 574.027072088067371 ], [ -1197.617643821039565, 579.954799360794709 ], [ -1190.787871093766853, 584.20729936079465 ], [ -1187.566280184675861, 586.526844815340155 ], [ -1180.865371093766726, 589.748435724431033 ], [ -1172.875825639221375, 592.067981178976538 ], [ -1168.752189275584897, 596.191617542612903 ], [ -1166.17491654831224, 599.284344815340091 ] ] ] ] } },
{ "type": "Feature", "properties": { "visible": 1, "color": -32768, "chunks": [ ], "minimapNameVisible": 1, "personal": 0, "announceInChat": 0, "mode": "Vertex", "fullscreenVisible": 1, "announceInTitle": 0, "id": "06c96f5f-c6de-4467-9195-d2b591400b06", "name2": "11ha 47a 37ca", "fullscreenNameVisible": 1, "dimension": "minecraft:overworld", "name1": "51.II.5", "minimapVisible": 1, "fullscreenOwnerVisible": 0, "minimapOwnerVisible": 0, "fid": 51, "TYPE": "II", "SSTYPE": "5", "SPECIES": "dynamictrees:oak", "SURF": null, "PARFOR": "51" }, "geometry": { "type": "MultiPolygon", "coordinates": [ [ [ [ -899.0, 198.0 ], [ -922.364916548311498, 211.275935724429985 ], [ -929.065825639220634, 216.430481178975413 ], [ -936.024462002857035, 219.523208451702715 ], [ -941.694462002856994, 223.646844815339051 ], [ -946.333552911947891, 226.739572088066325 ], [ -951.230371093766053, 229.574572088066304 ], [ -961.024007457402377, 236.533208451702677 ], [ -967.467189275584246, 240.914572088066308 ], [ -973.394916548311471, 244.007299360793581 ], [ -977.26082563922057, 246.842299360793561 ], [ -983.188552911947795, 250.1927539062481 ], [ -988.343098366493223, 251.996844815339017 ], [ -996.074916548311421, 256.120481178975353 ], [ -1003.033552911947822, 257.92457208806627 ], [ -1006.641734730129656, 259.470935724429921 ], [ -1011.796280184675084, 259.470935724429921 ], [ -1016.950825639220511, 262.305935724429901 ], [ -1022.363098366493205, 264.110026633520818 ], [ -1027.259916548311367, 265.656390269884469 ], [ -1032.929916548311439, 269.780026633520833 ], [ -1034.476280184675034, 274.161390269884464 ], [ -1036.538098366493159, 280.60457208806622 ], [ -1038.342189275584133, 286.01684481533897 ], [ -1040.146280184675106, 291.171390269884398 ], [ -1042.465825639220384, 298.130026633520743 ], [ -1043.754462002856826, 305.088662997157144 ], [ -1044.012189275584205, 305.861844815338941 ], [ -1044.012189275584205, 315.397753906247999 ], [ -1044.527643821038964, 323.645026633520729 ], [ -1044.527643821038964, 326.222299360793443 ], [ -1039.888552911947954, 328.799572088066157 ], [ -1033.960825639220729, 332.150026633520724 ], [ -1031.641280184675225, 334.211844815338907 ], [ -1030.868098366493541, 343.232299360793434 ], [ -1029.837189275584251, 347.355935724429798 ], [ -1026.229007457402531, 351.737299360793429 ], [ -1025.45582563922062, 355.860935724429737 ], [ -1025.198098366493468, 360.50002663352069 ], [ -1027.259916548311594, 368.747299360793363 ], [ -1031.383552911947845, 376.736844815338827 ], [ -1035.249462002856944, 382.149117542611521 ], [ -1038.34218927558436, 387.045935724429683 ], [ -1044.785371093766116, 394.520026633520615 ], [ -1047.104916548311621, 398.64366299715698 ], [ -1047.90124296115664, 403.0 ], [ -858.0, 403.0 ], [ -882.0, 267.0 ], [ -899.0, 198.0 ] ] ] ] } },
{ "type": "Feature", "properties": { "visible": 1, "color": -32768, "chunks": [ ], "minimapNameVisible": 1, "personal": 0, "announceInChat": 0, "mode": "Vertex", "fullscreenVisible": 1, "announceInTitle": 0, "id": "06c96f5f-c6de-4467-9195-d2b591400b06", "name2": "11ha 47a 37ca", "fullscreenNameVisible": 1, "dimension": "minecraft:overworld", "name1": "51.II.5", "minimapVisible": 1, "fullscreenOwnerVisible": 0, "minimapOwnerVisible": 0, "fid": 51, "TYPE": "II", "SSTYPE": "5", "SPECIES": "dynamictrees:oak", "SURF": null, "PARFOR": "51" }, "geometry": { "type": "MultiPolygon", "coordinates": [ [ [ [ -900.385335820190448, 175.003425384839062 ], [ -906.128098366493759, 172.101390269884746 ], [ -908.70537109376653, 170.555026633521095 ], [ -911.798098366493832, 166.689117542611996 ], [ -913.602189275584692, 164.885026633521107 ], [ -918.241280184675588, 162.565481178975659 ], [ -925.19991654831199, 161.534572088066568 ], [ -931.900825639221011, 163.080935724430219 ], [ -938.859462002857413, 168.235481178975647 ], [ -945.560371093766435, 173.132299360793809 ], [ -950.972643821039242, 177.771390269884705 ], [ -954.065371093766544, 180.348662997157447 ], [ -960.250825639221034, 182.41048117897563 ], [ -965.405371093766462, 185.245481178975638 ], [ -968.498098366493764, 188.853662997157414 ], [ -975.199007457402786, 196.843208451702878 ], [ -978.807189275584619, 202.2554811789756 ], [ -988.085371093766412, 208.440935724430119 ], [ -994.528552911948282, 212.306844815339218 ], [ -996.848098366493673, 215.141844815339198 ], [ -999.683098366493709, 221.327299360793745 ], [ -1002.002643821039101, 224.93548117897555 ], [ -1007.672643821039173, 229.832299360793741 ], [ -1015.404462002857258, 234.213662997157371 ], [ -1021.847643821039128, 247.357753906248263 ], [ -1023.394007457402722, 248.13093572443006 ], [ -1031.641280184675452, 251.739117542611865 ], [ -1038.599916548311739, 255.605026633520964 ], [ -1044.012189275584433, 264.36775390624814 ], [ -1041.950371093766307, 264.883208451702728 ], [ -1036.538098366493614, 267.202753906248176 ], [ -1032.929916548311439, 269.780026633520833 ], [ -1027.259916548311367, 265.656390269884469 ], [ -1022.363098366493205, 264.110026633520818 ], [ -1016.950825639220511, 262.305935724429901 ], [ -1011.796280184675084, 259.470935724429921 ], [ -1006.641734730129656, 259.470935724429921 ], [ -1003.033552911947822, 257.92457208806627 ], [ -996.074916548311421, 256.120481178975353 ], [ -988.343098366493223, 251.996844815339017 ], [ -983.188552911947795, 250.1927539062481 ], [ -977.26082563922057, 246.842299360793561 ], [ -973.394916548311471, 244.007299360793581 ], [ -967.467189275584246, 240.914572088066308 ], [ -961.024007457402377, 236.533208451702677 ], [ -951.230371093766053, 229.574572088066304 ], [ -946.333552911947891, 226.739572088066325 ], [ -941.694462002856994, 223.646844815339051 ], [ -936.024462002857035, 219.523208451702715 ], [ -929.065825639220634, 216.430481178975413 ], [ -922.364916548311498, 211.275935724429985 ], [ -899.0, 198.0 ], [ -899.839646235598934, 184.061872489058032 ], [ -900.385335820190448, 175.003425384839062 ] ] ] ] } },
{ "type": "Feature", "properties": { "visible": 1, "color": -32768, "chunks": [ ], "minimapNameVisible": 1, "personal": 0, "announceInChat": 0, "mode": "Vertex", "fullscreenVisible": 1, "announceInTitle": 0, "id": "06c96f5f-c6de-4467-9195-d2b591400b06", "name2": "11ha 47a 37ca", "fullscreenNameVisible": 1, "dimension": "minecraft:overworld", "name1": "51.I.3", "minimapVisible": 1, "fullscreenOwnerVisible": 0, "minimapOwnerVisible": 0, "fid": 51, "TYPE": "I", "SSTYPE": "3", "SPECIES": "dynamictrees:oak", "SURF": null, "PARFOR": "51" }, "geometry": { "type": "MultiPolygon", "coordinates": [ [ [ [ -900.385335820190448, 175.003425384839062 ], [ -901.666994514589305, 153.727891057818084 ], [ -902.227061493026213, 143.43332384519357 ], [ -908.705371093766644, 147.359572088066614 ], [ -916.694916548312108, 151.483208451702978 ], [ -920.045371093766676, 153.029572088066629 ], [ -929.581280184675734, 154.060481178975692 ], [ -934.22037109376663, 156.122299360793875 ], [ -940.921280184675652, 158.184117542612057 ], [ -948.137643821039319, 158.699572088066589 ], [ -955.611734730130252, 160.761390269884771 ], [ -961.539462002857476, 164.111844815339339 ], [ -966.178552911948373, 167.97775390624841 ], [ -970.559916548312003, 169.781844815339298 ], [ -974.941280184675634, 170.812753906248417 ], [ -980.611280184675707, 172.35911754261204 ], [ -985.713759523518434, 172.614241509554176 ], [ -986.023552911948173, 174.1632084517029 ], [ -986.79673473012997, 177.255935724430174 ], [ -988.60082563922083, 180.348662997157419 ], [ -989.116280184675475, 182.410481178975601 ], [ -995.301734730129965, 188.080481178975617 ], [ -1002.260371093766366, 193.750481178975576 ], [ -1005.353098366493555, 200.709117542611949 ], [ -1006.384007457402731, 203.544117542611957 ], [ -1012.827189275584601, 211.275935724430099 ], [ -1015.404462002857372, 217.461390269884618 ], [ -1020.043552911948154, 222.615935724430074 ], [ -1024.424916548311785, 226.481844815339144 ], [ -1026.74446200285729, 228.543662997157327 ], [ -1030.610371093766389, 230.863208451702775 ], [ -1036.795825639220993, 233.440481178975517 ], [ -1042.98128018467537, 236.790935724430028 ], [ -1046.074007457402786, 239.110481178975476 ], [ -1050.713098366493568, 241.430026633520924 ], [ -1054.836734730130047, 244.265026633520932 ], [ -1057.414007457402704, 245.811390269884555 ], [ -1059.218098366493678, 248.388662997157297 ], [ -1059.733552911948209, 250.192753906248186 ], [ -1059.733552911948209, 251.996844815339102 ], [ -1058.702643821039146, 255.089572088066376 ], [ -1055.60991654831173, 257.666844815339118 ], [ -1053.805825639220984, 259.470935724429978 ], [ -1049.682189275584506, 261.532753906248161 ], [ -1047.62037109376638, 262.821390269884546 ], [ -1044.012189275584433, 264.36775390624814 ], [ -1038.599916548311739, 255.605026633520964 ], [ -1031.641280184675452, 251.739117542611865 ], [ -1023.394007457402722, 248.13093572443006 ], [ -1021.847643821039128, 247.357753906248263 ], [ -1015.404462002857258, 234.213662997157371 ], [ -1007.672643821039173, 229.832299360793741 ], [ -1002.002643821039101, 224.93548117897555 ], [ -999.683098366493709, 221.327299360793745 ], [ -996.848098366493673, 215.141844815339198 ], [ -994.528552911948282, 212.306844815339218 ], [ -988.085371093766412, 208.440935724430119 ], [ -978.807189275584619, 202.2554811789756 ], [ -975.199007457402786, 196.843208451702878 ], [ -968.498098366493764, 188.853662997157414 ], [ -965.405371093766462, 185.245481178975638 ], [ -960.250825639221034, 182.41048117897563 ], [ -954.065371093766544, 180.348662997157447 ], [ -950.972643821039242, 177.771390269884705 ], [ -945.560371093766435, 173.132299360793809 ], [ -938.859462002857413, 168.235481178975647 ], [ -931.900825639221011, 163.080935724430219 ], [ -925.19991654831199, 161.534572088066568 ], [ -918.241280184675588, 162.565481178975659 ], [ -913.602189275584692, 164.885026633521107 ], [ -911.798098366493832, 166.689117542611996 ], [ -908.70537109376653, 170.555026633521095 ], [ -906.128098366493759, 172.101390269884746 ], [ -900.385335820190448, 175.003425384839062 ] ] ] ] } },
{ "type": "Feature", "properties": { "visible": 1, "color": -32768, "chunks": [ ], "minimapNameVisible": 1, "personal": 0, "announceInChat": 0, "mode": "Vertex", "fullscreenVisible": 1, "announceInTitle": 0, "id": "06c96f5f-c6de-4467-9195-d2b591400b06", "name2": "11ha 47a 37ca", "fullscreenNameVisible": 1, "dimension": "minecraft:overworld", "name1": "51.V.3", "minimapVisible": 1, "fullscreenOwnerVisible": 0, "minimapOwnerVisible": 0, "fid": 51, "TYPE": "V", "SSTYPE": "3", "SPECIES": "dynamictrees:birch", "SURF": null, "PARFOR": "51" }, "geometry": { "type": "MultiPolygon", "coordinates": [ [ [ [ -985.713759523518434, 172.614241509554176 ], [ -980.611280184675707, 172.35911754261204 ], [ -974.941280184675634, 170.812753906248417 ], [ -970.559916548312003, 169.781844815339298 ], [ -966.178552911948373, 167.97775390624841 ], [ -961.539462002857476, 164.111844815339339 ], [ -955.611734730130252, 160.761390269884771 ], [ -948.137643821039319, 158.699572088066589 ], [ -940.921280184675652, 158.184117542612057 ], [ -934.22037109376663, 156.122299360793875 ], [ -929.581280184675734, 154.060481178975692 ], [ -920.045371093766676, 153.029572088066629 ], [ -916.694916548312108, 151.483208451702978 ], [ -908.705371093766644, 147.359572088066614 ], [ -902.227061493026213, 143.43332384519357 ], [ -902.967049053752817, 132.146985707703237 ], [ -903.20371461849129, 126.91900736005671 ], [ -911.282643821039187, 129.576390269884797 ], [ -920.56082563922098, 134.730935724430253 ], [ -925.973098366493787, 138.339117542612058 ], [ -930.869916548311949, 139.885481178975681 ], [ -934.220371093766403, 140.916390269884801 ], [ -938.344007457402768, 142.978208451702955 ], [ -946.075825639220966, 143.493662997157514 ], [ -948.395371093766471, 144.782299360793871 ], [ -954.580825639220961, 145.040026633521137 ], [ -962.570371093766425, 149.163662997157473 ], [ -963.859007457402754, 150.194572088066593 ], [ -972.106280184675484, 153.802753906248398 ], [ -973.137189275584547, 154.575935724430224 ], [ -974.425825639220875, 156.895481178975672 ], [ -975.972189275584583, 159.472753906248386 ], [ -977.776280184675443, 161.019117542612037 ], [ -980.095825639220948, 162.050026633521099 ], [ -983.446280184675516, 163.338662997157485 ], [ -984.99264382103911, 164.369572088066548 ], [ -986.023552911948173, 167.462299360793821 ], [ -985.508098366493641, 168.493208451702912 ], [ -985.508098366493641, 171.585935724430186 ], [ -985.713759523518434, 172.614241509554176 ] ] ] ] } },
{ "type": "Feature", "properties": { "visible": 1, "color": -32768, "chunks": [ ], "minimapNameVisible": 1, "personal": 0, "announceInChat": 0, "mode": "Vertex", "fullscreenVisible": 1, "announceInTitle": 0, "id": "06c96f5f-c6de-4467-9195-d2b591400b06", "name2": "11ha 47a 37ca", "fullscreenNameVisible": 1, "dimension": "minecraft:overworld", "name1": "51.III.6", "minimapVisible": 1, "fullscreenOwnerVisible": 0, "minimapOwnerVisible": 0, "fid": 51, "TYPE": "III", "SSTYPE": "6", "SPECIES": "dtbwg:fir", "SURF": null, "PARFOR": "51" }, "geometry": { "type": "MultiPolygon", "coordinates": [ [ [ [ -1052.001734730130011, 33.875650523798754 ], [ -1052.001734730130011, 62.051844815339464 ], [ -1052.774916548311921, 68.237299360793997 ], [ -1052.774916548311921, 76.742299360793993 ], [ -1052.774916548311921, 81.896844815339449 ], [ -1051.486280184675479, 88.082299360793982 ], [ -1048.651280184675443, 91.690481178975801 ], [ -1046.589462002857317, 94.525481178975795 ], [ -1045.558552911948254, 98.39139026988488 ], [ -1046.589462002857317, 101.999572088066685 ], [ -1046.589462002857317, 102.515026633521231 ], [ -1045.816280184675406, 106.638662997157596 ], [ -1042.465825639221066, 109.731390269884855 ], [ -1039.63082563922103, 109.731390269884855 ], [ -1034.476280184675488, 111.793208451703038 ], [ -1033.703098366493805, 112.566390269884849 ], [ -1028.548552911948263, 115.659117542612123 ], [ -1029.064007457402795, 117.978662997157571 ], [ -1029.321734730130174, 121.844572088066656 ], [ -1028.548552911948263, 126.483662997157552 ], [ -1028.033098366493732, 127.256844815339377 ], [ -1023.909462002857367, 127.256844815339377 ], [ -1019.012643821039205, 127.256844815339377 ], [ -1014.88900745740284, 128.287753906248469 ], [ -1008.445825639220971, 128.803208451703 ], [ -1001.229462002857417, 128.545481178975734 ], [ -994.528552911948282, 128.030026633521175 ], [ -988.858552911948323, 127.256844815339377 ], [ -986.023552911948286, 126.225935724430286 ], [ -975.199007457402899, 124.421844815339384 ], [ -967.209462002857435, 122.617753906248467 ], [ -959.735371093766616, 122.875481178975747 ], [ -952.51900745740295, 123.390935724430292 ], [ -947.106734730130256, 123.390935724430292 ], [ -943.498552911948423, 123.390935724430292 ], [ -940.405825639221121, 123.390935724430292 ], [ -934.735825639221162, 124.164117542612104 ], [ -930.354462002857531, 124.164117542612104 ], [ -924.16900745740304, 121.844572088066656 ], [ -917.210371093766639, 122.102299360793921 ], [ -910.509462002857504, 121.586844815339376 ], [ -909.220825639221175, 121.071390269884844 ], [ -903.743884508048495, 117.785225591181174 ], [ -910.0, 12.0 ], [ -959.0, 18.0 ], [ -990.0, 20.0 ], [ -1047.0, 32.0 ], [ -1052.001734730130011, 33.875650523798754 ] ] ] ] } },
{ "type": "Feature", "properties": { "visible": 1, "color": -32768, "chunks": [ ], "minimapNameVisible": 1, "personal": 0, "announceInChat": 0, "mode": "Vertex", "fullscreenVisible": 1, "announceInTitle": 0, "id": "06c96f5f-c6de-4467-9195-d2b591400b06", "name2": "11ha 47a 37ca", "fullscreenNameVisible": 1, "dimension": "minecraft:overworld", "name1": "51", "minimapVisible": 1, "fullscreenOwnerVisible": 0, "minimapOwnerVisible": 0, "fid": 51, "TYPE": null, "SSTYPE": null, "SPECIES": null, "SURF": null, "PARFOR": "51" }, "geometry": { "type": "MultiPolygon", "coordinates": [ [ [ [ -984.99264382103911, 164.369572088066548 ], [ -1000.971734730129924, 156.380026633521339 ], [ -1010.507643821038982, 154.833662997157717 ], [ -1015.146734730129992, 153.0295720880668 ], [ -1025.713552911948227, 149.936844815339555 ], [ -1032.672189275584515, 147.875026633521372 ], [ -1042.208098366493459, 146.328662997157721 ], [ -1052.259462002857163, 143.493662997157742 ], [ -1065.661280184675206, 145.29775390624863 ], [ -1071.589007457402658, 153.545026633521331 ], [ -1074.424007457402467, 158.441844815339522 ], [ -1078.547643821038946, 164.885026633521335 ], [ -1082.413552911948045, 170.555026633521322 ], [ -1083.186734730129729, 173.390026633521302 ], [ -1087.825825639220739, 180.864117542612206 ], [ -1091.691734730129838, 188.33820845170311 ], [ -1094.269007457402495, 193.492753906248538 ], [ -1099.165825639220657, 203.028662997157596 ], [ -1100.96991654831163, 209.214117542612144 ], [ -1102.258552911947845, 217.203662997157579 ], [ -1102.258552911947845, 222.358208451703035 ], [ -1100.19673473012972, 229.832299360793911 ], [ -1097.619462002857063, 234.986844815339396 ], [ -1094.011280184675343, 238.852753906248466 ], [ -1089.887643821038864, 243.749572088066628 ], [ -1087.568098366493359, 249.419572088066616 ], [ -1087.825825639220739, 256.635935724430283 ], [ -1089.985987122474171, 262.807825676583207 ], [ -1071.0735529119479, 263.336844815339191 ], [ -1044.012189275584433, 264.36775390624814 ], [ -1047.62037109376638, 262.821390269884546 ], [ -1049.682189275584506, 261.532753906248161 ], [ -1053.805825639220984, 259.470935724429978 ], [ -1055.60991654831173, 257.666844815339118 ], [ -1058.702643821039146, 255.089572088066376 ], [ -1059.733552911948209, 251.996844815339102 ], [ -1059.733552911948209, 250.192753906248186 ], [ -1059.218098366493678, 248.388662997157297 ], [ -1057.414007457402704, 245.811390269884555 ], [ -1054.836734730130047, 244.265026633520932 ], [ -1050.713098366493568, 241.430026633520924 ], [ -1046.074007457402786, 239.110481178975476 ], [ -1042.98128018467537, 236.790935724430028 ], [ -1036.795825639220993, 233.440481178975517 ], [ -1030.610371093766389, 230.863208451702775 ], [ -1026.74446200285729, 228.543662997157327 ], [ -1024.424916548311785, 226.481844815339144 ], [ -1020.043552911948154, 222.615935724430074 ], [ -1015.404462002857372, 217.461390269884618 ], [ -1012.827189275584601, 211.275935724430099 ], [ -1006.384007457402731, 203.544117542611957 ], [ -1005.353098366493555, 200.709117542611949 ], [ -1002.260371093766366, 193.750481178975576 ], [ -995.301734730129965, 188.080481178975617 ], [ -989.116280184675475, 182.410481178975601 ], [ -988.60082563922083, 180.348662997157419 ], [ -986.79673473012997, 177.255935724430174 ], [ -986.023552911948173, 174.1632084517029 ], [ -985.713759523518434, 172.614241509554176 ], [ -985.508098366493641, 171.585935724430186 ], [ -985.508098366493641, 168.493208451702912 ], [ -986.023552911948173, 167.462299360793821 ], [ -984.99264382103911, 164.369572088066548 ] ] ] ] } },
{ "type": "Feature", "properties": { "visible": 1, "color": -32768, "chunks": [ ], "minimapNameVisible": 1, "personal": 0, "announceInChat": 0, "mode": "Vertex", "fullscreenVisible": 1, "announceInTitle": 0, "id": "06c96f5f-c6de-4467-9195-d2b591400b06", "name2": "11ha 47a 37ca", "fullscreenNameVisible": 1, "dimension": "minecraft:overworld", "name1": "51.X.", "minimapVisible": 1, "fullscreenOwnerVisible": 0, "minimapOwnerVisible": 0, "fid": 51, "TYPE": "X", "SSTYPE": null, "SPECIES": "minecraft:grass_block", "SURF": null, "PARFOR": "51" }, "geometry": { "type": "MultiPolygon", "coordinates": [ [ [ [ -1118.753098366493305, 259.728662997157357 ], [ -1132.412643821038955, 261.790481178975597 ], [ -1131.124007457402513, 265.914117542611962 ], [ -1127.515825639220566, 270.295481178975592 ], [ -1125.969462002856972, 273.130481178975572 ], [ -1123.649916548311694, 278.542753906248322 ], [ -1123.649916548311694, 282.150935724430099 ], [ -1123.649916548311694, 285.759117542611932 ], [ -1124.423098366493377, 289.109572088066443 ], [ -1125.969462002856972, 292.717753906248277 ], [ -1127.773552911947945, 297.872299360793704 ], [ -1130.09309836649345, 301.480481178975538 ], [ -1132.154916548311576, 310.500935724430065 ], [ -1131.639462002857044, 312.305026633520981 ], [ -1128.546734730129856, 312.305026633520981 ], [ -1126.742643821038882, 310.75866299715733 ], [ -1120.557189275584278, 308.439117542611882 ], [ -1117.20673473012971, 309.727753906248267 ], [ -1112.567643821038928, 312.047299360793716 ], [ -1108.701734730129829, 313.851390269884632 ], [ -1106.897643821038855, 314.366844815339164 ], [ -1106.382189275584324, 314.366844815339164 ], [ -1103.289462002857135, 313.335935724430044 ], [ -1102.000825639220693, 310.243208451702799 ], [ -1101.485371093766162, 307.150481178975497 ], [ -1101.485371093766162, 301.738208451702803 ], [ -1101.485371093766162, 298.13002663352097 ], [ -1099.939007457402568, 296.068208451702844 ], [ -1096.073098366493468, 290.398208451702828 ], [ -1090.660825639220775, 285.243662997157401 ], [ -1081.640371093766134, 281.377753906248302 ], [ -1078.547643821038946, 279.573662997157385 ], [ -1075.197189275584378, 278.285026633521056 ], [ -1071.331280184675279, 279.315935724430119 ], [ -1067.723098366493559, 281.377753906248302 ], [ -1064.888098366493523, 285.501390269884666 ], [ -1063.85718927558446, 288.07866299715738 ], [ -1063.599462002857081, 296.841390269884641 ], [ -1064.372643821038992, 301.222753906248272 ], [ -1064.630371093766144, 307.408208451702819 ], [ -1065.919007457402586, 316.686390269884612 ], [ -1067.723098366493105, 320.03684481533918 ], [ -1070.558098366493141, 325.964572088066461 ], [ -1071.846734730129583, 329.830481178975504 ], [ -1073.650825639220329, 335.500481178975519 ], [ -1072.362189275584115, 340.655026633520947 ], [ -1070.558098366493141, 341.170481178975479 ], [ -1065.145825639220448, 339.108662997157296 ], [ -1061.279916548311348, 337.046844815339114 ], [ -1052.259462002856708, 332.407753906248217 ], [ -1049.682189275584051, 330.345935724430035 ], [ -1044.527643821038964, 326.222299360793443 ], [ -1044.527643821038964, 323.645026633520729 ], [ -1044.012189275584205, 315.397753906247999 ], [ -1044.012189275584205, 305.861844815338941 ], [ -1043.754462002856826, 305.088662997157144 ], [ -1042.465825639220384, 298.130026633520743 ], [ -1040.146280184675106, 291.171390269884398 ], [ -1038.342189275584133, 286.01684481533897 ], [ -1036.538098366493159, 280.60457208806622 ], [ -1034.476280184675034, 274.161390269884464 ], [ -1032.929916548311439, 269.780026633520833 ], [ -1036.538098366493614, 267.202753906248176 ], [ -1041.950371093766307, 264.883208451702728 ], [ -1044.012189275584433, 264.36775390624814 ], [ -1071.0735529119479, 263.336844815339191 ], [ -1089.985987122474171, 262.807825676583207 ], [ -1107.928552911947918, 262.305935724430071 ], [ -1113.083098366493232, 261.79048117897554 ], [ -1118.753098366493305, 259.728662997157357 ] ] ] ] } },
{ "type": "Feature", "properties": { "visible": 1, "color": -32768, "chunks": [ ], "minimapNameVisible": 1, "personal": 0, "announceInChat": 0, "mode": "Vertex", "fullscreenVisible": 1, "announceInTitle": 0, "id": "06c96f5f-c6de-4467-9195-d2b591400b06", "name2": "11ha 47a 37ca", "fullscreenNameVisible": 1, "dimension": "minecraft:overworld", "name1": "51.I.3", "minimapVisible": 1, "fullscreenOwnerVisible": 0, "minimapOwnerVisible": 0, "fid": 51, "TYPE": "I", "SSTYPE": "3", "SPECIES": "dynamictrees:oak", "SURF": null, "PARFOR": "51" }, "geometry": { "type": "MultiPolygon", "coordinates": [ [ [ [ -1089.985987122474171, 262.807825676583207 ], [ -1087.825825639220739, 256.635935724430283 ], [ -1087.568098366493359, 249.419572088066616 ], [ -1089.887643821038864, 243.749572088066628 ], [ -1094.011280184675343, 238.852753906248466 ], [ -1097.619462002857063, 234.986844815339396 ], [ -1100.19673473012972, 229.832299360793911 ], [ -1102.258552911947845, 222.358208451703035 ], [ -1102.258552911947845, 217.203662997157579 ], [ -1100.96991654831163, 209.214117542612144 ], [ -1099.165825639220657, 203.028662997157596 ], [ -1094.269007457402495, 193.492753906248538 ], [ -1091.691734730129838, 188.33820845170311 ], [ -1087.825825639220739, 180.864117542612206 ], [ -1083.186734730129729, 173.390026633521302 ], [ -1082.413552911948045, 170.555026633521322 ], [ -1078.547643821038946, 164.885026633521335 ], [ -1074.424007457402467, 158.441844815339522 ], [ -1071.589007457402658, 153.545026633521331 ], [ -1065.661280184675206, 145.29775390624863 ], [ -1052.259462002857163, 143.493662997157742 ], [ -1042.208098366493459, 146.328662997157721 ], [ -1032.672189275584515, 147.875026633521372 ], [ -1025.713552911948227, 149.936844815339555 ], [ -1015.146734730129992, 153.0295720880668 ], [ -1010.507643821038982, 154.833662997157717 ], [ -1000.971734730129924, 156.380026633521339 ], [ -984.99264382103911, 164.369572088066548 ], [ -983.446280184675516, 163.338662997157485 ], [ -980.095825639220948, 162.050026633521099 ], [ -977.776280184675443, 161.019117542612037 ], [ -975.972189275584583, 159.472753906248386 ], [ -974.425825639220875, 156.895481178975672 ], [ -973.137189275584547, 154.575935724430224 ], [ -972.106280184675484, 153.802753906248398 ], [ -963.859007457402754, 150.194572088066593 ], [ -962.570371093766425, 149.163662997157473 ], [ -954.580825639220961, 145.040026633521137 ], [ -948.395371093766471, 144.782299360793871 ], [ -946.075825639220966, 143.493662997157514 ], [ -938.344007457402768, 142.978208451702955 ], [ -934.220371093766403, 140.916390269884801 ], [ -930.869916548311949, 139.885481178975681 ], [ -925.973098366493787, 138.339117542612058 ], [ -920.56082563922098, 134.730935724430253 ], [ -911.282643821039187, 129.576390269884797 ], [ -903.20371461849129, 126.91900736005671 ], [ -903.743884508048495, 117.785225591181174 ], [ -909.220825639221175, 121.071390269884844 ], [ -910.509462002857504, 121.586844815339376 ], [ -917.210371093766639, 122.102299360793921 ], [ -924.16900745740304, 121.844572088066656 ], [ -930.354462002857531, 124.164117542612104 ], [ -934.735825639221162, 124.164117542612104 ], [ -940.405825639221121, 123.390935724430292 ], [ -943.498552911948423, 123.390935724430292 ], [ -947.106734730130256, 123.390935724430292 ], [ -952.51900745740295, 123.390935724430292 ], [ -959.735371093766616, 122.875481178975747 ], [ -967.209462002857435, 122.617753906248467 ], [ -975.199007457402899, 124.421844815339384 ], [ -986.023552911948286, 126.225935724430286 ], [ -988.858552911948323, 127.256844815339377 ], [ -994.528552911948282, 128.030026633521175 ], [ -1001.229462002857417, 128.545481178975734 ], [ -1008.445825639220971, 128.803208451703 ], [ -1014.88900745740284, 128.287753906248469 ], [ -1019.012643821039205, 127.256844815339377 ], [ -1023.909462002857367, 127.256844815339377 ], [ -1028.033098366493732, 127.256844815339377 ], [ -1047.620371093766153, 127.514572088066657 ], [ -1057.929462002857008, 126.999117542612112 ], [ -1063.85718927558446, 126.999117542612112 ], [ -1070.300371093766216, 127.772299360793923 ], [ -1078.547643821038946, 132.411390269884834 ], [ -1081.640371093766134, 135.246390269884841 ], [ -1086.279462002857144, 140.658662997157535 ], [ -1090.918552911947927, 148.132753906248439 ], [ -1096.33082563922062, 157.926390269884791 ], [ -1099.423552911947809, 161.792299360793862 ], [ -1104.835825639220729, 165.658208451702933 ], [ -1106.639916548311476, 168.493208451702941 ], [ -1108.18628018467507, 169.781844815339298 ], [ -1113.598552911947991, 171.585935724430215 ], [ -1120.81491654831143, 172.616844815339306 ], [ -1125.969462002856972, 173.905481178975663 ], [ -1130.350825639220602, 176.482753906248377 ], [ -1134.216734730129701, 183.441390269884749 ], [ -1134.732189275584233, 190.400026633521094 ], [ -1135.763098366493296, 199.162753906248355 ], [ -1136.278552911947827, 210.760481178975596 ], [ -1136.278552911947827, 219.780935724430208 ], [ -1134.732189275584005, 222.358208451702922 ], [ -1131.639462002856817, 225.193208451702901 ], [ -1128.031280184675097, 228.028208451702909 ], [ -1125.969462002856744, 233.440481178975631 ], [ -1124.42309836649315, 238.595026633521059 ], [ -1124.165371093765998, 239.883662997157444 ], [ -1122.876734730129556, 247.100026633521026 ], [ -1121.845825639220493, 252.512299360793747 ], [ -1120.299462002856899, 256.635935724430112 ], [ -1118.753098366493305, 259.728662997157357 ], [ -1113.083098366493232, 261.79048117897554 ], [ -1107.928552911947918, 262.305935724430071 ], [ -1089.985987122474171, 262.807825676583207 ] ] ] ] } },
{ "type": "Feature", "properties": { "visible": 1, "color": -32768, "chunks": [ ], "minimapNameVisible": 1, "personal": 0, "announceInChat": 0, "mode": "Vertex", "fullscreenVisible": 1, "announceInTitle": 0, "id": "06c96f5f-c6de-4467-9195-d2b591400b06", "name2": "11ha 47a 37ca", "fullscreenNameVisible": 1, "dimension": "minecraft:overworld", "name1": "51.V.2", "minimapVisible": 1, "fullscreenOwnerVisible": 0, "minimapOwnerVisible": 0, "fid": 51, "TYPE": "V", "SSTYPE": "2", "SPECIES": "dynamictrees:birch", "SURF": null, "PARFOR": "51" }, "geometry": { "type": "MultiPolygon", "coordinates": [ [ [ [ -1132.154916548311576, 310.500935724430065 ], [ -1139.242416548311894, 314.109117542611898 ], [ -1141.948552911948354, 316.815253906248302 ], [ -1142.206280184675506, 319.521390269884648 ], [ -1141.433098366493823, 323.000708451702792 ], [ -1140.144462002857381, 326.608890269884625 ], [ -1140.144462002857381, 328.541844815339175 ], [ -1141.561962002857399, 332.021162997157376 ], [ -1141.046507457402868, 336.402526633520949 ], [ -1137.6960529119483, 341.041617542611903 ], [ -1135.634234730130174, 343.361162997157351 ], [ -1133.959007457402777, 345.036390269884578 ], [ -1131.252871093766544, 346.711617542611862 ], [ -1128.675598366493887, 347.742526633520981 ], [ -1125.06741654831194, 348.257981178975513 ], [ -1122.232416548311903, 348.12911754261188 ], [ -1118.495371093766607, 347.355935724430026 ], [ -1114.242871093766553, 345.680708451702799 ], [ -1112.309916548312003, 344.263208451702781 ], [ -1110.634689275584606, 341.170481178975535 ], [ -1107.155371093766462, 337.9488902698846 ], [ -1103.933780184675697, 335.500481178975519 ], [ -1101.356507457402813, 333.825253906248236 ], [ -1100.32559836649375, 331.376844815339155 ], [ -1100.32559836649375, 327.768662997157321 ], [ -1100.32559836649375, 324.547072088066443 ], [ -1100.58332563922113, 320.552299360793711 ], [ -1101.485371093766616, 316.17093572443008 ], [ -1103.289462002857135, 313.335935724430044 ], [ -1106.382189275584324, 314.366844815339164 ], [ -1106.897643821038855, 314.366844815339164 ], [ -1108.701734730129829, 313.851390269884632 ], [ -1112.567643821038928, 312.047299360793716 ], [ -1117.20673473012971, 309.727753906248267 ], [ -1120.557189275584278, 308.439117542611882 ], [ -1126.742643821038882, 310.75866299715733 ], [ -1128.546734730129856, 312.305026633520981 ], [ -1131.639462002857044, 312.305026633520981 ], [ -1132.154916548311576, 310.500935724430065 ] ] ] ] } },
{ "type": "Feature", "properties": { "visible": 1, "color": -32768, "chunks": [ ], "minimapNameVisible": 1, "personal": 0, "announceInChat": 0, "mode": "Vertex", "fullscreenVisible": 1, "announceInTitle": 0, "id": "06c96f5f-c6de-4467-9195-d2b591400b06", "name2": "11ha 47a 37ca", "fullscreenNameVisible": 1, "dimension": "minecraft:overworld", "name1": "51.II.5", "minimapVisible": 1, "fullscreenOwnerVisible": 0, "minimapOwnerVisible": 0, "fid": 51, "TYPE": "II", "SSTYPE": "5", "SPECIES": "dynamictrees:oak", "SURF": null, "PARFOR": "51" }, "geometry": { "type": "MultiPolygon", "coordinates": [ [ [ [ -1221.080819825946946, 242.818446083808141 ], [ -1186.793098366493723, 253.156617542612139 ], [ -1152.773098366493741, 259.342072088066686 ], [ -1132.412643821038955, 261.790481178975597 ], [ -1118.753098366493305, 259.728662997157357 ], [ -1120.299462002856899, 256.635935724430112 ], [ -1121.845825639220493, 252.512299360793747 ], [ -1122.876734730129556, 247.100026633521026 ], [ -1124.165371093765998, 239.883662997157444 ], [ -1124.42309836649315, 238.595026633521059 ], [ -1125.969462002856744, 233.440481178975631 ], [ -1128.031280184675097, 228.028208451702909 ], [ -1131.639462002856817, 225.193208451702901 ], [ -1134.732189275584005, 222.358208451702922 ], [ -1136.278552911947827, 219.780935724430208 ], [ -1136.278552911947827, 210.760481178975596 ], [ -1135.763098366493296, 199.162753906248355 ], [ -1134.732189275584233, 190.400026633521094 ], [ -1134.216734730129701, 183.441390269884749 ], [ -1130.350825639220602, 176.482753906248377 ], [ -1125.969462002856972, 173.905481178975663 ], [ -1120.81491654831143, 172.616844815339306 ], [ -1113.598552911947991, 171.585935724430215 ], [ -1108.18628018467507, 169.781844815339298 ], [ -1106.639916548311476, 168.493208451702941 ], [ -1104.835825639220729, 165.658208451702933 ], [ -1099.423552911947809, 161.792299360793862 ], [ -1096.33082563922062, 157.926390269884791 ], [ -1090.918552911947927, 148.132753906248439 ], [ -1086.279462002857144, 140.658662997157535 ], [ -1081.640371093766134, 135.246390269884841 ], [ -1078.547643821038946, 132.411390269884834 ], [ -1070.300371093766216, 127.772299360793923 ], [ -1063.85718927558446, 126.999117542612112 ], [ -1057.929462002857008, 126.999117542612112 ], [ -1047.620371093766153, 127.514572088066657 ], [ -1028.033098366493732, 127.256844815339377 ], [ -1028.548552911948263, 126.483662997157552 ], [ -1029.321734730130174, 121.844572088066656 ], [ -1029.064007457402795, 117.978662997157571 ], [ -1028.548552911948263, 115.659117542612123 ], [ -1033.703098366493805, 112.566390269884849 ], [ -1034.476280184675488, 111.793208451703038 ], [ -1039.63082563922103, 109.731390269884855 ], [ -1042.465825639221066, 109.731390269884855 ], [ -1045.816280184675406, 106.638662997157596 ], [ -1046.589462002857317, 102.515026633521231 ], [ -1046.589462002857317, 101.999572088066685 ], [ -1045.558552911948254, 98.39139026988488 ], [ -1046.589462002857317, 94.525481178975795 ], [ -1048.651280184675443, 91.690481178975801 ], [ -1051.486280184675479, 88.082299360793982 ], [ -1052.774916548311921, 81.896844815339449 ], [ -1052.774916548311921, 76.742299360793993 ], [ -1052.774916548311921, 68.237299360793997 ], [ -1052.001734730130011, 62.051844815339464 ], [ -1052.001734730130011, 33.875650523798754 ], [ -1087.0, 47.0 ], [ -1094.0, 48.0 ], [ -1111.0, 55.0 ], [ -1157.0, 107.0 ], [ -1181.0, 133.0 ], [ -1208.0, 156.0 ], [ -1213.0, 175.0 ], [ -1219.0, 204.0 ], [ -1221.0, 219.0 ], [ -1221.0, 241.0 ], [ -1221.080819825946946, 242.818446083808141 ] ] ] ] } },
{ "type": "Feature", "properties": { "visible": 1, "color": -32768, "chunks": [ ], "minimapNameVisible": 1, "personal": 0, "announceInChat": 0, "mode": "Vertex", "fullscreenVisible": 1, "announceInTitle": 0, "id": "3648f32e-4e71-498d-b71f-dc760eeb8e5d", "name2": "7ha 16a 42ca", "fullscreenNameVisible": 1, "dimension": "minecraft:overworld", "name1": "50.II.4", "minimapVisible": 1, "fullscreenOwnerVisible": 0, "minimapOwnerVisible": 0, "fid": 15515, "TYPE": "II", "SSTYPE": "4", "SPECIES": "dynamictrees:oak", "SURF": null, "PARFOR": "50" }, "geometry": { "type": "MultiPolygon", "coordinates": [ [ [ [ -1407.0, 505.883417968746926 ], [ -1406.63446200285739, 505.858208451702581 ], [ -1399.160371093766571, 502.765481178975278 ], [ -1386.531734730130211, 497.610935724429851 ], [ -1382.665825639221111, 495.291390269884403 ], [ -1369.52173473013022, 475.961844815338964 ], [ -1363.851734730130374, 463.075481178975338 ], [ -1363.851734730130374, 457.405481178975322 ], [ -1363.851734730130374, 449.931390269884446 ], [ -1364.624916548312058, 439.106844815339002 ], [ -1365.140371093766589, 427.509117542611762 ], [ -1363.594007457402995, 419.519572088066298 ], [ -1361.789916548312249, 405.860026633520874 ], [ -1359.985825639221048, 393.489117542611837 ], [ -1359.728098366493668, 387.561390269884555 ], [ -1359.728098366493668, 375.190481178975517 ], [ -1359.470371093766516, 366.943208451702787 ], [ -1357.924007457402695, 359.984572088066443 ], [ -1354.315825639220975, 351.995026633520979 ], [ -1348.38809836649375, 343.232299360793718 ], [ -1344.779916548311803, 338.07775390624829 ], [ -1338.079007457402895, 330.603662997157414 ], [ -1330.862643821039228, 323.64502663352107 ], [ -1314.110371093766389, 305.604117542612016 ], [ -1283.0, 273.0 ], [ -1275.709007457402777, 264.367753906248481 ], [ -1262.049462002857354, 257.924572088066668 ], [ -1250.709462002857435, 253.027753906248506 ], [ -1238.080825639221075, 247.35775390624849 ], [ -1221.080819825946946, 242.818446083808141 ], [ -1221.0, 241.0 ], [ -1221.0, 219.0 ], [ -1219.0, 204.0 ], [ -1213.0, 175.0 ], [ -1208.0, 156.0 ], [ -1256.0, 186.0 ], [ -1285.0, 206.0 ], [ -1323.0, 229.0 ], [ -1346.0, 241.0 ], [ -1375.0, 254.0 ], [ -1391.0, 259.0 ], [ -1407.0, 259.0 ], [ -1407.0, 397.0 ], [ -1407.0, 505.883417968746926 ] ] ] ] } },
{ "type": "Feature", "properties": { "visible": 1, "color": -32768, "chunks": [ ], "minimapNameVisible": 1, "personal": 0, "announceInChat": 0, "mode": "Vertex", "fullscreenVisible": 1, "announceInTitle": 0, "id": "8fe1f306-56eb-4874-b8bd-cce24eb54335", "name2": "10ha 73a 27ca", "fullscreenNameVisible": 1, "dimension": "minecraft:overworld", "name1": "52.II.4", "minimapVisible": 1, "fullscreenOwnerVisible": 0, "minimapOwnerVisible": 0, "fid": 16, "TYPE": "II", "SSTYPE": "4", "SPECIES": "dynamictrees:oak", "SURF": null, "PARFOR": "52" }, "geometry": { "type": "MultiPolygon", "coordinates": [ [ [ [ -1035.482396570449055, 19.423541877271141 ], [ -1033.960825639221866, 13.083662997157958 ], [ -1033.703098366494487, 5.094117542612523 ], [ -1033.703098366494487, 1.485935724430703 ], [ -1034.73400745740355, -4.69951882102383 ], [ -1042.465825639221748, -5.988155184660187 ], [ -1055.35218927558526, -5.214973366478375 ], [ -1063.084007457403459, -2.122246093751102 ], [ -1073.650825639221694, 0.970481178976158 ], [ -1082.929007457403486, 4.836390269885243 ], [ -1087.480428542787877, 7.617814266508954 ], [ -1087.568098366494496, 7.671390269885237 ], [ -1093.753552911948873, 11.537299360794322 ], [ -1098.908098366494414, 13.083662997157958 ], [ -1106.124462002858081, 14.630026633521595 ], [ -1111.794462002857927, 16.176390269885232 ], [ -1122.103552911949009, 19.269117542612499 ], [ -1131.897189275585333, 20.815481178976128 ], [ -1136.020825639221584, 22.619572088067038 ], [ -1143.09499049360079, 25.398708280858862 ], [ -1119.0, 37.0 ], [ -1110.0, 41.0 ], [ -1088.0, 37.0 ], [ -1062.0, 27.0 ], [ -1035.482396570449055, 19.423541877271141 ] ] ] ] } },
{ "type": "Feature", "properties": { "visible": 1, "color": -32768, "chunks": [ ], "minimapNameVisible": 1, "personal": 0, "announceInChat": 0, "mode": "Vertex", "fullscreenVisible": 1, "announceInTitle": 0, "id": "e48a74d3-16a0-4ed3-9873-aacd5d232a7f", "name2": "6ha 61a 39ca", "fullscreenNameVisible": 1, "dimension": "minecraft:overworld", "name1": "53.I.4", "minimapVisible": 1, "fullscreenOwnerVisible": 0, "minimapOwnerVisible": 0, "fid": 54, "TYPE": "I", "SSTYPE": "4", "SPECIES": "dynamictrees:oak", "SURF": null, "PARFOR": "53" }, "geometry": { "type": "MultiPolygon", "coordinates": [ [ [ [ -1142.15970319786129, 37.307835001028259 ], [ -1162.18014382103911, 57.799344815339737 ], [ -1181.638552911948182, 75.969117542612437 ], [ -1190.014689275584487, 88.468890269885151 ], [ -1208.313325639220466, 107.154117542612397 ], [ -1213.854462002856735, 115.143662997157833 ], [ -1219.524462002856808, 123.390935724430548 ], [ -1225.838780184675215, 130.349572088066907 ], [ -1231.766507457402668, 134.086617542612345 ], [ -1239.111734730129911, 139.627753906248699 ], [ -1244.137416548311649, 143.235935724430533 ], [ -1249.807416548311721, 147.617299360794163 ], [ -1253.544462002857017, 149.421390269885052 ], [ -1258.570143821038982, 151.225481178975969 ], [ -1262.564916548311658, 153.029572088066857 ], [ -1266.044234730129801, 154.962526633521406 ], [ -1275.064689275583987, 161.276844815339587 ], [ -1280.992416548311212, 163.982981178975933 ], [ -1287.435598366493195, 165.658208451703217 ], [ -1294.651962002856635, 170.039572088066848 ], [ -1300.450825639220284, 174.678662997157744 ], [ -1303.801280184674852, 175.838435724430468 ], [ -1311.146507457402095, 182.023890269885015 ], [ -1310.759916548311139, 185.760935724430453 ], [ -1309.213552911947545, 189.49798117897592 ], [ -1309.471280184674697, 192.848435724430459 ], [ -1313.723780184674752, 195.167981178975907 ], [ -1320.682416548311039, 198.389572088066814 ], [ -1324.032871093765607, 200.837981178975895 ], [ -1327.641052911947554, 201.868890269884986 ], [ -1330.604916548311166, 201.997753906248619 ], [ -1333.182189275583823, 198.776162997157712 ], [ -1333.182189275583823, 196.198890269884998 ], [ -1335.630598366492904, 191.946390269885001 ], [ -1338.981052911947472, 186.662981178975912 ], [ -1344.779916548311121, 180.090935724430494 ], [ -1349.419007457401904, 175.194117542612304 ], [ -1353.800371093765534, 170.039572088066848 ], [ -1357.279689275583678, 165.142753906248629 ], [ -1359.985825639220138, 161.147981178975925 ], [ -1362.563098366492795, 153.931617542612287 ], [ -1362.820825639220175, 148.519344815339565 ], [ -1362.176507457402067, 143.751390269885036 ], [ -1361.145598366492777, 138.210253906248681 ], [ -1361.145598366492777, 128.287753906248696 ], [ -1361.145598366492777, 125.06616299715779 ], [ -1361.403325639220157, 119.653890269885082 ], [ -1362.305371093765643, 112.179799360794192 ], [ -1363.20741654831113, 104.834572088066921 ], [ -1362.949689275583751, 100.582072088066923 ], [ -1362.305371093765643, 97.61820845170331 ], [ -1360.372416548311094, 93.494572088066946 ], [ -1358.697189275583696, 92.334799360794221 ], [ -1354.573552911947445, 90.401844815339672 ], [ -1352.640598366492895, 89.113208451703315 ], [ -1350.32105291194739, 86.149344815339674 ], [ -1348.130371093765689, 82.798890269885135 ], [ -1345.810825639220184, 80.092753906248788 ], [ -1341.429462002856553, 78.546390269885151 ], [ -1337.434689275583878, 78.417526633521504 ], [ -1336.01718927558386, 78.030935724430606 ], [ -1332.924462002856444, 75.324799360794245 ], [ -1331.635825639220002, 73.907299360794241 ], [ -1328.67196200285639, 69.654799360794243 ], [ -1325.836962002856353, 65.531162997157892 ], [ -1322.873098366492741, 59.216844815339719 ], [ -1321.069007457401995, 52.387072088067001 ], [ -1321.069007457401995, 47.876844815339723 ], [ -1321.455598366492723, 40.789344815339739 ], [ -1323.13082563922012, 34.08843572443066 ], [ -1323.904007457401804, 28.933890269885211 ], [ -1324.80605291194729, 20.557753906248863 ], [ -1324.677189275583714, 16.305253906248872 ], [ -1324.677189275583714, 11.279572088067063 ], [ -1325.965825639220157, 5.609572088067075 ], [ -1327.76991654831113, 0.326162997157994 ], [ -1327.898780184674706, -3.926337002842004 ], [ -1328.027643821038282, -9.982927911932897 ], [ -1328.671962002856617, -19.77656427556925 ], [ -1330.991507457402122, -25.962018821023769 ], [ -1334.08423473012931, -34.467018821023757 ], [ -1336.403780184674815, -42.4565642755692 ], [ -1338.465598366492941, -48.64201882102374 ], [ -1339.496507457402004, -54.827473366478273 ], [ -1341.558325639220357, -62.559291548296443 ], [ -1345.424234730129228, -71.32201882102369 ], [ -1349.290143821038328, -81.631109730114588 ], [ -1350.57878018467477, -85.754746093750953 ], [ -1352.640598366492895, -92.197927911932751 ], [ -1356.764234730129374, -98.383382457387285 ], [ -1358.052871093765589, -107.661564275569091 ], [ -1358.8260529119475, -116.682018821023618 ], [ -1357.021962002856526, -123.125200639205431 ], [ -1355.991052911947463, -128.279746093750873 ], [ -1355.991052911947463, -138.588837002841757 ], [ -1356.506507457401995, -148.124746093750844 ], [ -1356.506507457401995, -156.114291548296279 ], [ -1356.248780184674843, -159.98020063920535 ], [ -1354.9601438210384, -167.454291548296254 ], [ -1354.9601438210384, -176.474746093750809 ], [ -1353.156052911947654, -184.979746093750776 ], [ -1350.57878018467477, -191.165200639205295 ], [ -1347.743780184674961, -198.639291548296228 ], [ -1346.455143821038519, -203.278382457387124 ], [ -1343.877871093765862, -205.340200639205307 ], [ -1339.238780184674852, -205.082473366478041 ], [ -1332.537871093765716, -205.46906427556894 ], [ -1323.388552911947727, -207.273155184659856 ], [ -1319.393780184674824, -207.917473366478021 ], [ -1311.017643821038519, -208.948382457387112 ], [ -1303.930143821038655, -208.948382457387112 ], [ -1296.069462002856653, -208.948382457387112 ], [ -1290.270598366493232, -208.304064275568919 ], [ -1283.827416548311248, -207.402018821023489 ], [ -1277.255371093765916, -205.340200639205307 ], [ -1272.874007457402286, -204.309291548296216 ], [ -1269.781280184675097, -204.051564275568921 ], [ -1265.013325639220511, -201.860882457387135 ], [ -1263.080371093765962, -199.670200639205319 ], [ -1260.631962002856881, -195.80429154829622 ], [ -1259.085598366493286, -190.778609730114425 ], [ -1257.410371093765889, -184.593155184659906 ], [ -1254.446507457402276, -180.85610973011444 ], [ -1252.009162490986228, -178.861918393955875 ], [ -1253.0, -218.0 ], [ -1255.0, -221.0 ], [ -1272.0, -224.0 ], [ -1296.0, -230.0 ], [ -1320.0, -232.0 ], [ -1328.0, -232.0 ], [ -1342.0, -228.0 ], [ -1349.0, -223.0 ], [ -1363.0, -201.0 ], [ -1375.0, -170.0 ], [ -1376.0, -162.0 ], [ -1377.0, -144.0 ], [ -1377.0, -103.0 ], [ -1375.0, -89.0 ], [ -1365.0, -71.0 ], [ -1362.0, -62.0 ], [ -1359.0, -50.0 ], [ -1352.0, -32.0 ], [ -1353.0, -13.0 ], [ -1347.0, 39.0 ], [ -1348.0, 61.0 ], [ -1363.0, 68.0 ], [ -1373.0, 71.0 ], [ -1381.0, 74.0 ], [ -1382.0, 81.0 ], [ -1382.0, 91.0 ], [ -1380.0, 104.0 ], [ -1377.0, 148.0 ], [ -1379.0, 161.0 ], [ -1381.0, 167.0 ], [ -1381.0, 176.0 ], [ -1386.0, 199.0 ], [ -1406.0, 223.0 ], [ -1407.0, 253.0 ], [ -1358.0, 233.0 ], [ -1344.0, 226.0 ], [ -1325.0, 215.0 ], [ -1244.0, 164.0 ], [ -1219.0, 150.0 ], [ -1206.0, 140.0 ], [ -1175.0, 107.0 ], [ -1133.0, 58.0 ], [ -1122.0, 47.0 ], [ -1142.15970319786129, 37.307835001028259 ] ] ] ] } },
{ "type": "Feature", "properties": { "visible": 1, "color": -32768, "chunks": [ ], "minimapNameVisible": 1, "personal": 0, "announceInChat": 0, "mode": "Vertex", "fullscreenVisible": 1, "announceInTitle": 0, "id": "9b38ebee-f949-45e2-a78a-cadda163de40", "name2": "14ha 72a 53ca", "fullscreenNameVisible": 1, "dimension": "minecraft:overworld", "name1": "29.III.4", "minimapVisible": 1, "fullscreenOwnerVisible": 0, "minimapOwnerVisible": 0, "fid": 4, "TYPE": "III", "SSTYPE": "4", "SPECIES": "dtbop:fir", "SURF": null, "PARFOR": "29" }, "geometry": { "type": "MultiPolygon", "coordinates": [ [ [ [ 1.0, 712.456692238930032 ], [ -2.020825639222849, 712.040026633520029 ], [ -9.366052911950106, 711.009117542610966 ], [ -14.907189275586447, 710.7513902698837 ], [ -20.834916548313707, 712.040026633520029 ], [ -23.669916548313694, 713.328662997156357 ], [ -26.76264382104096, 715.390481178974596 ], [ -28.051280184677317, 716.679117542610925 ], [ -30.370825639222765, 719.771844815338113 ], [ -33.076962002859119, 723.380026633519947 ], [ -34.236734730131843, 725.055253906247231 ], [ -35.5253710937682, 729.952072088065393 ], [ -35.783098366495473, 735.622072088065352 ], [ -36.169689275586386, 741.678662997156266 ], [ -39.777871093768177, 755.08048117897431 ], [ -37.973780184677274, 759.977299360792472 ], [ -36.169689275586371, 764.616390269883368 ], [ -36.298552911950004, 771.317299360792504 ], [ -36.427416548313637, 776.342981178974242 ], [ -37.973780184677274, 782.786162997155998 ], [ -37.07173473013183, 787.296390269883318 ], [ -34.752189275586389, 790.646844815337772 ], [ -32.174916548313661, 793.739572088065074 ], [ -31.659462002859115, 798.636390269883236 ], [ -32.819234730131839, 802.11570845170138 ], [ -35.267643821040934, 805.595026633519637 ], [ -38.231507457404554, 809.074344815337781 ], [ -40.422189275586369, 813.455708451701412 ], [ -40.808780184677275, 819.641162997155902 ], [ -41.32423473013182, 824.92457208806502 ], [ -40.679916548313642, 830.594572088064979 ], [ -38.746962002859107, 834.460481178974078 ], [ -35.654234730131833, 838.712981178974019 ], [ -32.561507457404574, 843.352072088064915 ], [ -32.690371093768221, 845.285026633519465 ], [ -34.494462002859109, 853.532299360792194 ], [ -36.298552911950026, 858.429117542610356 ], [ -37.329462002859117, 864.099117542610315 ], [ -38.36037109376818, 869.253662997155743 ], [ -33.205825639222752, 880.078208451701244 ], [ -30.370825639222772, 882.397753906246635 ], [ -22.381280184677337, 886.263662997155734 ], [ -16.969007457404615, 886.263662997155734 ], [ -11.814462002859187, 885.748208451701203 ], [ -4.855825639222843, 884.975026633519406 ], [ 1.0, 884.773101611477273 ], [ 1.0, 848.161951613486735 ], [ 1.0, 712.456692238930032 ] ] ] ] } },
{ "type": "Feature", "properties": { "visible": 1, "color": -32768, "chunks": [ ], "minimapNameVisible": 1, "personal": 0, "announceInChat": 0, "mode": "Vertex", "fullscreenVisible": 1, "announceInTitle": 0, "id": "9b38ebee-f949-45e2-a78a-cadda163de40", "name2": "14ha 72a 53ca", "fullscreenNameVisible": 1, "dimension": "minecraft:overworld", "name1": "29.III.5", "minimapVisible": 1, "fullscreenOwnerVisible": 0, "minimapOwnerVisible": 0, "fid": 4, "TYPE": "III", "SSTYPE": "5", "SPECIES": "dtbop:fir", "SURF": null, "PARFOR": "29" }, "geometry": { "type": "MultiPolygon", "coordinates": [ [ [ [ -138.915147118528068, 1109.0 ], [ -133.204007457404231, 1103.785481178973896 ], [ -127.791734730131495, 1098.888662997155734 ], [ -123.66809836649513, 1094.507299360792103 ], [ -119.544462002858765, 1088.837299360792031 ], [ -115.67855291194968, 1083.425026633519337 ], [ -112.328098366495141, 1079.816844815337618 ], [ -108.977643821040601, 1076.46639026988305 ], [ -104.596280184676942, 1072.085026633519419 ], [ -98.926280184676955, 1069.765481178973914 ], [ -88.617189275586043, 1068.21911754261032 ], [ -80.627643821040579, 1067.445935724428409 ], [ -72.895825639222409, 1064.868662997155752 ], [ -59.751734730131489, 1061.518208451701184 ], [ -45.834462002858771, 1060.487299360792122 ], [ -31.917189275586026, 1061.002753906246653 ], [ -18.51537109376784, 1061.260481178973805 ], [ -4.082643821040591, 1060.487299360792122 ], [ 1.671132162673801, 1059.736806841177213 ], [ 1.363667034900015, 1009.005060758502509 ], [ 1.0, 949.0 ], [ 1.0, 897.85693865941812 ], [ -164.389007457404176, 897.603662997155766 ], [ -181.656734730131348, 921.83002663351931 ], [ -185.690159162910589, 928.760799094140907 ], [ -194.638519129864733, 944.137074975913151 ], [ -202.313041885711613, 957.324472397410432 ], [ -290.0, 1108.0 ], [ -172.0, 1109.0 ], [ -138.915147118528068, 1109.0 ] ] ] ] } },
{ "type": "Feature", "properties": { "visible": 1, "color": -32768, "chunks": [ ], "minimapNameVisible": 1, "personal": 0, "announceInChat": 0, "mode": "Vertex", "fullscreenVisible": 1, "announceInTitle": 0, "id": "9b38ebee-f949-45e2-a78a-cadda163de40", "name2": "14ha 72a 53ca", "fullscreenNameVisible": 1, "dimension": "minecraft:overworld", "name1": "29.III.5", "minimapVisible": 1, "fullscreenOwnerVisible": 0, "minimapOwnerVisible": 0, "fid": 4, "TYPE": "III", "SSTYPE": "5", "SPECIES": "dtbwg:fir", "SURF": null, "PARFOR": "29" }, "geometry": { "type": "MultiPolygon", "coordinates": [ [ [ [ -290.0, 1008.855309322664766 ], [ -278.562189275585752, 1009.457299360791808 ], [ -273.66537109376759, 1009.972753906246339 ], [ -263.614007457403943, 1008.168662997155479 ], [ -262.067643821040292, 1016.158208451700943 ], [ -264.387189275585797, 1020.539572088064574 ], [ -266.706734730131188, 1026.725026633519064 ], [ -267.995371093767574, 1029.817753906246253 ], [ -271.345825639222085, 1036.003208451700857 ], [ -273.66537109376759, 1037.291844815337299 ], [ -281.912643821040319, 1038.065026633518983 ], [ -290.0, 1038.277851796123286 ], [ -290.0, 1108.0 ], [ -202.313041885711613, 957.324472397410432 ], [ -290.0, 956.691353566260432 ], [ -290.0, 1008.855309322664766 ] ] ] ] } },
{ "type": "Feature", "properties": { "visible": 1, "color": -32768, "chunks": [ ], "minimapNameVisible": 1, "personal": 0, "announceInChat": 0, "mode": "Vertex", "fullscreenVisible": 1, "announceInTitle": 0, "id": "9b38ebee-f949-45e2-a78a-cadda163de40", "name2": "14ha 72a 53ca", "fullscreenNameVisible": 1, "dimension": "minecraft:overworld", "name1": "29.III.4", "minimapVisible": 1, "fullscreenOwnerVisible": 0, "minimapOwnerVisible": 0, "fid": 4, "TYPE": "III", "SSTYPE": "4", "SPECIES": "dynamictrees:spruce", "SURF": null, "PARFOR": "29" }, "geometry": { "type": "MultiPolygon", "coordinates": [ [ [ [ -290.0, 928.303299792223811 ], [ -185.690159162910589, 928.760799094140907 ], [ -181.656734730131348, 921.83002663351931 ], [ -290.0, 922.305216393474893 ], [ -290.0, 928.245088392919456 ], [ -290.0, 928.303299792223811 ] ] ] ] } },
{ "type": "Feature", "properties": { "visible": 1, "color": -32768, "chunks": [ ], "minimapNameVisible": 1, "personal": 0, "announceInChat": 0, "mode": "Vertex", "fullscreenVisible": 1, "announceInTitle": 0, "id": "9b38ebee-f949-45e2-a78a-cadda163de40", "name2": "14ha 72a 53ca", "fullscreenNameVisible": 1, "dimension": "minecraft:overworld", "name1": "29.III.6", "minimapVisible": 1, "fullscreenOwnerVisible": 0, "minimapOwnerVisible": 0, "fid": 4, "TYPE": "III", "SSTYPE": "6", "SPECIES": "dtbwg:fir", "SURF": null, "PARFOR": "29" }, "geometry": { "type": "MultiPolygon", "coordinates": [ [ [ [ -290.0, 944.344157453372759 ], [ -194.638519129864733, 944.137074975913151 ], [ -185.690159162910589, 928.760799094140907 ], [ -290.0, 928.303299792223811 ], [ -290.0, 944.344157453372759 ] ] ] ] } },
{ "type": "Feature", "properties": { "visible": 1, "color": -32768, "chunks": [ ], "minimapNameVisible": 1, "personal": 0, "announceInChat": 0, "mode": "Vertex", "fullscreenVisible": 1, "announceInTitle": 0, "id": "9b38ebee-f949-45e2-a78a-cadda163de40", "name2": "14ha 72a 53ca", "fullscreenNameVisible": 1, "dimension": "minecraft:overworld", "name1": "29.III.4", "minimapVisible": 1, "fullscreenOwnerVisible": 0, "minimapOwnerVisible": 0, "fid": 4, "TYPE": "III", "SSTYPE": "4", "SPECIES": "dynamictrees:spruce", "SURF": null, "PARFOR": "29" }, "geometry": { "type": "MultiPolygon", "coordinates": [ [ [ [ -290.0, 956.691353566260432 ], [ -202.313041885711613, 957.324472397410432 ], [ -194.638519129864733, 944.137074975913151 ], [ -290.0, 944.344157453372759 ], [ -290.0, 956.691353566260432 ] ] ] ] } },
{ "type": "Feature", "properties": { "visible": 1, "color": -32768, "chunks": [ ], "minimapNameVisible": 1, "personal": 0, "announceInChat": 0, "mode": "Vertex", "fullscreenVisible": 1, "announceInTitle": 0, "id": "9b38ebee-f949-45e2-a78a-cadda163de40", "name2": "14ha 72a 53ca", "fullscreenNameVisible": 1, "dimension": "minecraft:overworld", "name1": "29.III.4", "minimapVisible": 1, "fullscreenOwnerVisible": 0, "minimapOwnerVisible": 0, "fid": 4, "TYPE": "III", "SSTYPE": "4", "SPECIES": "dynamictrees:spruce", "SURF": null, "PARFOR": "29" }, "geometry": { "type": "MultiPolygon", "coordinates": [ [ [ [ -290.0, 1038.277851796123286 ], [ -281.912643821040319, 1038.065026633518983 ], [ -273.66537109376759, 1037.291844815337299 ], [ -271.345825639222085, 1036.003208451700857 ], [ -267.995371093767574, 1029.817753906246253 ], [ -266.706734730131188, 1026.725026633519064 ], [ -264.387189275585797, 1020.539572088064574 ], [ -262.067643821040292, 1016.158208451700943 ], [ -263.614007457403943, 1008.168662997155479 ], [ -273.66537109376759, 1009.972753906246339 ], [ -278.562189275585752, 1009.457299360791808 ], [ -290.0, 1008.855309322664766 ], [ -290.0, 1038.277851796123286 ] ] ] ] } },
{ "type": "Feature", "properties": { "visible": 1, "color": -32768, "chunks": [ ], "minimapNameVisible": 1, "personal": 0, "announceInChat": 0, "mode": "Vertex", "fullscreenVisible": 1, "announceInTitle": 0, "id": "9b38ebee-f949-45e2-a78a-cadda163de40", "name2": "14ha 72a 53ca", "fullscreenNameVisible": 1, "dimension": "minecraft:overworld", "name1": "29.III.5", "minimapVisible": 1, "fullscreenOwnerVisible": 0, "minimapOwnerVisible": 0, "fid": 4, "TYPE": "III", "SSTYPE": "5", "SPECIES": "dynamictrees:spruce", "SURF": null, "PARFOR": "29" }, "geometry": { "type": "MultiPolygon", "coordinates": [ [ [ [ 1.671132162673801, 1059.736806841177213 ], [ -4.082643821040591, 1060.487299360792122 ], [ -18.51537109376784, 1061.260481178973805 ], [ -31.917189275586026, 1061.002753906246653 ], [ -45.834462002858771, 1060.487299360792122 ], [ -59.751734730131489, 1061.518208451701184 ], [ -72.895825639222409, 1064.868662997155752 ], [ -80.627643821040579, 1067.445935724428409 ], [ -88.617189275586043, 1068.21911754261032 ], [ -98.926280184676955, 1069.765481178973914 ], [ -104.596280184676942, 1072.085026633519419 ], [ -108.977643821040601, 1076.46639026988305 ], [ -112.328098366495141, 1079.816844815337618 ], [ -115.67855291194968, 1083.425026633519337 ], [ -119.544462002858765, 1088.837299360792031 ], [ -123.66809836649513, 1094.507299360792103 ], [ -127.791734730131495, 1098.888662997155734 ], [ -133.204007457404231, 1103.785481178973896 ], [ -138.915147118528068, 1109.0 ], [ -88.0, 1109.0 ], [ -63.0, 1112.0 ], [ -19.0, 1114.0 ], [ -7.478441894644461, 1114.0 ], [ 2.0, 1114.0 ], [ 1.940732884268834, 1104.220925904357728 ], [ 1.671132162673801, 1059.736806841177213 ] ] ] ] } },
{ "type": "Feature", "properties": { "visible": 1, "color": -32768, "chunks": [ ], "minimapNameVisible": 1, "personal": 0, "announceInChat": 0, "mode": "Vertex", "fullscreenVisible": 1, "announceInTitle": 0, "id": "0c767db1-be06-4594-9fd8-684777b4a5dc", "name2": "12ha 32a 27ca", "fullscreenNameVisible": 1, "dimension": "minecraft:overworld", "name1": "28.III.5", "minimapVisible": 1, "fullscreenOwnerVisible": 0, "minimapOwnerVisible": 0, "fid": 15, "TYPE": "III", "SSTYPE": "5", "SPECIES": "dtbwg:fir", "SURF": null, "PARFOR": "28" }, "geometry": { "type": "MultiPolygon", "coordinates": [ [ [ [ 1.0, 848.161951613486735 ], [ 68.563777433760691, 848.508432523403485 ], [ 260.0, 849.490156741691862 ], [ 260.0, 841.0 ], [ 250.0, 786.0 ], [ 226.0, 716.0 ], [ 184.0, 619.0 ], [ 157.0, 615.0 ], [ 84.0, 609.0 ], [ 1.0, 604.0 ], [ 1.0, 712.456692238930032 ], [ 1.0, 848.161951613486735 ] ] ] ] } },
{ "type": "Feature", "properties": { "visible": 1, "color": -32768, "chunks": [ ], "minimapNameVisible": 1, "personal": 0, "announceInChat": 0, "mode": "Vertex", "fullscreenVisible": 1, "announceInTitle": 0, "id": "0c767db1-be06-4594-9fd8-684777b4a5dc", "name2": "12ha 32a 27ca", "fullscreenNameVisible": 1, "dimension": "minecraft:overworld", "name1": "28.III.4", "minimapVisible": 1, "fullscreenOwnerVisible": 0, "minimapOwnerVisible": 0, "fid": 15, "TYPE": "III", "SSTYPE": "4", "SPECIES": "dynamictrees:spruce", "SURF": null, "PARFOR": "28" }, "geometry": { "type": "MultiPolygon", "coordinates": [ [ [ [ 229.234388450422784, 899.150026633518678 ], [ 227.738383161166581, 912.099163636354433 ], [ 225.120373904968204, 921.823198016519882 ], [ 225.868376549596292, 929.677225785114956 ], [ 226.616379194224407, 939.027258842966262 ], [ 226.616379194224407, 948.377291900817681 ], [ 225.868376549596292, 954.735314380156524 ], [ 225.120373904968204, 965.207351404950032 ], [ 222.876365971083857, 972.68737785123119 ], [ 220.25835671488548, 979.045400330570033 ], [ 212.778330268604407, 985.777424132223018 ], [ 204.924302500009276, 988.021432066107309 ], [ 196.696273409100087, 988.769434710735482 ], [ 189.96424960744713, 989.517437355363541 ], [ 178.744209938025506, 988.395433388421452 ], [ 166.532810724413707, 989.354572088064174 ], [ 169.625537997141009, 992.447299360791476 ], [ 171.945083451686429, 996.055481178973309 ], [ 175.037810724413703, 1004.560481178973305 ], [ 176.841901633504619, 1012.034572088064238 ], [ 178.388265269868242, 1016.931390269882399 ], [ 179.161447088050068, 1022.085935724427941 ], [ 179.161447088050068, 1026.467299360791458 ], [ 179.419174360777333, 1031.36411754260962 ], [ 178.645992542595508, 1035.230026633518719 ], [ 174.264628906231877, 1039.095935724427818 ], [ 164.728719815322791, 1041.673208451700702 ], [ 154.419628906231878, 1040.900026633518792 ], [ 145.656901633504617, 1039.611390269882349 ], [ 137.667356178959153, 1036.518662997155161 ], [ 130.450992542595515, 1034.199117542609656 ], [ 125.554174360777324, 1034.199117542609656 ], [ 112.152356178959153, 1035.487753906246098 ], [ 105.45144708805006, 1036.260935724427782 ], [ 97.977356178959141, 1035.230026633518719 ], [ 93.853719815322776, 1035.487753906246098 ], [ 85.606447088050047, 1037.807299360791603 ], [ 82.771447088050053, 1039.611390269882349 ], [ 75.555083451686414, 1045.023662997155043 ], [ 66.792356178959139, 1053.528662997155152 ], [ 63.18417436077732, 1056.87911754260972 ], [ 58.029628906231864, 1062.033662997155034 ], [ 53.648265269868219, 1065.899572088064133 ], [ 51.586447088050036, 1069.765481178973232 ], [ 48.493719815322763, 1074.662299360791394 ], [ 44.885537997140943, 1080.590026633518846 ], [ 41.792810724413684, 1084.713662997155097 ], [ 37.411447088050039, 1087.806390269882286 ], [ 29.679628906231855, 1093.218662997155207 ], [ 26.586901633504581, 1097.084572088064306 ], [ 23.494174360777308, 1098.6309357244279 ], [ 15.246901633504578, 1101.208208451700557 ], [ 1.940732884268834, 1104.220925904357728 ], [ 2.0, 1114.0 ], [ 9.037610646860253, 1114.136387803233674 ], [ 86.205459996553003, 1115.631888759623052 ], [ 176.62412738194044, 1117.384188515153937 ], [ 230.729701613750052, 1118.432746155305267 ], [ 260.0, 1119.0 ], [ 260.0, 899.150026633518678 ], [ 229.234388450422784, 899.150026633518678 ] ] ] ] } },
{ "type": "Feature", "properties": { "visible": 1, "color": -32768, "chunks": [ ], "minimapNameVisible": 1, "personal": 0, "announceInChat": 0, "mode": "Vertex", "fullscreenVisible": 1, "announceInTitle": 0, "id": "0c767db1-be06-4594-9fd8-684777b4a5dc", "name2": "12ha 32a 27ca", "fullscreenNameVisible": 1, "dimension": "minecraft:overworld", "name1": "28.III.5", "minimapVisible": 1, "fullscreenOwnerVisible": 0, "minimapOwnerVisible": 0, "fid": 15, "TYPE": "III", "SSTYPE": "5", "SPECIES": "dtbop:fir", "SURF": null, "PARFOR": "28" }, "geometry": { "type": "MultiPolygon", "coordinates": [ [ [ [ 68.563777433760691, 848.508432523403485 ], [ 66.019174360777299, 858.686844815337054 ], [ 63.699628906231851, 870.026844815337085 ], [ 59.833719815322752, 874.665935724427982 ], [ 55.710083451686387, 880.078208451700675 ], [ 53.132810724413645, 890.902753906246062 ], [ 49.266901633504574, 901.985026633518828 ], [ 46.1741743607773, 907.912753906246053 ], [ 41.019628906231844, 922.345481178973387 ], [ 40.504174360777284, 934.716390269882481 ], [ 46.689628906231832, 949.922299360791612 ], [ 61.63781072441364, 951.210935724427941 ], [ 76.070537997140917, 946.314117542609779 ], [ 94.111447088050028, 940.38639026988244 ], [ 111.827102109884137, 934.973273457655409 ], [ 111.379174360777313, 933.685481178973305 ], [ 110.34826526986825, 932.139117542609597 ], [ 101.070083451686457, 923.891844815336867 ], [ 101.585537997140989, 921.314572088064097 ], [ 107.770992542595536, 915.644572088064137 ], [ 112.925537997140964, 913.582753906246012 ], [ 123.234628906231876, 913.582753906246012 ], [ 136.120992542595502, 913.582753906246012 ], [ 151.069174360777367, 910.49002663351871 ], [ 153.646447088050081, 908.428208451700584 ], [ 159.316447088050097, 904.820026633518751 ], [ 162.924628906231874, 903.273662997155043 ], [ 170.656447088050072, 898.634572088064147 ], [ 183.027356178959167, 897.603662997155084 ], [ 194.88281072441373, 896.572753906246021 ], [ 208.284628906231887, 896.572753906246021 ], [ 218.5937198153228, 898.119117542609615 ], [ 224.263719815322816, 899.150026633518678 ], [ 229.234388450422784, 899.150026633518678 ], [ 260.0, 899.150026633518678 ], [ 260.0, 849.490156741691862 ], [ 68.563777433760691, 848.508432523403485 ] ] ] ] } },
{ "type": "Feature", "properties": { "visible": 1, "color": -32768, "chunks": [ ], "minimapNameVisible": 1, "personal": 0, "announceInChat": 0, "mode": "Vertex", "fullscreenVisible": 1, "announceInTitle": 0, "id": "0c767db1-be06-4594-9fd8-684777b4a5dc", "name2": "12ha 32a 27ca", "fullscreenNameVisible": 1, "dimension": "minecraft:overworld", "name1": "28.III.5", "minimapVisible": 1, "fullscreenOwnerVisible": 0, "minimapOwnerVisible": 0, "fid": 15, "TYPE": "III", "SSTYPE": "5", "SPECIES": "dtbwg:fir", "SURF": null, "PARFOR": "28" }, "geometry": { "type": "MultiPolygon", "coordinates": [ [ [ [ 1.363667034900015, 1009.005060758502509 ], [ 4.680083451686428, 1009.457299360791581 ], [ 18.081901633504614, 1008.941844815337049 ], [ 23.751901633504616, 1008.684117542609783 ], [ 26.329174360777344, 1007.653208451700607 ], [ 28.133265269868247, 1004.818208451700684 ], [ 30.710537997140975, 1000.694572088064319 ], [ 34.57644708805006, 996.82866299715522 ], [ 41.792810724413698, 991.158662997155147 ], [ 48.493719815322791, 986.519572088064251 ], [ 58.545083451686438, 979.818662997155229 ], [ 70.400537997140987, 976.983662997155193 ], [ 80.709628906231899, 975.179572088064333 ], [ 89.98781072441372, 974.921844815336954 ], [ 96.688719815322798, 975.179572088064333 ], [ 105.966901633504619, 975.95275390624613 ], [ 115.502810724413706, 976.210481178973396 ], [ 130.966447088050074, 974.664117542609688 ], [ 133.239185571539764, 973.675970375875067 ], [ 124.780992542595527, 967.705481178973287 ], [ 123.234628906231876, 966.159117542609579 ], [ 121.688265269868225, 957.911844815336849 ], [ 115.502810724413678, 945.540935724427754 ], [ 111.827102109884137, 934.973273457655409 ], [ 94.111447088050028, 940.38639026988244 ], [ 76.070537997140917, 946.314117542609779 ], [ 61.63781072441364, 951.210935724427941 ], [ 46.689628906231832, 949.922299360791612 ], [ 40.504174360777284, 934.716390269882481 ], [ 41.019628906231844, 922.345481178973387 ], [ 46.1741743607773, 907.912753906246053 ], [ 49.266901633504574, 901.985026633518828 ], [ 53.132810724413645, 890.902753906246062 ], [ 55.710083451686387, 880.078208451700675 ], [ 59.833719815322752, 874.665935724427982 ], [ 63.699628906231851, 870.026844815337085 ], [ 66.019174360777299, 858.686844815337054 ], [ 68.563777433760691, 848.508432523403485 ], [ 1.0, 848.161951613486735 ], [ 1.0, 884.773101611477273 ], [ 1.0, 897.85693865941812 ], [ 1.0, 949.0 ], [ 1.363667034900015, 1009.005060758502509 ] ] ] ] } },
{ "type": "Feature", "properties": { "visible": 1, "color": -32768, "chunks": [ ], "minimapNameVisible": 1, "personal": 0, "announceInChat": 0, "mode": "Vertex", "fullscreenVisible": 1, "announceInTitle": 0, "id": "c0a3649b-708d-466f-b725-0f6014d65851", "name2": "8ha 04a 94ca", "fullscreenNameVisible": 1, "dimension": "minecraft:overworld", "name1": "22.I.4", "minimapVisible": 1, "fullscreenOwnerVisible": 0, "minimapOwnerVisible": 0, "fid": 10, "TYPE": "I", "SSTYPE": "4", "SPECIES": "dynamictrees:oak", "SURF": null, "PARFOR": "22" }, "geometry": { "type": "MultiPolygon", "coordinates": [ [ [ [ 573.999628906232033, 770.286390269881963 ], [ 575.030537997140982, 761.265935724427322 ], [ 576.834628906231956, 750.183662997154556 ], [ 578.123265269868284, 744.255935724427218 ], [ 578.896447088050081, 733.689117542609097 ], [ 578.896447088050081, 721.060481178972736 ], [ 579.411901633504613, 710.751390269881767 ], [ 578.896447088050081, 703.019572088063683 ], [ 577.350083451686487, 692.710481178972714 ], [ 575.803719815322779, 679.566390269881822 ], [ 575.288265269868248, 672.607753906245421 ], [ 575.288265269868248, 668.052411867248793 ], [ 542.0, 662.0 ], [ 506.0, 658.0 ], [ 454.0, 650.0 ], [ 389.0, 640.0 ], [ 339.0, 632.0 ], [ 320.370602522574018, 629.883023013928891 ], [ 295.0, 627.0 ], [ 284.158519816112744, 626.444026657236577 ], [ 256.0, 625.0 ], [ 205.481823848193812, 620.790151987349532 ], [ 184.0, 619.0 ], [ 211.635083451686512, 628.27866299715447 ], [ 223.490537997141047, 631.886844815336303 ], [ 232.253265269868336, 633.948662997154543 ], [ 242.562356178959249, 638.330026633518173 ], [ 253.902356178959224, 642.711390269881804 ], [ 276.58235617895923, 651.731844815336331 ], [ 308.282810724413764, 666.42229936079093 ], [ 325.292810724413812, 676.215935724427368 ], [ 333.024628906231953, 679.050935724427291 ], [ 348.745992542595616, 683.174572088063655 ], [ 374.518719815322925, 685.236390269881895 ], [ 395.65235617895928, 689.102299360790994 ], [ 417.816901633504756, 700.18457208806376 ], [ 445.909174360777456, 713.328662997154652 ], [ 482.764174360777474, 731.11184481533644 ], [ 521.165537997141087, 747.606390269882013 ], [ 546.165083451686542, 761.00820845170017 ], [ 567.298719815323011, 769.2554811789729 ], [ 573.999628906232033, 770.286390269881963 ] ] ] ] } },
{ "type": "Feature", "properties": { "visible": 1, "color": -32768, "chunks": [ ], "minimapNameVisible": 1, "personal": 0, "announceInChat": 0, "mode": "Vertex", "fullscreenVisible": 1, "announceInTitle": 0, "id": "c0a3649b-708d-466f-b725-0f6014d65851", "name2": "8ha 04a 94ca", "fullscreenNameVisible": 1, "dimension": "minecraft:overworld", "name1": "22.III.5", "minimapVisible": 1, "fullscreenOwnerVisible": 0, "minimapOwnerVisible": 0, "fid": 10, "TYPE": "III", "SSTYPE": "5", "SPECIES": "dynamictrees:spruce", "SURF": null, "PARFOR": "22" }, "geometry": { "type": "MultiPolygon", "coordinates": [ [ [ [ 575.288265269868248, 668.052411867248793 ], [ 575.288265269868248, 672.607753906245421 ], [ 575.803719815322779, 679.566390269881822 ], [ 577.350083451686487, 692.710481178972714 ], [ 578.896447088050081, 703.019572088063683 ], [ 579.411901633504613, 710.751390269881767 ], [ 578.896447088050081, 721.060481178972736 ], [ 578.896447088050081, 733.689117542609097 ], [ 578.123265269868284, 744.255935724427218 ], [ 576.834628906231956, 750.183662997154556 ], [ 575.030537997140982, 761.265935724427322 ], [ 573.999628906232033, 770.286390269881963 ], [ 575.369311080815578, 806.680802337384875 ], [ 730.0, 779.0 ], [ 737.0, 701.0 ], [ 739.0, 691.0 ], [ 689.891273961661341, 682.224940095846705 ], [ 640.0, 676.0 ], [ 586.0, 670.0 ], [ 575.288265269868248, 668.052411867248793 ] ] ] ] } },
{ "type": "Feature", "properties": { "visible": 1, "color": -32768, "chunks": [ ], "minimapNameVisible": 1, "personal": 0, "announceInChat": 0, "mode": "Vertex", "fullscreenVisible": 1, "announceInTitle": 0, "id": "686094c7-932c-4fa8-be28-ed060bf02c7f", "name2": "13ha 50a 38ca", "fullscreenNameVisible": 1, "dimension": "minecraft:overworld", "name1": "23.VIII.", "minimapVisible": 1, "fullscreenOwnerVisible": 0, "minimapOwnerVisible": 0, "fid": 0, "TYPE": "VIII", "SSTYPE": null, "SPECIES": null, "SURF": null, "PARFOR": "23" }, "geometry": { "type": "MultiPolygon", "coordinates": [ [ [ [ 599.419733813550465, 1067.797180883778537 ], [ 594.102356178959099, 1061.002753906245061 ], [ 592.555992542595504, 1056.363662997154051 ], [ 592.813719815322656, 1050.693662997154206 ], [ 592.813719815322656, 1042.961844815336008 ], [ 592.555992542595504, 1037.807299360790466 ], [ 591.009628906231796, 1032.652753906245152 ], [ 588.947810724413671, 1029.044572088063205 ], [ 586.112810724413634, 1025.436390269881485 ], [ 584.566447088049927, 1024.405481178972423 ], [ 581.731447088050004, 1023.11684481533598 ], [ 577.865537997140905, 1023.374572088063246 ], [ 575.5459925425954, 1025.694117542608637 ], [ 572.968719815322743, 1031.36411754260871 ], [ 571.937810724413566, 1037.034117542608783 ], [ 571.937810724413566, 1043.992753906245071 ], [ 571.937810724413566, 1050.435935724426827 ], [ 571.937810724413566, 1055.332753906244989 ], [ 569.360537997140909, 1065.899572088063223 ], [ 567.814174360777315, 1070.280935724426854 ], [ 566.401890197927628, 1073.199656327649564 ], [ 578.374074054132279, 1071.022895626521404 ], [ 584.0, 1070.0 ], [ 599.419733813550465, 1067.797180883778537 ] ] ] ] } },
{ "type": "Feature", "properties": { "visible": 1, "color": -32768, "chunks": [ ], "minimapNameVisible": 1, "personal": 0, "announceInChat": 0, "mode": "Vertex", "fullscreenVisible": 1, "announceInTitle": 0, "id": "686094c7-932c-4fa8-be28-ed060bf02c7f", "name2": "13ha 50a 38ca", "fullscreenNameVisible": 1, "dimension": "minecraft:overworld", "name1": "23.III.4", "minimapVisible": 1, "fullscreenOwnerVisible": 0, "minimapOwnerVisible": 0, "fid": 0, "TYPE": "III", "SSTYPE": "4", "SPECIES": "dtbop:fir", "SURF": null, "PARFOR": "23" }, "geometry": { "type": "MultiPolygon", "coordinates": [ [ [ [ 799.340708451695946, 1000.340708451695946 ], [ 793.325537997140827, 1003.014117542609256 ], [ 789.97508345168626, 1003.787299360791167 ], [ 784.047356178959035, 1004.045026633518432 ], [ 771.934174360777206, 1002.498662997154725 ], [ 763.944628906231742, 1000.694572088063865 ], [ 757.24371981532272, 996.828662997154765 ], [ 751.058265269868116, 995.797753906245703 ], [ 744.872810724413512, 998.37502663351836 ], [ 743.068719815322652, 1002.75639026988199 ], [ 744.099628906231715, 1004.560481178972964 ], [ 744.615083451686246, 1007.137753906245734 ], [ 747.450083451686282, 1010.745935724427454 ], [ 749.254174360777142, 1014.611844815336553 ], [ 751.058265269868116, 1017.44684481533659 ], [ 751.573719815322647, 1020.539572088063892 ], [ 750.80053799714085, 1022.601390269882017 ], [ 748.223265269868079, 1024.405481178972877 ], [ 741.522356178958944, 1025.178662997154788 ], [ 735.594628906231719, 1025.69411754260932 ], [ 729.409174360777115, 1026.725026633518382 ], [ 725.027810724413484, 1028.786844815336508 ], [ 718.842356178958994, 1029.817753906245798 ], [ 714.718719815322629, 1029.817753906245798 ], [ 710.595083451686264, 1029.817753906245798 ], [ 704.409628906231774, 1030.848662997154861 ], [ 694.35826526986807, 1033.168208451700139 ], [ 693.585083451686273, 1033.941390269882049 ], [ 694.35826526986807, 1037.807299360791149 ], [ 695.904628906231665, 1039.611390269882122 ], [ 698.739628906231701, 1042.96184481533669 ], [ 701.980234252208334, 1047.448836832842517 ], [ 794.0, 1027.0 ], [ 811.603950454506958, 1025.127239313350401 ], [ 841.0, 1022.0 ], [ 819.0, 1014.0 ], [ 805.0, 1006.0 ], [ 799.340708451695946, 1000.340708451695946 ] ] ] ] } },
{ "type": "Feature", "properties": { "visible": 1, "color": -32768, "chunks": [ ], "minimapNameVisible": 1, "personal": 0, "announceInChat": 0, "mode": "Vertex", "fullscreenVisible": 1, "announceInTitle": 0, "id": "3d0b324b-336a-4dd2-919f-2d5900930121", "name2": "12ha 55a 04ca", "fullscreenNameVisible": 1, "dimension": "minecraft:overworld", "name1": "30.X.", "minimapVisible": 1, "fullscreenOwnerVisible": 0, "minimapOwnerVisible": 0, "fid": 7, "TYPE": "X", "SSTYPE": null, "SPECIES": "minecraft:grass_block", "SURF": null, "PARFOR": "30" }, "geometry": { "type": "MultiPolygon", "coordinates": [ [ [ [ 320.370602522574018, 629.883023013928891 ], [ 319.897306511128818, 515.660918918490552 ], [ 319.622810724413114, 449.415935724426902 ], [ 203.903265269867632, 449.415935724426902 ], [ 205.965083451685786, 567.712753906245212 ], [ 205.965083451685786, 581.887753906245166 ], [ 207.769174360776674, 586.011390269881531 ], [ 211.119628906231242, 589.104117542608833 ], [ 214.985537997140341, 590.392753906245161 ], [ 218.078265269867586, 590.908208451699693 ], [ 226.840992542594876, 590.392753906245161 ], [ 229.933719815322149, 590.392753906245161 ], [ 238.69644708804941, 590.392753906245161 ], [ 249.778719815322148, 590.392753906245161 ], [ 254.933265269867604, 591.681390269881604 ], [ 265.500083451685782, 593.485481178972464 ], [ 275.03599254259484, 596.578208451699766 ], [ 278.90190163350394, 599.670935724426954 ], [ 281.994628906231242, 606.629572088063355 ], [ 283.025537997140304, 611.784117542608783 ], [ 283.540992542594893, 617.454117542608856 ], [ 284.056447088049424, 623.381844815336081 ], [ 284.158519816112744, 626.444026657236577 ], [ 295.0, 627.0 ], [ 320.370602522574018, 629.883023013928891 ] ] ] ] } },
{ "type": "Feature", "properties": { "visible": 1, "color": -32768, "chunks": [ ], "minimapNameVisible": 1, "personal": 0, "announceInChat": 0, "mode": "Vertex", "fullscreenVisible": 1, "announceInTitle": 0, "id": "3d0b324b-336a-4dd2-919f-2d5900930121", "name2": "12ha 55a 04ca", "fullscreenNameVisible": 1, "dimension": "minecraft:overworld", "name1": "30.II.4", "minimapVisible": 1, "fullscreenOwnerVisible": 0, "minimapOwnerVisible": 0, "fid": 7, "TYPE": "II", "SSTYPE": "4", "SPECIES": "dynamictrees:oak", "SURF": null, "PARFOR": "30" }, "geometry": { "type": "MultiPolygon", "coordinates": [ [ [ [ 205.965083451685786, 581.887753906245166 ], [ 205.481823848193812, 620.790151987349532 ], [ 256.0, 625.0 ], [ 284.158519816112744, 626.444026657236577 ], [ 284.056447088049424, 623.381844815336081 ], [ 283.540992542594893, 617.454117542608856 ], [ 283.025537997140304, 611.784117542608783 ], [ 281.994628906231242, 606.629572088063355 ], [ 278.90190163350394, 599.670935724426954 ], [ 275.03599254259484, 596.578208451699766 ], [ 265.500083451685782, 593.485481178972464 ], [ 254.933265269867604, 591.681390269881604 ], [ 249.778719815322148, 590.392753906245161 ], [ 238.69644708804941, 590.392753906245161 ], [ 229.933719815322149, 590.392753906245161 ], [ 226.840992542594876, 590.392753906245161 ], [ 218.078265269867586, 590.908208451699693 ], [ 214.985537997140341, 590.392753906245161 ], [ 211.119628906231242, 589.104117542608833 ], [ 207.769174360776674, 586.011390269881531 ], [ 205.965083451685786, 581.887753906245166 ] ] ] ] } },
{ "type": "Feature", "properties": { "visible": 1, "color": -32768, "chunks": [ ], "minimapNameVisible": 1, "personal": 0, "announceInChat": 0, "mode": "Vertex", "fullscreenVisible": 1, "announceInTitle": 0, "id": "43b501d3-9a32-437a-92e3-aa63db021ff6", "name2": "8ha 03a 95ca", "fullscreenNameVisible": 1, "dimension": "minecraft:overworld", "name1": "27.I.3", "minimapVisible": 1, "fullscreenOwnerVisible": 0, "minimapOwnerVisible": 0, "fid": 29, "TYPE": "I", "SSTYPE": "3", "SPECIES": "dynamictrees:oak", "SURF": null, "PARFOR": "27" }, "geometry": { "type": "MultiPolygon", "coordinates": [ [ [ [ -2.799414799152727, 1347.251559238822438 ], [ -3.180598366496213, 1347.080026633517946 ], [ -7.046507457405312, 1345.791390269881731 ], [ -8.82539708496653, 1344.696688960613301 ], [ -10.396962002859851, 1343.729572088063605 ], [ -16.582416548314399, 1341.4100266335181 ], [ -24.314234730132597, 1337.544117542609001 ], [ -26.376052911950779, 1336.513208451699938 ], [ -34.107871093768949, 1332.38957208806346 ], [ -39.262416548314405, 1328.523662997154361 ], [ -46.73650745740531, 1326.204117542608856 ], [ -49.571507457405318, 1325.688662997154324 ], [ -53.437416548314417, 1325.688662997154324 ], [ -58.849689275587139, 1325.173208451699793 ], [ -67.096962002859868, 1327.235026633518146 ], [ -69.416507457405316, 1328.265935724427209 ], [ -75.344234730132584, 1330.585481178972714 ], [ -80.75650745740532, 1331.358662997154397 ], [ -84.880143821041685, 1332.905026633517991 ], [ -90.807871093768952, 1336.255481178972559 ], [ -97.508780184678045, 1338.059572088063533 ], [ -105.498325639223495, 1337.544117542609001 ], [ -114.776507457405316, 1336.513208451699938 ], [ -120.961962002859863, 1336.255481178972559 ], [ -129.209234730132607, 1335.482299360790876 ], [ -135.394689275587154, 1335.482299360790876 ], [ -144.157416548314416, 1335.482299360790876 ], [ -154.724234730132594, 1335.482299360790876 ], [ -160.909689275587141, 1335.482299360790876 ], [ -169.414689275587136, 1335.740026633518028 ], [ -176.631052911950775, 1338.575026633518064 ], [ -191.06378018467808, 1340.121390269881886 ], [ -196.991507457405362, 1340.121390269881886 ], [ -203.950143821041735, 1340.121390269881886 ], [ -210.135598366496282, 1341.152299360790948 ], [ -217.609689275587186, 1343.987299360790985 ], [ -221.991052911950817, 1346.306844815336262 ], [ -227.145598366496273, 1349.399572088063678 ], [ -231.011507457405372, 1351.719117542608956 ], [ -236.166052911950828, 1350.430481178972741 ], [ -239.258780184678074, 1345.533662997154579 ], [ -241.06287109376899, 1340.636844815336417 ], [ -245.444234730132621, 1333.935935724427281 ], [ -249.31014382104172, 1326.719572088063615 ], [ -250.598780184678105, 1321.307299360790921 ], [ -250.598780184678105, 1317.441390269881822 ], [ -252.918325639223553, 1308.163208451700029 ], [ -256.784234730132653, 1301.977753906245425 ], [ -263.227416548314466, 1294.245935724427227 ], [ -268.897416548314482, 1288.575935724427154 ], [ -275.082871093768972, 1277.235935724427236 ], [ -277.660143821041743, 1270.5350266335181 ], [ -281.010598366496311, 1262.803208451699902 ], [ -285.649689275587207, 1250.432299360790921 ], [ -288.484689275587186, 1241.66957208806366 ], [ -290.804234730132634, 1233.680026633518082 ], [ -292.866052911950817, 1227.494572088063705 ], [ -294.927871093768999, 1219.247299360790976 ], [ -296.216507457405385, 1212.54639026988184 ], [ -296.989689275587182, 1206.618662997154615 ], [ -296.989689275587182, 1202.752753906245516 ], [ -297.50514382104177, 1197.340481178972823 ], [ -299.824689275587218, 1186.773662997154588 ], [ -302.144234730132666, 1176.722299360790885 ], [ -303.432871093769052, 1167.959572088063624 ], [ -303.690598366496317, 1158.1659357244273 ], [ -303.690598366496317, 1152.753662997154606 ], [ -302.144234730132666, 1147.083662997154534 ], [ -300.082416548314484, 1142.960026633518282 ], [ -297.247416548314504, 1138.578662997154424 ], [ -295.701052911950853, 1134.712753906245325 ], [ -294.67014382104179, 1131.362299360790985 ], [ -292.350598366496342, 1125.176844815336381 ], [ -290.0, 1108.0 ], [ -309.0, 1136.0 ], [ -337.0, 1190.0 ], [ -363.0, 1245.0 ], [ -348.0, 1248.0 ], [ -297.0, 1330.0 ], [ -287.0, 1348.0 ], [ -279.0, 1375.0 ], [ -271.0, 1384.0 ], [ -267.0, 1392.0 ], [ -263.0, 1398.0 ], [ -260.0, 1399.0 ], [ -256.0, 1397.0 ], [ -246.0, 1393.0 ], [ -237.0, 1392.0 ], [ -231.0, 1389.0 ], [ -221.0, 1378.0 ], [ -219.0, 1373.0 ], [ -217.0, 1365.0 ], [ -215.0, 1362.0 ], [ -209.0, 1357.0 ], [ -202.0, 1356.0 ], [ -116.0, 1353.0 ], [ -91.0, 1351.0 ], [ -83.0, 1349.0 ], [ -76.0, 1345.0 ], [ -64.0, 1340.0 ], [ -51.0, 1336.0 ], [ -31.0, 1343.0 ], [ -8.0, 1356.0 ], [ -3.0, 1357.0 ], [ -2.799414799152727, 1347.251559238822438 ] ] ] ] } },
{ "type": "Feature", "properties": { "visible": 1, "color": -32768, "chunks": [ ], "minimapNameVisible": 1, "personal": 0, "announceInChat": 0, "mode": "Vertex", "fullscreenVisible": 1, "announceInTitle": 0, "id": "43b501d3-9a32-437a-92e3-aa63db021ff6", "name2": "8ha 03a 95ca", "fullscreenNameVisible": 1, "dimension": "minecraft:overworld", "name1": "27.X.", "minimapVisible": 1, "fullscreenOwnerVisible": 0, "minimapOwnerVisible": 0, "fid": 29, "TYPE": "X", "SSTYPE": null, "SPECIES": "minecraft:fire", "SURF": null, "PARFOR": "27" }, "geometry": { "type": "MultiPolygon", "coordinates": [ [ [ [ -7.478441894644461, 1114.0 ], [ -8.82539708496653, 1344.696688960613301 ], [ -7.046507457405312, 1345.791390269881731 ], [ -3.180598366496213, 1347.080026633517946 ], [ -2.799414799152727, 1347.251559238822438 ], [ 2.0, 1114.0 ], [ -7.478441894644461, 1114.0 ] ] ] ] } },
{ "type": "Feature", "properties": { "visible": 1, "color": -32768, "chunks": [ ], "minimapNameVisible": 1, "personal": 0, "announceInChat": 0, "mode": "Vertex", "fullscreenVisible": 1, "announceInTitle": 0, "id": "a79b17c8-66a3-4965-91b8-56bdf5396b6b", "name2": "6ha 64a 61ca", "fullscreenNameVisible": 1, "dimension": "minecraft:overworld", "name1": "26.X.", "minimapVisible": 1, "fullscreenOwnerVisible": 0, "minimapOwnerVisible": 0, "fid": 22, "TYPE": "X", "SSTYPE": null, "SPECIES": "minecraft:fire", "SURF": null, "PARFOR": "26" }, "geometry": { "type": "MultiPolygon", "coordinates": [ [ [ [ 8.094717971022099, 1360.467099365944478 ], [ 8.277821978553401, 1312.631177398393447 ], [ 9.037610646860253, 1114.136387803233674 ], [ 2.0, 1114.0 ], [ -2.799414799152727, 1347.251559238822438 ], [ -3.0, 1357.0 ], [ 8.094717971022099, 1360.467099365944478 ] ] ] ] } },
{ "type": "Feature", "properties": { "visible": -3, "color": -32768, "chunks": [ ], "minimapNameVisible": 1, "personal": 0, "announceInChat": 0, "mode": "Vertex", "fullscreenVisible": 1, "announceInTitle": 0, "id": "a79b17c8-66a3-4965-91b8-56bdf5396b6b", "name2": "6ha 64a 61ca", "fullscreenNameVisible": 1, "dimension": "minecraft:overworld", "name1": "26.III.5", "minimapVisible": 1, "fullscreenOwnerVisible": 0, "minimapOwnerVisible": 0, "fid": 22, "TYPE": "III", "SSTYPE": "5", "SPECIES": "dtbop:fir", "SURF": null, "PARFOR": "26" }, "geometry": { "type": "MultiPolygon", "coordinates": [ [ [ [ 8.277821978553401, 1312.631177398393447 ], [ 13.44281072441288, 1312.286844815336053 ], [ 18.081901633503776, 1312.286844815336053 ], [ 21.947810724412875, 1312.286844815336053 ], [ 24.782810724412883, 1310.998208451699611 ], [ 29.164174360776514, 1310.48275390624508 ], [ 33.803265269867438, 1308.936390269881485 ], [ 36.122810724412886, 1308.163208451699575 ], [ 38.7000834516856, 1306.61684481533598 ], [ 41.019628906231077, 1303.008662997154261 ], [ 43.081447088049259, 1298.111844815336099 ], [ 44.885537997140148, 1292.699572088063178 ], [ 48.235992542594715, 1284.96775390624498 ], [ 50.813265269867429, 1275.431844815336035 ], [ 53.648265269867437, 1268.47320845169952 ], [ 59.833719815321984, 1254.298208451699566 ], [ 64.730537997140146, 1242.185026633517964 ], [ 64.988265269867412, 1230.329572088063287 ], [ 68.33871981532198, 1215.639117542608801 ], [ 69.627356178958337, 1207.907299360790603 ], [ 70.142810724412868, 1196.825026633517837 ], [ 74.266447088049233, 1185.485026633517919 ], [ 76.58599254259471, 1180.588208451699757 ], [ 79.163265269867424, 1166.155481178972423 ], [ 80.96735617895834, 1155.588662997154415 ], [ 81.482810724412872, 1146.568208451699775 ], [ 82.255992542594697, 1138.578662997154424 ], [ 84.31781072441288, 1131.104572088063378 ], [ 85.348719815321971, 1126.723208451699747 ], [ 85.864174360776531, 1118.475935724427018 ], [ 86.205459996553003, 1115.631888759623052 ], [ 9.037610646860253, 1114.136387803233674 ], [ 8.277821978553401, 1312.631177398393447 ] ] ] ] } },
{ "type": "Feature", "properties": { "visible": 1, "color": -32768, "chunks": [ ], "minimapNameVisible": 1, "personal": 0, "announceInChat": 0, "mode": "Vertex", "fullscreenVisible": 1, "announceInTitle": 0, "id": "a79b17c8-66a3-4965-91b8-56bdf5396b6b", "name2": "6ha 64a 61ca", "fullscreenNameVisible": 1, "dimension": "minecraft:overworld", "name1": "26.X.", "minimapVisible": 1, "fullscreenOwnerVisible": 0, "minimapOwnerVisible": 0, "fid": 22, "TYPE": "X", "SSTYPE": null, "SPECIES": "minecraft:grass_block", "SURF": null, "PARFOR": "26" }, "geometry": { "type": "MultiPolygon", "coordinates": [ [ [ [ 176.62412738194044, 1117.384188515153937 ], [ 177.099628906231146, 1208.680481178972968 ], [ 229.418265269867533, 1207.391844815336526 ], [ 230.729701613750052, 1118.432746155305267 ], [ 176.62412738194044, 1117.384188515153937 ] ] ] ] } },
{ "type": "Feature", "properties": { "visible": 1, "color": -32768, "chunks": [ ], "minimapNameVisible": 1, "personal": 1, "announceInChat": 0, "mode": "Vertex", "fullscreenVisible": 1, "announceInTitle": 0, "id": "fbbedf10-91a3-4142-a81e-ddbd82883d07", "name2": "6ha 57a 15ca", "fullscreenNameVisible": 1, "dimension": "minecraft:overworld", "name1": "25.III.4", "minimapVisible": 1, "fullscreenOwnerVisible": 0, "minimapOwnerVisible": 0, "fid": 34, "TYPE": "III", "SSTYPE": "4", "SPECIES": "dtbwg:pine", "SURF": null, "PARFOR": "25" }, "geometry": { "type": "MultiPolygon", "coordinates": [ [ [ [ 512.090228191832352, 1156.9483248944357 ], [ 492.557810724412775, 1161.516390269880503 ], [ 492.042356178958244, 1158.423662997153315 ], [ 488.43417436077641, 1144.506390269880512 ], [ 487.403265269867347, 1132.135481178971531 ], [ 483.279628906230982, 1110.228662997153378 ], [ 481.2178107244128, 1097.342299360789639 ], [ 480.126682765472822, 1088.886057679005035 ], [ 463.0, 1092.0 ], [ 392.0, 1102.0 ], [ 272.0, 1119.0 ], [ 273.140074030612254, 1199.945256173471307 ], [ 285.86053799714017, 1201.464117542609074 ], [ 286.404166576035152, 1201.592611570347799 ], [ 300.035537997140182, 1204.814572088063642 ], [ 307.509628906231114, 1207.391844815336299 ], [ 317.942162004201009, 1209.163407039519825 ], [ 321.169174360776537, 1209.711390269881804 ], [ 329.158719815322002, 1209.969117542608956 ], [ 339.210083451685591, 1209.969117542608956 ], [ 344.106901633503753, 1209.711390269881804 ], [ 351.838719815321952, 1208.680481178972741 ], [ 362.405537997140129, 1208.16502663351821 ], [ 370.395083451685593, 1207.391844815336299 ], [ 377.869174360776469, 1207.391844815336299 ], [ 387.405083451685584, 1207.391844815336299 ], [ 395.91008345168558, 1206.618662997154388 ], [ 405.961447088049226, 1205.845481178972705 ], [ 413.693265269867425, 1205.845481178972705 ], [ 419.620992542594649, 1204.29911754260911 ], [ 426.321901633503785, 1202.237299360790757 ], [ 434.569174360776515, 1199.6600266335181 ], [ 438.69281072441288, 1197.855935724427127 ], [ 445.393719815321958, 1195.536390269881849 ], [ 447.449013256058493, 1194.440233768155622 ], [ 449.259628906231001, 1193.474572088063496 ], [ 455.702810724412871, 1190.381844815336308 ], [ 461.37281072441283, 1193.216844815336344 ], [ 463.692356178958335, 1195.02093572442709 ], [ 465.496447088049194, 1198.113662997154506 ], [ 472.712810724412861, 1198.88684481533619 ], [ 479.155992542594674, 1198.371390269881658 ], [ 480.273129704479516, 1198.225676727027121 ], [ 485.083719815321956, 1197.598208451699975 ], [ 489.207356178958321, 1195.794117542609001 ], [ 492.0423561789583, 1193.732299360790876 ], [ 495.392810724412868, 1190.124117542608928 ], [ 499.516447088049233, 1187.03139026988174 ], [ 503.897810724412864, 1184.711844815336235 ], [ 512.080686374179095, 1182.545789496280349 ], [ 512.090228191832352, 1156.9483248944357 ] ] ] ] } },
{ "type": "Feature", "properties": { "visible": 1, "color": -32768, "chunks": [ ], "minimapNameVisible": 1, "personal": 0, "announceInChat": 0, "mode": "Vertex", "fullscreenVisible": 1, "announceInTitle": 0, "id": "1c6901ff-55a7-4b57-b2bb-a4d314df3394", "name2": "7ha 47a 00ca", "fullscreenNameVisible": 1, "dimension": "minecraft:overworld", "name1": "24.III.4", "minimapVisible": 1, "fullscreenOwnerVisible": 0, "minimapOwnerVisible": 0, "fid": 53, "TYPE": "III", "SSTYPE": "4", "SPECIES": "dtbwg:pine", "SURF": null, "PARFOR": "24" }, "geometry": { "type": "MultiPolygon", "coordinates": [ [ [ [ 640.242871865930624, 1060.053248235913316 ], [ 640.750992542594759, 1125.821162997153124 ], [ 606.988719815321929, 1128.398435724425781 ], [ 607.216236548553866, 1066.621418472430832 ], [ 599.419733813550465, 1067.797180883778537 ], [ 584.0, 1070.0 ], [ 578.374074054132279, 1071.022895626521404 ], [ 578.38099254259464, 1136.645708451698511 ], [ 576.834628906231046, 1137.934344815334725 ], [ 570.906901633503821, 1140.25389026988023 ], [ 568.071901633503785, 1140.51161754260761 ], [ 556.731901633503753, 1141.542526633516673 ], [ 549.5155379971402, 1141.027072088062141 ], [ 546.422810724412898, 1138.449799360789257 ], [ 541.783719815322002, 1131.233435724425817 ], [ 540.237356178958294, 1126.336617542607428 ], [ 539.979628906231028, 1120.666617542607582 ], [ 538.948719815321965, 1110.872981178971258 ], [ 539.259828884906483, 1078.134576566380701 ], [ 512.117767571885224, 1083.069496805111839 ], [ 512.090228191832352, 1156.9483248944357 ], [ 512.080686374179095, 1182.545789496280349 ], [ 536.371447088049308, 1174.531617542608956 ], [ 561.886447088049295, 1168.861617542608883 ], [ 589.720992542594786, 1166.284344815336226 ], [ 618.328719815322074, 1165.253435724427163 ], [ 654.410537997140182, 1161.387526633518064 ], [ 672.96690163350388, 1158.552526633518028 ], [ 672.643614860292701, 1111.029370971469007 ], [ 672.255312591654729, 1053.948937481668963 ], [ 640.242871865930624, 1060.053248235913316 ] ] ] ] } },
{ "type": "Feature", "properties": { "visible": 1, "color": -32768, "chunks": [ ], "minimapNameVisible": 1, "personal": 0, "announceInChat": 0, "mode": "Vertex", "fullscreenVisible": 1, "announceInTitle": 0, "id": "1c6901ff-55a7-4b57-b2bb-a4d314df3394", "name2": "7ha 47a 00ca", "fullscreenNameVisible": 1, "dimension": "minecraft:overworld", "name1": "24.VIII.", "minimapVisible": 1, "fullscreenOwnerVisible": 0, "minimapOwnerVisible": 0, "fid": 53, "TYPE": "VIII", "SSTYPE": null, "SPECIES": null, "SURF": null, "PARFOR": "24" }, "geometry": { "type": "MultiPolygon", "coordinates": [ [ [ [ 833.166732135808161, 1037.482943512816746 ], [ 827.087810724412748, 1036.132072088062159 ], [ 821.93326526986732, 1036.132072088062159 ], [ 817.294174360776424, 1040.25570845169841 ], [ 814.974628906230919, 1040.771162997152942 ], [ 811.366447088049085, 1036.132072088062159 ], [ 811.366447088049085, 1032.008435724425681 ], [ 812.139628906230882, 1027.62707208806205 ], [ 811.603950454506958, 1025.127239313350401 ], [ 794.0, 1027.0 ], [ 701.980234252208334, 1047.448836832842517 ], [ 677.0, 1053.0 ], [ 672.255312591654729, 1053.948937481668963 ], [ 672.643614860292701, 1111.029370971469007 ], [ 696.162356178958248, 1111.38843572442579 ], [ 752.346901633503762, 1115.76979936078942 ], [ 793.04693102151839, 1116.782237902779798 ], [ 799.744130673890709, 1103.54480421488779 ], [ 798.737810724412952, 1103.656617542607592 ], [ 794.098719815322056, 1104.172072088062123 ], [ 788.428719815321983, 1100.821617542607783 ], [ 786.366901633503858, 1094.89389026988033 ], [ 786.366901633503858, 1089.223890269880485 ], [ 789.459628906231046, 1083.811617542607564 ], [ 796.160537997140182, 1079.430253906243934 ], [ 804.407810724412911, 1077.368435724425808 ], [ 812.13962890623111, 1078.399344815334871 ], [ 812.436552793376563, 1078.457438619341701 ], [ 833.166732135808161, 1037.482943512816746 ] ] ] ] } },
{ "type": "Feature", "properties": { "visible": 1, "color": -32768, "chunks": [ ], "minimapNameVisible": 1, "personal": 0, "announceInChat": 0, "mode": "Vertex", "fullscreenVisible": 1, "announceInTitle": 0, "id": "1c6901ff-55a7-4b57-b2bb-a4d314df3394", "name2": "7ha 47a 00ca", "fullscreenNameVisible": 1, "dimension": "minecraft:overworld", "name1": "24.I.4", "minimapVisible": 1, "fullscreenOwnerVisible": 0, "minimapOwnerVisible": 0, "fid": 53, "TYPE": "I", "SSTYPE": "4", "SPECIES": "dynamictrees:oak", "SURF": null, "PARFOR": "24" }, "geometry": { "type": "MultiPolygon", "coordinates": [ [ [ [ 711.989873177430809, 1280.050634112845955 ], [ 706.471447088049217, 1277.622526633517964 ], [ 700.285992542594613, 1277.107072088063433 ], [ 693.585083451685477, 1277.622526633517964 ], [ 688.945992542594695, 1278.653435724427027 ], [ 683.791447088049154, 1283.550253906245189 ], [ 677.348265269867397, 1288.962526633517882 ], [ 671.420537997140059, 1291.797526633517919 ], [ 668.327810724412757, 1294.890253906245334 ], [ 665.235083451685568, 1299.787072088063496 ], [ 661.111447088049204, 1305.972526633517873 ], [ 656.987810724412839, 1313.18889026988154 ], [ 653.379628906231005, 1318.601162997154233 ], [ 647.709628906231046, 1325.8175266335179 ], [ 641.524174360776442, 1332.002981178972504 ], [ 624.0, 1349.0 ], [ 659.0, 1348.0 ], [ 667.0, 1326.0 ], [ 672.0, 1318.0 ], [ 678.0, 1311.0 ], [ 687.0, 1305.0 ], [ 696.0, 1298.0 ], [ 710.0, 1290.0 ], [ 711.989873177430809, 1280.050634112845955 ] ] ] ] } },
{ "type": "Feature", "properties": { "visible": 1, "color": -32768, "chunks": [ ], "minimapNameVisible": 1, "personal": 1, "announceInChat": 0, "mode": "Vertex", "fullscreenVisible": 1, "announceInTitle": 0, "id": "fbbedf10-91a3-4142-a81e-ddbd82883d07", "name2": "6ha 57a 15ca", "fullscreenNameVisible": 1, "dimension": "minecraft:overworld", "name1": "25.III.4", "minimapVisible": 1, "fullscreenOwnerVisible": 0, "minimapOwnerVisible": 0, "fid": 34, "TYPE": "III", "SSTYPE": "4", "SPECIES": "dynamictrees:spruce", "SURF": null, "PARFOR": "25" }, "geometry": { "type": "MultiPolygon", "coordinates": [ [ [ [ 286.735805042874745, 1359.341975630359229 ], [ 286.404166576035152, 1201.592611570347799 ], [ 285.86053799714017, 1201.464117542609074 ], [ 273.140074030612254, 1199.945256173471307 ], [ 274.0, 1261.0 ], [ 275.0, 1358.0 ], [ 284.0, 1359.0 ], [ 286.735805042874745, 1359.341975630359229 ] ] ] ] } },
{ "type": "Feature", "properties": { "visible": 1, "color": -32768, "chunks": [ ], "minimapNameVisible": 1, "personal": 1, "announceInChat": 0, "mode": "Vertex", "fullscreenVisible": 1, "announceInTitle": 0, "id": "fbbedf10-91a3-4142-a81e-ddbd82883d07", "name2": "6ha 57a 15ca", "fullscreenNameVisible": 1, "dimension": "minecraft:overworld", "name1": "25.VIII.", "minimapVisible": 1, "fullscreenOwnerVisible": 0, "minimapOwnerVisible": 0, "fid": 34, "TYPE": "VIII", "SSTYPE": null, "SPECIES": null, "SURF": null, "PARFOR": "25" }, "geometry": { "type": "MultiPolygon", "coordinates": [ [ [ [ 416.0, 1374.0 ], [ 414.208719815321842, 1233.422299360790703 ], [ 409.827356178958212, 1233.422299360790703 ], [ 400.549174360776419, 1236.257299360790739 ], [ 394.621447088049194, 1237.288208451699802 ], [ 385.343265269867345, 1239.350026633517928 ], [ 381.477356178958246, 1241.927299360790812 ], [ 378.384628906231001, 1245.27775390624538 ], [ 374.260992542594636, 1247.597299360790657 ], [ 363.951901633503667, 1250.690026633518073 ], [ 355.446901633503671, 1251.720935724427136 ], [ 347.715083451685473, 1250.690026633518073 ], [ 339.4678107244128, 1246.566390269881595 ], [ 333.024628906230987, 1242.442753906245343 ], [ 326.323719815321851, 1238.319117542608865 ], [ 321.684628906230955, 1233.164572088063551 ], [ 320.653719815321892, 1228.267753906245389 ], [ 319.880537997140038, 1223.113208451699848 ], [ 318.59190163350371, 1213.061844815336144 ], [ 317.942162004201009, 1209.163407039519825 ], [ 307.509628906231114, 1207.391844815336299 ], [ 300.035537997140182, 1204.814572088063642 ], [ 286.404166576035152, 1201.592611570347799 ], [ 286.735805042874745, 1359.341975630359229 ], [ 292.0, 1360.0 ], [ 298.0, 1362.0 ], [ 309.0, 1363.0 ], [ 326.0, 1368.0 ], [ 338.0, 1374.0 ], [ 350.0, 1374.0 ], [ 350.0, 1382.0 ], [ 383.0, 1383.0 ], [ 399.0, 1383.0 ], [ 416.0, 1374.0 ] ] ] ] } },
{ "type": "Feature", "properties": { "visible": 1, "color": -32768, "chunks": [ ], "minimapNameVisible": 1, "personal": 1, "announceInChat": 0, "mode": "Vertex", "fullscreenVisible": 1, "announceInTitle": 0, "id": "fbbedf10-91a3-4142-a81e-ddbd82883d07", "name2": "6ha 57a 15ca", "fullscreenNameVisible": 1, "dimension": "minecraft:overworld", "name1": "25.III.4", "minimapVisible": 1, "fullscreenOwnerVisible": 0, "minimapOwnerVisible": 0, "fid": 34, "TYPE": "III", "SSTYPE": "4", "SPECIES": "dynamictrees:spruce", "SURF": null, "PARFOR": "25" }, "geometry": { "type": "MultiPolygon", "coordinates": [ [ [ [ 449.462290397888069, 1373.6218993909863 ], [ 447.449013256058493, 1194.440233768155622 ], [ 445.393719815321958, 1195.536390269881849 ], [ 438.69281072441288, 1197.855935724427127 ], [ 434.569174360776515, 1199.6600266335181 ], [ 426.321901633503785, 1202.237299360790757 ], [ 419.620992542594649, 1204.29911754260911 ], [ 413.693265269867425, 1205.845481178972705 ], [ 405.961447088049226, 1205.845481178972705 ], [ 395.91008345168558, 1206.618662997154388 ], [ 387.405083451685584, 1207.391844815336299 ], [ 377.869174360776469, 1207.391844815336299 ], [ 370.395083451685593, 1207.391844815336299 ], [ 362.405537997140129, 1208.16502663351821 ], [ 351.838719815321952, 1208.680481178972741 ], [ 344.106901633503753, 1209.711390269881804 ], [ 339.210083451685591, 1209.969117542608956 ], [ 329.158719815322002, 1209.969117542608956 ], [ 321.169174360776537, 1209.711390269881804 ], [ 317.942162004201009, 1209.163407039519825 ], [ 318.59190163350371, 1213.061844815336144 ], [ 319.880537997140038, 1223.113208451699848 ], [ 320.653719815321892, 1228.267753906245389 ], [ 321.684628906230955, 1233.164572088063551 ], [ 326.323719815321851, 1238.319117542608865 ], [ 333.024628906230987, 1242.442753906245343 ], [ 339.4678107244128, 1246.566390269881595 ], [ 347.715083451685473, 1250.690026633518073 ], [ 355.446901633503671, 1251.720935724427136 ], [ 363.951901633503667, 1250.690026633518073 ], [ 374.260992542594636, 1247.597299360790657 ], [ 378.384628906231001, 1245.27775390624538 ], [ 381.477356178958246, 1241.927299360790812 ], [ 385.343265269867345, 1239.350026633517928 ], [ 394.621447088049194, 1237.288208451699802 ], [ 400.549174360776419, 1236.257299360790739 ], [ 409.827356178958212, 1233.422299360790703 ], [ 414.208719815321842, 1233.422299360790703 ], [ 416.0, 1374.0 ], [ 444.0, 1371.0 ], [ 449.462290397888069, 1373.6218993909863 ] ] ] ] } },
{ "type": "Feature", "properties": { "visible": 1, "color": -32768, "chunks": [ ], "minimapNameVisible": 1, "personal": 1, "announceInChat": 0, "mode": "Vertex", "fullscreenVisible": 1, "announceInTitle": 0, "id": "fbbedf10-91a3-4142-a81e-ddbd82883d07", "name2": "6ha 57a 15ca", "fullscreenNameVisible": 1, "dimension": "minecraft:overworld", "name1": "25.VIII.", "minimapVisible": 1, "fullscreenOwnerVisible": 0, "minimapOwnerVisible": 0, "fid": 34, "TYPE": "VIII", "SSTYPE": null, "SPECIES": null, "SURF": null, "PARFOR": "25" }, "geometry": { "type": "MultiPolygon", "coordinates": [ [ [ [ 481.170760483476386, 1392.562740379874413 ], [ 480.273129704479516, 1198.225676727027121 ], [ 479.155992542594674, 1198.371390269881658 ], [ 472.712810724412861, 1198.88684481533619 ], [ 465.496447088049194, 1198.113662997154506 ], [ 463.692356178958335, 1195.02093572442709 ], [ 461.37281072441283, 1193.216844815336344 ], [ 455.702810724412871, 1190.381844815336308 ], [ 449.259628906231001, 1193.474572088063496 ], [ 447.449013256058493, 1194.440233768155622 ], [ 449.462290397888069, 1373.6218993909863 ], [ 469.0, 1383.0 ], [ 481.170760483476386, 1392.562740379874413 ] ] ] ] } },
{ "type": "Feature", "properties": { "visible": 1, "color": -32768, "chunks": [ ], "minimapNameVisible": 1, "personal": 1, "announceInChat": 0, "mode": "Vertex", "fullscreenVisible": 1, "announceInTitle": 0, "id": "fbbedf10-91a3-4142-a81e-ddbd82883d07", "name2": "6ha 57a 15ca", "fullscreenNameVisible": 1, "dimension": "minecraft:overworld", "name1": "25.VIII.", "minimapVisible": 1, "fullscreenOwnerVisible": 0, "minimapOwnerVisible": 0, "fid": 34, "TYPE": "VIII", "SSTYPE": null, "SPECIES": null, "SURF": null, "PARFOR": "25" }, "geometry": { "type": "MultiPolygon", "coordinates": [ [ [ [ 480.126682765472822, 1088.886057679005035 ], [ 481.2178107244128, 1097.342299360789639 ], [ 483.279628906230982, 1110.228662997153378 ], [ 487.403265269867347, 1132.135481178971531 ], [ 488.43417436077641, 1144.506390269880512 ], [ 492.042356178958244, 1158.423662997153315 ], [ 492.557810724412775, 1161.516390269880503 ], [ 512.090228191832352, 1156.9483248944357 ], [ 512.117767571885224, 1083.069496805111839 ], [ 480.126682765472822, 1088.886057679005035 ] ] ] ] } },
{ "type": "Feature", "properties": { "visible": 1, "color": -32768, "chunks": [ ], "minimapNameVisible": 1, "personal": 0, "announceInChat": 0, "mode": "Vertex", "fullscreenVisible": 1, "announceInTitle": 0, "id": "1c6901ff-55a7-4b57-b2bb-a4d314df3394", "name2": "7ha 47a 00ca", "fullscreenNameVisible": 1, "dimension": "minecraft:overworld", "name1": "24.VIII.", "minimapVisible": 1, "fullscreenOwnerVisible": 0, "minimapOwnerVisible": 0, "fid": 53, "TYPE": "VIII", "SSTYPE": null, "SPECIES": null, "SURF": null, "PARFOR": "24" }, "geometry": { "type": "MultiPolygon", "coordinates": [ [ [ [ 539.259828884906483, 1078.134576566380701 ], [ 538.948719815321965, 1110.872981178971258 ], [ 539.979628906231028, 1120.666617542607582 ], [ 540.237356178958294, 1126.336617542607428 ], [ 541.783719815322002, 1131.233435724425817 ], [ 546.422810724412898, 1138.449799360789257 ], [ 549.5155379971402, 1141.027072088062141 ], [ 556.731901633503753, 1141.542526633516673 ], [ 568.071901633503785, 1140.51161754260761 ], [ 570.906901633503821, 1140.25389026988023 ], [ 576.834628906231046, 1137.934344815334725 ], [ 578.38099254259464, 1136.645708451698511 ], [ 578.374074054132279, 1071.022895626521404 ], [ 566.401890197927628, 1073.199656327649564 ], [ 539.259828884906483, 1078.134576566380701 ] ] ] ] } },
{ "type": "Feature", "properties": { "visible": 1, "color": -32768, "chunks": [ ], "minimapNameVisible": 1, "personal": 0, "announceInChat": 0, "mode": "Vertex", "fullscreenVisible": 1, "announceInTitle": 0, "id": "1c6901ff-55a7-4b57-b2bb-a4d314df3394", "name2": "7ha 47a 00ca", "fullscreenNameVisible": 1, "dimension": "minecraft:overworld", "name1": "24.VIII.", "minimapVisible": 1, "fullscreenOwnerVisible": 0, "minimapOwnerVisible": 0, "fid": 53, "TYPE": "VIII", "SSTYPE": null, "SPECIES": null, "SURF": null, "PARFOR": "24" }, "geometry": { "type": "MultiPolygon", "coordinates": [ [ [ [ 607.216236548553866, 1066.621418472430832 ], [ 606.988719815321929, 1128.398435724425781 ], [ 640.750992542594759, 1125.821162997153124 ], [ 640.242871865930624, 1060.053248235913316 ], [ 612.0, 1066.0 ], [ 607.216236548553866, 1066.621418472430832 ] ] ] ] } },
{ "type": "Feature", "properties": { "visible": 1, "color": -32768, "chunks": [ ], "minimapNameVisible": 1, "personal": 0, "announceInChat": 0, "mode": "Vertex", "fullscreenVisible": 1, "announceInTitle": 0, "id": "1c6901ff-55a7-4b57-b2bb-a4d314df3394", "name2": "7ha 47a 00ca", "fullscreenNameVisible": 1, "dimension": "minecraft:overworld", "name1": "24.III.4", "minimapVisible": 1, "fullscreenOwnerVisible": 0, "minimapOwnerVisible": 0, "fid": 53, "TYPE": "III", "SSTYPE": "4", "SPECIES": "dynamictrees:spruce", "SURF": null, "PARFOR": "24" }, "geometry": { "type": "MultiPolygon", "coordinates": [ [ [ [ 812.436552793376563, 1078.457438619341701 ], [ 812.13962890623111, 1078.399344815334871 ], [ 804.407810724412911, 1077.368435724425808 ], [ 796.160537997140182, 1079.430253906243934 ], [ 789.459628906231046, 1083.811617542607564 ], [ 786.366901633503858, 1089.223890269880485 ], [ 786.366901633503858, 1094.89389026988033 ], [ 788.428719815321983, 1100.821617542607783 ], [ 794.098719815322056, 1104.172072088062123 ], [ 798.737810724412952, 1103.656617542607592 ], [ 799.744130673890709, 1103.54480421488779 ], [ 812.436552793376563, 1078.457438619341701 ] ] ] ] } },
{ "type": "Feature", "properties": { "visible": 1, "color": -32768, "chunks": [ ], "minimapNameVisible": 1, "personal": 0, "announceInChat": 0, "mode": "Vertex", "fullscreenVisible": 1, "announceInTitle": 0, "id": "1c6901ff-55a7-4b57-b2bb-a4d314df3394", "name2": "7ha 47a 00ca", "fullscreenNameVisible": 1, "dimension": "minecraft:overworld", "name1": "24.III.4", "minimapVisible": 1, "fullscreenOwnerVisible": 0, "minimapOwnerVisible": 0, "fid": 53, "TYPE": "III", "SSTYPE": "4", "SPECIES": "dynamictrees:spruce", "SURF": null, "PARFOR": "24" }, "geometry": { "type": "MultiPolygon", "coordinates": [ [ [ [ 776.124695696593449, 1150.230093662201853 ], [ 754.150992542594622, 1145.666162997153151 ], [ 731.213265269867406, 1145.92389026988053 ], [ 712.914628906230973, 1148.758890269880339 ], [ 693.842810724412857, 1153.655708451698501 ], [ 672.96690163350388, 1158.552526633518028 ], [ 671.935992542594818, 1263.447526633518237 ], [ 700.543719815322106, 1263.705253906245389 ], [ 698.997356178958398, 1193.861162997154679 ], [ 716.7805379971403, 1193.6034357244273 ], [ 729.924628906231192, 1189.479799360790821 ], [ 743.326447088049349, 1183.809799360790976 ], [ 761.058101286780129, 1180.01015917534869 ], [ 768.152496196800371, 1165.987644236011647 ], [ 776.124695696593449, 1150.230093662201853 ] ] ] ] } },
{ "type": "Feature", "properties": { "visible": 1, "color": -32768, "chunks": [ ], "minimapNameVisible": 1, "personal": 0, "announceInChat": 0, "mode": "Vertex", "fullscreenVisible": 1, "announceInTitle": 0, "id": "1c6901ff-55a7-4b57-b2bb-a4d314df3394", "name2": "7ha 47a 00ca", "fullscreenNameVisible": 1, "dimension": "minecraft:overworld", "name1": "24.V.3", "minimapVisible": 1, "fullscreenOwnerVisible": 0, "minimapOwnerVisible": 0, "fid": 53, "TYPE": "V", "SSTYPE": "3", "SPECIES": "dynamictrees:birch", "SURF": null, "PARFOR": "24" }, "geometry": { "type": "MultiPolygon", "coordinates": [ [ [ [ 672.96690163350388, 1158.552526633518028 ], [ 693.842810724412857, 1153.655708451698501 ], [ 712.914628906230973, 1148.758890269880339 ], [ 731.213265269867406, 1145.92389026988053 ], [ 754.150992542594622, 1145.666162997153151 ], [ 776.124695696593449, 1150.230093662201853 ], [ 783.829595203609415, 1135.000878230365515 ], [ 793.04693102151839, 1116.782237902779798 ], [ 752.346901633503762, 1115.76979936078942 ], [ 696.162356178958248, 1111.38843572442579 ], [ 672.643614860292701, 1111.029370971469007 ], [ 672.96690163350388, 1158.552526633518028 ] ] ] ] } },
{ "type": "Feature", "properties": { "visible": 1, "color": -32768, "chunks": [ ], "minimapNameVisible": 1, "personal": 0, "announceInChat": 0, "mode": "Vertex", "fullscreenVisible": 1, "announceInTitle": 0, "id": "1c6901ff-55a7-4b57-b2bb-a4d314df3394", "name2": "7ha 47a 00ca", "fullscreenNameVisible": 1, "dimension": "minecraft:overworld", "name1": "24.III.5", "minimapVisible": 1, "fullscreenOwnerVisible": 0, "minimapOwnerVisible": 0, "fid": 53, "TYPE": "III", "SSTYPE": "5", "SPECIES": "dtbop:fir", "SURF": null, "PARFOR": "24" }, "geometry": { "type": "MultiPolygon", "coordinates": [ [ [ [ 811.603950454506958, 1025.127239313350401 ], [ 812.139628906230882, 1027.62707208806205 ], [ 811.366447088049085, 1032.008435724425681 ], [ 811.366447088049085, 1036.132072088062159 ], [ 814.974628906230919, 1040.771162997152942 ], [ 817.294174360776424, 1040.25570845169841 ], [ 821.93326526986732, 1036.132072088062159 ], [ 827.087810724412748, 1036.132072088062159 ], [ 833.166732135808161, 1037.482943512816746 ], [ 841.0, 1022.0 ], [ 811.603950454506958, 1025.127239313350401 ] ] ] ] } },
{ "type": "Feature", "properties": { "visible": 1, "color": -32768, "chunks": [ ], "minimapNameVisible": 1, "personal": 0, "announceInChat": 0, "mode": "Vertex", "fullscreenVisible": 1, "announceInTitle": 0, "id": "9179aee7-7e2e-484b-924e-b745ff9dec6f", "name2": "8ha 84a 24ca", "fullscreenNameVisible": 1, "dimension": "minecraft:overworld", "name1": "11.III.5", "minimapVisible": 1, "fullscreenOwnerVisible": 0, "minimapOwnerVisible": 0, "fid": 1, "TYPE": "III", "SSTYPE": "5", "SPECIES": "dtru:pine", "SURF": null, "PARFOR": "11" }, "geometry": { "type": "MultiPolygon", "coordinates": [ [ [ [ 783.829595203609415, 1135.000878230365515 ], [ 897.622562975747542, 1133.830770592605859 ], [ 974.765537997139973, 1133.037526633517018 ], [ 975.254060160889139, 1040.706837684915172 ], [ 951.0, 1035.0 ], [ 949.871866200717818, 1034.924791080047953 ], [ 921.0, 1033.0 ], [ 887.0, 1029.0 ], [ 862.0, 1026.0 ], [ 841.0, 1022.0 ], [ 833.166732135808161, 1037.482943512816746 ], [ 812.436552793376563, 1078.457438619341701 ], [ 799.744130673890709, 1103.54480421488779 ], [ 793.04693102151839, 1116.782237902779798 ], [ 783.829595203609415, 1135.000878230365515 ] ] ] ] } },
{ "type": "Feature", "properties": { "visible": 1, "color": -32768, "chunks": [ ], "minimapNameVisible": 1, "personal": 0, "announceInChat": 0, "mode": "Vertex", "fullscreenVisible": 1, "announceInTitle": 0, "id": "9179aee7-7e2e-484b-924e-b745ff9dec6f", "name2": "8ha 84a 24ca", "fullscreenNameVisible": 1, "dimension": "minecraft:overworld", "name1": "11.IX.", "minimapVisible": 1, "fullscreenOwnerVisible": 0, "minimapOwnerVisible": 0, "fid": 1, "TYPE": "IX", "SSTYPE": null, "SPECIES": "minecraft:fern", "SURF": null, "PARFOR": "11" }, "geometry": { "type": "MultiPolygon", "coordinates": [ [ [ [ 768.152496196800371, 1165.987644236011647 ], [ 772.965083451685473, 1165.768890269880558 ], [ 777.604174360776369, 1165.511162997153406 ], [ 788.686447088049135, 1164.737981178971495 ], [ 793.583265269867297, 1163.707072088062432 ], [ 805.954174360776392, 1159.325708451698802 ], [ 811.88190163350373, 1158.037072088062359 ], [ 819.871447088049081, 1159.583435724426181 ], [ 825.025992542594622, 1162.41843572442599 ], [ 826.830083451685482, 1166.542072088062469 ], [ 829.665083451685518, 1173.242981178971604 ], [ 831.726901633503644, 1177.624344815335235 ], [ 834.304174360776415, 1182.005708451698865 ], [ 835.592810724412743, 1185.871617542607964 ], [ 837.912356178958248, 1187.417981178971559 ], [ 840.489628906231019, 1191.026162997153278 ], [ 838.170083451685514, 1194.118890269880694 ], [ 832.75781072441282, 1198.242526633516945 ], [ 830.695992542594581, 1199.78889026988054 ], [ 828.37644708804919, 1202.366162997153424 ], [ 841.262810724412816, 1204.685708451698929 ], [ 857.757356178958275, 1204.685708451698929 ], [ 865.74690163350374, 1204.42798117897155 ], [ 906.467810724412857, 1200.56207208806245 ], [ 916.261447088049181, 1200.56207208806245 ], [ 918.580992542594572, 1198.500253906244325 ], [ 920.642810724412811, 1194.376617542607846 ], [ 920.642810724412811, 1189.222072088062532 ], [ 919.354174360776483, 1182.005708451698865 ], [ 918.580992542594686, 1166.02661754260771 ], [ 917.550083451685623, 1159.841162997153333 ], [ 916.51917436077656, 1154.686617542607792 ], [ 914.199628906231055, 1148.501162997153187 ], [ 907.498719815322033, 1143.088890269880494 ], [ 904.921447088049263, 1140.511617542607837 ], [ 900.024628906231101, 1135.872526633516827 ], [ 897.622562975747542, 1133.830770592605859 ], [ 783.829595203609415, 1135.000878230365515 ], [ 776.124695696593449, 1150.230093662201853 ], [ 768.152496196800371, 1165.987644236011647 ] ] ] ] } },
{ "type": "Feature", "properties": { "visible": 1, "color": -32768, "chunks": [ ], "minimapNameVisible": 1, "personal": 0, "announceInChat": 0, "mode": "Vertex", "fullscreenVisible": 1, "announceInTitle": 0, "id": "9179aee7-7e2e-484b-924e-b745ff9dec6f", "name2": "8ha 84a 24ca", "fullscreenNameVisible": 1, "dimension": "minecraft:overworld", "name1": "11.III.3", "minimapVisible": 1, "fullscreenOwnerVisible": 0, "minimapOwnerVisible": 0, "fid": 1, "TYPE": "III", "SSTYPE": "3", "SPECIES": "dynamictrees:spruce", "SURF": null, "PARFOR": "11" }, "geometry": { "type": "MultiPolygon", "coordinates": [ [ [ [ 751.890785507669307, 1198.129931769997484 ], [ 761.625083451685441, 1199.273435724426008 ], [ 776.830992542594572, 1200.304344815335298 ], [ 783.531901633503708, 1200.56207208806245 ], [ 791.263719815321792, 1200.81979936078983 ], [ 801.830537997140027, 1202.366162997153424 ], [ 810.077810724412757, 1203.654799360789639 ], [ 817.294174360776424, 1203.139344815335107 ], [ 828.37644708804919, 1202.366162997153424 ], [ 830.695992542594581, 1199.78889026988054 ], [ 832.75781072441282, 1198.242526633516945 ], [ 838.170083451685514, 1194.118890269880694 ], [ 840.489628906231019, 1191.026162997153278 ], [ 837.912356178958248, 1187.417981178971559 ], [ 835.592810724412743, 1185.871617542607964 ], [ 834.304174360776415, 1182.005708451698865 ], [ 831.726901633503644, 1177.624344815335235 ], [ 829.665083451685518, 1173.242981178971604 ], [ 826.830083451685482, 1166.542072088062469 ], [ 825.025992542594622, 1162.41843572442599 ], [ 819.871447088049081, 1159.583435724426181 ], [ 811.88190163350373, 1158.037072088062359 ], [ 805.954174360776392, 1159.325708451698802 ], [ 793.583265269867297, 1163.707072088062432 ], [ 788.686447088049135, 1164.737981178971495 ], [ 777.604174360776369, 1165.511162997153406 ], [ 772.965083451685473, 1165.768890269880558 ], [ 768.152496196800371, 1165.987644236011647 ], [ 761.058101286780129, 1180.01015917534869 ], [ 751.890785507669307, 1198.129931769997484 ] ] ] ] } },
{ "type": "Feature", "properties": { "visible": 1, "color": -32768, "chunks": [ ], "minimapNameVisible": 1, "personal": 0, "announceInChat": 0, "mode": "Vertex", "fullscreenVisible": 1, "announceInTitle": 0, "id": "9179aee7-7e2e-484b-924e-b745ff9dec6f", "name2": "8ha 84a 24ca", "fullscreenNameVisible": 1, "dimension": "minecraft:overworld", "name1": "11.III.4", "minimapVisible": 1, "fullscreenOwnerVisible": 0, "minimapOwnerVisible": 0, "fid": 1, "TYPE": "III", "SSTYPE": "4", "SPECIES": "dynamictrees:spruce", "SURF": null, "PARFOR": "11" }, "geometry": { "type": "MultiPolygon", "coordinates": [ [ [ [ 893.5, 1303.0 ], [ 892.550537997139827, 1294.632526633517273 ], [ 892.035083451685296, 1289.477981178971731 ], [ 891.261901633503498, 1280.71525390624447 ], [ 889.200083451685259, 1273.241162997153651 ], [ 888.684628906230728, 1267.828890269880731 ], [ 892.035083451685296, 1257.262072088062723 ], [ 896.931901633503458, 1249.014799360789993 ], [ 899.251447088048963, 1244.633435724426363 ], [ 904.663719815321656, 1235.097526633517191 ], [ 907.498719815321692, 1228.654344815335435 ], [ 910.591447088048881, 1213.190708451699038 ], [ 916.261447088049181, 1200.56207208806245 ], [ 906.467810724412857, 1200.56207208806245 ], [ 865.74690163350374, 1204.42798117897155 ], [ 857.757356178958275, 1204.685708451698929 ], [ 841.262810724412816, 1204.685708451698929 ], [ 828.37644708804919, 1202.366162997153424 ], [ 817.294174360776424, 1203.139344815335107 ], [ 810.077810724412757, 1203.654799360789639 ], [ 801.830537997140027, 1202.366162997153424 ], [ 791.263719815321792, 1200.81979936078983 ], [ 783.531901633503708, 1200.56207208806245 ], [ 776.830992542594572, 1200.304344815335298 ], [ 761.625083451685441, 1199.273435724426008 ], [ 751.890785507669307, 1198.129931769997484 ], [ 713.0, 1275.0 ], [ 711.989873177430809, 1280.050634112845955 ], [ 710.0, 1290.0 ], [ 713.0, 1291.0 ], [ 713.0, 1309.0 ], [ 719.0, 1329.0 ], [ 703.0, 1369.0 ], [ 705.0, 1388.0 ], [ 710.0, 1394.0 ], [ 728.0, 1394.0 ], [ 808.0, 1349.0 ], [ 835.0, 1336.0 ], [ 863.0, 1321.0 ], [ 893.5, 1303.0 ] ] ] ] } },
{ "type": "Feature", "properties": { "visible": 1, "color": -32768, "chunks": [ ], "minimapNameVisible": 1, "personal": 0, "announceInChat": 0, "mode": "Vertex", "fullscreenVisible": 1, "announceInTitle": 0, "id": "9179aee7-7e2e-484b-924e-b745ff9dec6f", "name2": "8ha 84a 24ca", "fullscreenNameVisible": 1, "dimension": "minecraft:overworld", "name1": "11.III.3", "minimapVisible": 1, "fullscreenOwnerVisible": 0, "minimapOwnerVisible": 0, "fid": 1, "TYPE": "III", "SSTYPE": "3", "SPECIES": "dynamictrees:spruce", "SURF": null, "PARFOR": "11" }, "geometry": { "type": "MultiPolygon", "coordinates": [ [ [ [ 978.666513481733091, 1261.500062666563736 ], [ 979.720230295892293, 1261.068996697134935 ], [ 975.280992542594277, 1252.365253906244789 ], [ 972.961447088048772, 1244.375708451699438 ], [ 970.899628906230646, 1238.447981178971986 ], [ 967.033719815321547, 1233.808890269881203 ], [ 963.425537997139713, 1230.716162997153788 ], [ 955.951447088048781, 1225.819344815335626 ], [ 952.600992542594213, 1223.499799360790348 ], [ 946.673265269866988, 1219.37616299715387 ], [ 942.034174360775978, 1216.025708451699302 ], [ 941.260992542594181, 1215.76798117897215 ], [ 930.69417436077606, 1210.613435724426608 ], [ 920.385083451685091, 1204.943435724426536 ], [ 916.261447088049181, 1200.56207208806245 ], [ 910.591447088048881, 1213.190708451699038 ], [ 907.498719815321692, 1228.654344815335435 ], [ 904.663719815321656, 1235.097526633517191 ], [ 899.251447088048963, 1244.633435724426363 ], [ 896.931901633503458, 1249.014799360789993 ], [ 892.035083451685296, 1257.262072088062723 ], [ 888.684628906230728, 1267.828890269880731 ], [ 889.200083451685259, 1273.241162997153651 ], [ 891.261901633503498, 1280.71525390624447 ], [ 892.035083451685296, 1289.477981178971731 ], [ 892.550537997139827, 1294.632526633517273 ], [ 893.5, 1303.0 ], [ 924.0, 1285.0 ], [ 957.0, 1270.0 ], [ 975.0, 1263.0 ], [ 978.666513481733091, 1261.500062666563736 ] ] ] ] } },
{ "type": "Feature", "properties": { "visible": 1, "color": -32768, "chunks": [ ], "minimapNameVisible": 1, "personal": 0, "announceInChat": 0, "mode": "Vertex", "fullscreenVisible": 1, "announceInTitle": 0, "id": "9179aee7-7e2e-484b-924e-b745ff9dec6f", "name2": "8ha 84a 24ca", "fullscreenNameVisible": 1, "dimension": "minecraft:overworld", "name1": "11.III.3", "minimapVisible": 1, "fullscreenOwnerVisible": 0, "minimapOwnerVisible": 0, "fid": 1, "TYPE": "III", "SSTYPE": "3", "SPECIES": "dynamictrees:spruce", "SURF": null, "PARFOR": "11" }, "geometry": { "type": "MultiPolygon", "coordinates": [ [ [ [ 963.425537997139713, 1230.716162997153788 ], [ 963.940992542593676, 1226.077072088063005 ], [ 964.971901633502739, 1217.572072088062896 ], [ 965.229628906230118, 1211.386617542608292 ], [ 966.002810724411916, 1206.747526633517509 ], [ 969.868719815321015, 1201.077526633517436 ], [ 974.507810724411911, 1193.86116299715377 ], [ 978.631447088048276, 1189.737526633517518 ], [ 996.156901633502798, 1180.974799360790257 ], [ 1008.527810724411893, 1175.304799360790184 ], [ 1014.197810724411852, 1171.438890269881085 ], [ 1017.54826526986642, 1167.057526633517455 ], [ 1019.35235617895728, 1163.964799360790266 ], [ 1018.063719815320951, 1158.294799360790194 ], [ 1014.197810724411852, 1154.171162997153715 ], [ 1007.754628906230096, 1149.789799360790084 ], [ 1001.569174360775492, 1144.377526633517391 ], [ 998.218719815321037, 1142.315708451699265 ], [ 974.765537997139973, 1133.037526633517018 ], [ 897.622562975747542, 1133.830770592605859 ], [ 900.024628906231101, 1135.872526633516827 ], [ 904.921447088049263, 1140.511617542607837 ], [ 907.498719815322033, 1143.088890269880494 ], [ 914.199628906231055, 1148.501162997153187 ], [ 916.51917436077656, 1154.686617542607792 ], [ 917.550083451685623, 1159.841162997153333 ], [ 918.580992542594686, 1166.02661754260771 ], [ 919.354174360776483, 1182.005708451698865 ], [ 920.642810724412811, 1189.222072088062532 ], [ 920.642810724412811, 1194.376617542607846 ], [ 918.580992542594572, 1198.500253906244325 ], [ 916.261447088049181, 1200.56207208806245 ], [ 920.385083451685091, 1204.943435724426536 ], [ 930.69417436077606, 1210.613435724426608 ], [ 941.260992542594181, 1215.76798117897215 ], [ 942.034174360775978, 1216.025708451699302 ], [ 946.673265269866988, 1219.37616299715387 ], [ 952.600992542594213, 1223.499799360790348 ], [ 955.951447088048781, 1225.819344815335626 ], [ 963.425537997139713, 1230.716162997153788 ] ] ] ] } },
{ "type": "Feature", "properties": { "visible": 1, "color": -32768, "chunks": [ ], "minimapNameVisible": 1, "personal": 0, "announceInChat": 0, "mode": "Vertex", "fullscreenVisible": 1, "announceInTitle": 0, "id": "2c1686d8-168e-45b8-a47e-edb83440bd9b", "name2": "8ha 95a 12ca", "fullscreenNameVisible": 1, "dimension": "minecraft:overworld", "name1": "12.V.2", "minimapVisible": 1, "fullscreenOwnerVisible": 0, "minimapOwnerVisible": 0, "fid": 37, "TYPE": "V", "SSTYPE": "2", "SPECIES": "dynamictrees:birch", "SURF": null, "PARFOR": "12" }, "geometry": { "type": "MultiPolygon", "coordinates": [ [ [ [ 928.05951704544816, 942.906278409087804 ], [ 941.260992542593726, 937.422526633517236 ], [ 947.188719815321065, 933.556617542608137 ], [ 950.281447088048253, 929.948435724426304 ], [ 952.858719815321024, 924.020708451699079 ], [ 954.147356178957352, 917.577526633517209 ], [ 954.920537997139263, 912.938435724426313 ], [ 955.435992542593794, 907.783890269880885 ], [ 956.209174360775592, 900.309799360789953 ], [ 955.435992542593794, 896.186162997153588 ], [ 951.570083451684695, 893.351162997153551 ], [ 947.188719815321065, 891.03161754260816 ], [ 942.291901633502903, 890.258435724426249 ], [ 937.910537997139159, 890.000708451698983 ], [ 930.43644708804834, 890.000708451698983 ], [ 921.931447088048344, 889.742981178971718 ], [ 900.99815340908458, 893.422642045451084 ], [ 901.642471590902687, 900.639005681814865 ], [ 901.642471590902687, 908.113096590905798 ], [ 901.900198863629953, 913.138778409087536 ], [ 904.477471590902724, 921.386051136360265 ], [ 909.11656249999362, 926.669460227269383 ], [ 915.173153409084534, 931.566278409087658 ], [ 919.94110795453912, 934.916732954542113 ], [ 927.157471590902787, 941.488778409087786 ], [ 928.05951704544816, 942.906278409087804 ] ] ] ] } },
{ "type": "Feature", "properties": { "visible": 1, "color": -32768, "chunks": [ ], "minimapNameVisible": 1, "personal": 0, "announceInChat": 0, "mode": "Vertex", "fullscreenVisible": 1, "announceInTitle": 0, "id": "2c1686d8-168e-45b8-a47e-edb83440bd9b", "name2": "8ha 95a 12ca", "fullscreenNameVisible": 1, "dimension": "minecraft:overworld", "name1": "12.III.5", "minimapVisible": 1, "fullscreenOwnerVisible": 0, "minimapOwnerVisible": 0, "fid": 37, "TYPE": "III", "SSTYPE": "5", "SPECIES": "dynamictrees:spruce", "SURF": null, "PARFOR": "12" }, "geometry": { "type": "MultiPolygon", "coordinates": [ [ [ [ 1040.0, 891.289344815335198 ], [ 947.188719815321065, 891.03161754260816 ], [ 951.570083451684695, 893.351162997153551 ], [ 955.435992542593794, 896.186162997153588 ], [ 956.209174360775592, 900.309799360789953 ], [ 955.435992542593794, 907.783890269880885 ], [ 954.920537997139263, 912.938435724426313 ], [ 954.147356178957352, 917.577526633517209 ], [ 952.858719815321024, 924.020708451699079 ], [ 950.281447088048253, 929.948435724426304 ], [ 947.188719815321065, 933.556617542608137 ], [ 941.260992542593726, 937.422526633517236 ], [ 928.05951704544816, 942.906278409087804 ], [ 929.734744318175444, 952.055596590905907 ], [ 930.636789772720931, 960.045142045451371 ], [ 932.183153409084525, 968.42127840908779 ], [ 935.404744318175517, 977.570596590906007 ], [ 937.595426136357332, 989.426051136360229 ], [ 940.430426136357255, 999.090823863632977 ], [ 942.74997159090276, 1007.338096590905707 ], [ 944.425198863630044, 1015.585369318178437 ], [ 947.904517045448188, 1024.734687499996653 ], [ 949.837471590902737, 1033.497414772723914 ], [ 949.871866200717818, 1034.924791080047953 ], [ 951.0, 1035.0 ], [ 975.254060160889139, 1040.706837684915172 ], [ 985.0, 1043.0 ], [ 1014.0, 1052.0 ], [ 1040.0, 1063.0 ], [ 1040.0, 1035.0 ], [ 1040.0, 925.769727378186758 ], [ 1040.0, 891.289344815335198 ] ] ] ] } },
{ "type": "Feature", "properties": { "visible": 1, "color": -32768, "chunks": [ ], "minimapNameVisible": 1, "personal": 0, "announceInChat": 0, "mode": "Vertex", "fullscreenVisible": 1, "announceInTitle": 0, "id": "2c1686d8-168e-45b8-a47e-edb83440bd9b", "name2": "8ha 95a 12ca", "fullscreenNameVisible": 1, "dimension": "minecraft:overworld", "name1": "12.III.4", "minimapVisible": 1, "fullscreenOwnerVisible": 0, "minimapOwnerVisible": 0, "fid": 37, "TYPE": "III", "SSTYPE": "4", "SPECIES": "dynamictrees:spruce", "SURF": null, "PARFOR": "12" }, "geometry": { "type": "MultiPolygon", "coordinates": [ [ [ [ 947.188719815321065, 891.03161754260816 ], [ 1040.0, 891.289344815335198 ], [ 1040.0, 885.0 ], [ 1040.0, 777.56919876937036 ], [ 1040.0, 747.0 ], [ 1022.0, 744.0 ], [ 997.0, 739.0 ], [ 984.0, 737.0 ], [ 958.0, 735.0 ], [ 961.363719815320678, 759.84843572442594 ], [ 961.363719815320678, 792.837526633516859 ], [ 959.301901633502439, 829.950253906244143 ], [ 953.116447088047948, 865.001162997153187 ], [ 947.188719815321065, 891.03161754260816 ] ] ] ] } },
{ "type": "Feature", "properties": { "visible": 1, "color": -32768, "chunks": [ ], "minimapNameVisible": 1, "personal": 0, "announceInChat": 0, "mode": "Vertex", "fullscreenVisible": 1, "announceInTitle": 0, "id": "ede537c8-f501-4c33-ba41-f03d690617eb", "name2": "6ha 50a 04ca", "fullscreenNameVisible": 1, "dimension": "minecraft:overworld", "name1": "10.III.6", "minimapVisible": 1, "fullscreenOwnerVisible": 0, "minimapOwnerVisible": 0, "fid": 8, "TYPE": "III", "SSTYPE": "6", "SPECIES": "dynamictrees:spruce", "SURF": null, "PARFOR": "10" }, "geometry": { "type": "MultiPolygon", "coordinates": [ [ [ [ 1021.917349071636636, 1251.843420983318083 ], [ 970.899628906229168, 1298.498435724426145 ], [ 966.775992542592803, 1309.580708451698911 ], [ 967.806901633501866, 1319.889799360789766 ], [ 1004.0, 1364.0 ], [ 1058.0, 1339.0 ], [ 1106.0, 1339.0 ], [ 1129.0, 1320.0 ], [ 1171.881078365544454, 1320.0 ], [ 1161.355098715909207, 1307.639948138685668 ], [ 1085.937494895388454, 1219.081398197922681 ], [ 1061.0, 1233.0 ], [ 1021.917349071636636, 1251.843420983318083 ] ] ] ] } },
{ "type": "Feature", "properties": { "visible": 1, "color": -32768, "chunks": [ ], "minimapNameVisible": 1, "personal": 0, "announceInChat": 0, "mode": "Vertex", "fullscreenVisible": 1, "announceInTitle": 0, "id": "ede537c8-f501-4c33-ba41-f03d690617eb", "name2": "6ha 50a 04ca", "fullscreenNameVisible": 1, "dimension": "minecraft:overworld", "name1": "10.VII.", "minimapVisible": 1, "fullscreenOwnerVisible": 0, "minimapOwnerVisible": 0, "fid": 8, "TYPE": "VII", "SSTYPE": null, "SPECIES": "dynamictrees:spruce", "SURF": null, "PARFOR": "10" }, "geometry": { "type": "MultiPolygon", "coordinates": [ [ [ [ 1161.355098715909207, 1307.639948138685668 ], [ 1198.988265269865224, 1281.230708451699002 ], [ 1241.255537997138163, 1260.870253906244443 ], [ 1274.244628906229082, 1243.602526633517073 ], [ 1313.168197225383665, 1217.584098612691832 ], [ 1246.0, 1184.0 ], [ 1179.0, 1146.0 ], [ 1171.0, 1157.0 ], [ 1142.0, 1184.0 ], [ 1104.0, 1209.0 ], [ 1085.937494895388454, 1219.081398197922681 ], [ 1161.355098715909207, 1307.639948138685668 ] ] ] ] } },
{ "type": "Feature", "properties": { "visible": 1, "color": -32768, "chunks": [ ], "minimapNameVisible": 1, "personal": 0, "announceInChat": 0, "mode": "Vertex", "fullscreenVisible": 1, "announceInTitle": 0, "id": "ede537c8-f501-4c33-ba41-f03d690617eb", "name2": "6ha 50a 04ca", "fullscreenNameVisible": 1, "dimension": "minecraft:overworld", "name1": "10.III.7", "minimapVisible": 1, "fullscreenOwnerVisible": 0, "minimapOwnerVisible": 0, "fid": 8, "TYPE": "III", "SSTYPE": "7", "SPECIES": "dtbop:fir", "SURF": null, "PARFOR": "10" }, "geometry": { "type": "MultiPolygon", "coordinates": [ [ [ [ 966.775992542592803, 1309.580708451698911 ], [ 960.461674360774168, 1291.410935724426054 ], [ 953.920462472086115, 1283.748373226248759 ], [ 930.0, 1294.0 ], [ 893.0, 1317.0 ], [ 869.0, 1335.0 ], [ 804.0, 1364.0 ], [ 768.0, 1383.0 ], [ 770.0, 1390.0 ], [ 806.0, 1390.0 ], [ 869.0, 1377.0 ], [ 918.0, 1365.0 ], [ 959.477533439363697, 1364.012439680015177 ], [ 960.332810724410592, 1334.837981178971631 ], [ 967.806901633501866, 1319.889799360789766 ], [ 966.775992542592803, 1309.580708451698911 ] ] ] ] } },
{ "type": "Feature", "properties": { "visible": 1, "color": -32768, "chunks": [ ], "minimapNameVisible": 1, "personal": 0, "announceInChat": 0, "mode": "Vertex", "fullscreenVisible": 1, "announceInTitle": 0, "id": "ede537c8-f501-4c33-ba41-f03d690617eb", "name2": "6ha 50a 04ca", "fullscreenNameVisible": 1, "dimension": "minecraft:overworld", "name1": "10.VIII.", "minimapVisible": 1, "fullscreenOwnerVisible": 0, "minimapOwnerVisible": 0, "fid": 8, "TYPE": "VIII", "SSTYPE": null, "SPECIES": null, "SURF": null, "PARFOR": "10" }, "geometry": { "type": "MultiPolygon", "coordinates": [ [ [ [ 967.806901633501866, 1319.889799360789766 ], [ 960.332810724410592, 1334.837981178971631 ], [ 959.477533439363697, 1364.012439680015177 ], [ 960.0, 1364.0 ], [ 1004.0, 1364.0 ], [ 967.806901633501866, 1319.889799360789766 ] ] ] ] } },
{ "type": "Feature", "properties": { "visible": 1, "color": -32768, "chunks": [ ], "minimapNameVisible": 1, "personal": 0, "announceInChat": 0, "mode": "Vertex", "fullscreenVisible": 1, "announceInTitle": 0, "id": "ede537c8-f501-4c33-ba41-f03d690617eb", "name2": "6ha 50a 04ca", "fullscreenNameVisible": 1, "dimension": "minecraft:overworld", "name1": "10.VIII.", "minimapVisible": 1, "fullscreenOwnerVisible": 0, "minimapOwnerVisible": 0, "fid": 8, "TYPE": "VIII", "SSTYPE": null, "SPECIES": null, "SURF": null, "PARFOR": "10" }, "geometry": { "type": "MultiPolygon", "coordinates": [ [ [ [ 953.920462472086115, 1283.748373226248759 ], [ 960.461674360774168, 1291.410935724426054 ], [ 966.775992542592803, 1309.580708451698911 ], [ 970.899628906229168, 1298.498435724426145 ], [ 1021.917349071636636, 1251.843420983318083 ], [ 1005.0, 1260.0 ], [ 972.0, 1276.0 ], [ 953.920462472086115, 1283.748373226248759 ] ] ] ] } },
{ "type": "Feature", "properties": { "visible": 1, "color": -32768, "chunks": [ ], "minimapNameVisible": 1, "personal": 0, "announceInChat": 0, "mode": "Vertex", "fullscreenVisible": 1, "announceInTitle": 0, "id": "8657bdb9-971d-4677-a837-4f6211bc4cf6", "name2": "8ha 36a 78ca", "fullscreenNameVisible": 1, "dimension": "minecraft:overworld", "name1": "15.II.5", "minimapVisible": 1, "fullscreenOwnerVisible": 0, "minimapOwnerVisible": 0, "fid": 49, "TYPE": "II", "SSTYPE": "5", "SPECIES": "dynamictrees:oak", "SURF": null, "PARFOR": "15" }, "geometry": { "type": "MultiPolygon", "coordinates": [ [ [ [ 799.928661796028678, 352.0 ], [ 788.686447088046862, 345.294117542607296 ], [ 780.439174360774132, 342.974572088061848 ], [ 771.289856178956029, 340.6550266335164 ], [ 753.506674360774014, 338.077753906243629 ], [ 739.84712890622859, 336.7891175426073 ], [ 727.347356178955806, 337.175708451698199 ], [ 716.265083451683154, 336.402526633516345 ], [ 709.693037997137708, 334.856162997152751 ], [ 702.218947088046775, 334.21184481533453 ], [ 690.878947088046743, 335.758208451698181 ], [ 683.791447088046766, 339.366390269880014 ], [ 646.549856178955906, 337.820026633516363 ], [ 636.885083451683158, 337.69116299715273 ], [ 623.354401633501311, 337.046844815334509 ], [ 609.179401633501357, 337.046844815334509 ], [ 600.287810724410406, 336.531390269879978 ], [ 586.0, 335.455963656214692 ], [ 586.0, 352.0 ], [ 799.928661796028678, 352.0 ] ] ] ] } },
{ "type": "Feature", "properties": { "visible": 1, "color": -32768, "chunks": [ ], "minimapNameVisible": 1, "personal": 0, "announceInChat": 0, "mode": "Vertex", "fullscreenVisible": 1, "announceInTitle": 0, "id": "8657bdb9-971d-4677-a837-4f6211bc4cf6", "name2": "8ha 36a 78ca", "fullscreenNameVisible": 1, "dimension": "minecraft:overworld", "name1": "15.IX.", "minimapVisible": 1, "fullscreenOwnerVisible": 0, "minimapOwnerVisible": 0, "fid": 49, "TYPE": "IX", "SSTYPE": null, "SPECIES": "minecraft:fern", "SURF": null, "PARFOR": "15" }, "geometry": { "type": "MultiPolygon", "coordinates": [ [ [ [ 932.347643116908785, 352.0 ], [ 917.807810724410615, 344.263208451698233 ], [ 887.911447088046998, 339.624117542607337 ], [ 852.860537997137953, 338.077753906243686 ], [ 810.593265269865242, 339.108662997152805 ], [ 788.42871981531971, 337.82002663351642 ], [ 771.676447088046757, 333.696390269880055 ], [ 741.006901633501229, 322.356390269880023 ], [ 720.646447088046671, 316.170935724425476 ], [ 706.729174360773982, 314.624572088061882 ], [ 689.203719815319459, 313.593662997152762 ], [ 641.524174360773941, 315.397753906243736 ], [ 604.926901633501302, 316.428662997152799 ], [ 595.463450816750651, 317.639984701696903 ], [ 586.0, 318.851306406240951 ], [ 586.0, 335.455963656214692 ], [ 600.287810724410406, 336.531390269879978 ], [ 609.179401633501357, 337.046844815334509 ], [ 623.354401633501311, 337.046844815334509 ], [ 636.885083451683158, 337.69116299715273 ], [ 646.549856178955906, 337.820026633516363 ], [ 683.791447088046766, 339.366390269880014 ], [ 690.878947088046743, 335.758208451698181 ], [ 702.218947088046775, 334.21184481533453 ], [ 709.693037997137708, 334.856162997152751 ], [ 716.265083451683154, 336.402526633516345 ], [ 727.347356178955806, 337.175708451698199 ], [ 739.84712890622859, 336.7891175426073 ], [ 753.506674360774014, 338.077753906243629 ], [ 771.289856178956029, 340.6550266335164 ], [ 780.439174360774132, 342.974572088061848 ], [ 788.686447088046862, 345.294117542607296 ], [ 799.928661796028678, 352.0 ], [ 932.347643116908785, 352.0 ] ] ] ] } },
{ "type": "Feature", "properties": { "visible": 1, "color": -32768, "chunks": [ ], "minimapNameVisible": 1, "personal": 0, "announceInChat": 0, "mode": "Vertex", "fullscreenVisible": 1, "announceInTitle": 0, "id": "8657bdb9-971d-4677-a837-4f6211bc4cf6", "name2": "8ha 36a 78ca", "fullscreenNameVisible": 1, "dimension": "minecraft:overworld", "name1": "15.IX.", "minimapVisible": 1, "fullscreenOwnerVisible": 0, "minimapOwnerVisible": 0, "fid": 49, "TYPE": "IX", "SSTYPE": null, "SPECIES": "minecraft:fern", "SURF": null, "PARFOR": "15" }, "geometry": { "type": "MultiPolygon", "coordinates": [ [ [ [ 648.740537997137608, 244.522753906243679 ], [ 653.895083451683149, 239.883662997152783 ], [ 658.018719815319514, 236.790935724425481 ], [ 662.915537997137676, 231.120935724425493 ], [ 666.52371981531951, 227.255026633516422 ], [ 671.935992542592203, 219.265481178970958 ], [ 676.317356178955833, 214.110935724425474 ], [ 681.214174360773995, 206.894572088061864 ], [ 683.275992542592235, 203.028662997152765 ], [ 683.5337198153195, 196.843208451698217 ], [ 681.987356178955906, 193.750481178970944 ], [ 678.121447088046807, 194.265935724425503 ], [ 677.605992542592276, 194.781390269880035 ], [ 673.997810724410442, 198.647299360789134 ], [ 672.966901633501266, 199.678208451698197 ], [ 667.554628906228572, 199.935935724425491 ], [ 664.204174360774005, 200.709117542607316 ], [ 661.626901633501348, 199.935935724425491 ], [ 657.245537997137717, 196.843208451698217 ], [ 655.183719815319478, 195.55457208806186 ], [ 652.090992542592176, 192.461844815334587 ], [ 648.482810724410456, 187.307299360789131 ], [ 646.163265269864951, 179.060026633516401 ], [ 644.874628906228622, 174.16320845169821 ], [ 642.555083451683117, 168.750935724425489 ], [ 639.20462890622855, 163.596390269880033 ], [ 636.111901633501247, 161.276844815334584 ], [ 628.122356178955897, 160.245935724425493 ], [ 625.545083451683126, 162.823208451698207 ], [ 627.349174360773986, 166.43139026988004 ], [ 631.472810724410351, 168.750935724425489 ], [ 635.854174360773982, 171.585935724425497 ], [ 638.173719815319487, 175.451844815334596 ], [ 640.493265269864878, 178.802299360789107 ], [ 643.328265269864914, 183.441390269880031 ], [ 643.328265269864914, 188.080481178970956 ], [ 642.555083451683117, 191.430935724425495 ], [ 640.235537997137726, 193.235026633516384 ], [ 636.885083451683158, 196.070026633516392 ], [ 634.307810724410388, 199.420481178970931 ], [ 631.988265269864996, 203.801844815334562 ], [ 632.761447088046793, 205.090481178970947 ], [ 636.885083451683158, 205.863662997152744 ], [ 641.524174360774055, 205.863662997152744 ], [ 647.194174360774014, 206.894572088061864 ], [ 651.575537997137644, 210.502753906243669 ], [ 652.348719815319441, 216.172753906243656 ], [ 652.348719815319441, 221.069572088061875 ], [ 649.513719815319519, 228.285935724425485 ], [ 647.194174360774014, 231.378662997152759 ], [ 644.616901633501357, 233.955935724425501 ], [ 643.070537997137649, 234.729117542607298 ], [ 641.524174360774055, 235.502299360789124 ], [ 639.20462890622855, 237.564117542607306 ], [ 638.946901633501284, 240.399117542607314 ], [ 639.977810724410347, 242.203208451698231 ], [ 640.750992542592257, 244.007299360789148 ], [ 641.78190163350132, 244.522753906243679 ], [ 642.555083451683117, 245.03820845169821 ], [ 644.101447088046712, 245.811390269880036 ], [ 648.740537997137608, 244.522753906243679 ] ] ] ] } },
{ "type": "Feature", "properties": { "visible": 1, "color": -32768, "chunks": [ ], "minimapNameVisible": 1, "personal": 0, "announceInChat": 0, "mode": "Vertex", "fullscreenVisible": 1, "announceInTitle": 0, "id": "8657bdb9-971d-4677-a837-4f6211bc4cf6", "name2": "8ha 36a 78ca", "fullscreenNameVisible": 1, "dimension": "minecraft:overworld", "name1": "15.I.4", "minimapVisible": 1, "fullscreenOwnerVisible": 0, "minimapOwnerVisible": 0, "fid": 49, "TYPE": "I", "SSTYPE": "4", "SPECIES": "dynamictrees:oak", "SURF": null, "PARFOR": "15" }, "geometry": { "type": "MultiPolygon", "coordinates": [ [ [ [ 595.390992542591903, 138.0 ], [ 593.844628906228309, 141.174117542607263 ], [ 595.262128906228327, 143.751390269880005 ], [ 596.808492542591921, 145.555481178970894 ], [ 598.097128906228363, 147.101844815334545 ], [ 598.612583451682895, 148.648208451698167 ], [ 598.612583451682895, 150.581162997152717 ], [ 597.839401633501097, 150.838890269879982 ], [ 595.648719815319282, 151.354344815334542 ], [ 594.231219815319264, 151.225481178970909 ], [ 592.169401633501025, 149.936844815334553 ], [ 590.75190163350112, 149.807981178970891 ], [ 589.720992542591944, 150.581162997152717 ], [ 588.947810724410147, 152.642981178970899 ], [ 588.303492542592039, 154.704799360789082 ], [ 588.174628906228349, 156.508890269879998 ], [ 588.174628906228349, 158.570708451698181 ], [ 589.076674360773836, 160.374799360789098 ], [ 589.978719815319209, 161.534572088061822 ], [ 590.236447088046589, 163.467526633516343 ], [ 590.236447088046589, 165.915935724425452 ], [ 590.236447088046589, 167.977753906243635 ], [ 591.396219815319228, 170.812753906243643 ], [ 592.55599254259198, 172.359117542607265 ], [ 593.071447088046511, 174.420935724425448 ], [ 593.458037997137467, 175.838435724425437 ], [ 593.329174360773777, 180.090935724425464 ], [ 592.42712890622829, 182.152753906243646 ], [ 590.365310724410165, 185.760935724425451 ], [ 589.849856178955633, 187.178435724425469 ], [ 589.592128906228254, 189.497981178970917 ], [ 588.818947088046457, 194.008208451698181 ], [ 587.916901633501084, 198.260708451698179 ], [ 590.236447088046475, 201.611162997152718 ], [ 592.040537997137449, 203.415253906243635 ], [ 593.973492542591998, 205.219344815334551 ], [ 595.777583451682858, 207.667753906243632 ], [ 597.839401633500984, 210.760481178970906 ], [ 598.354856178955629, 213.337753906243648 ], [ 598.354856178955629, 216.559344815334555 ], [ 598.225992542592053, 221.842753906243615 ], [ 597.968265269864787, 226.48184481533454 ], [ 597.968265269864787, 230.090026633516345 ], [ 598.097128906228363, 233.182753906243647 ], [ 596.808492542592035, 238.595026633516369 ], [ 595.133265269864751, 241.945481178970908 ], [ 593.200310724410201, 246.455708451698172 ], [ 592.813719815319246, 251.094799360789096 ], [ 593.329174360773777, 254.058662997152737 ], [ 593.458037997137467, 256.764799360789084 ], [ 591.525083451683031, 261.275026633516404 ], [ 590.494174360773968, 262.821390269880055 ], [ 588.818947088046684, 263.465708451698276 ], [ 586.0, 264.146143955709533 ], [ 586.0, 318.851306406240951 ], [ 595.463450816750651, 317.639984701696903 ], [ 597.19508345168299, 304.31548117897097 ], [ 599.514628906228381, 299.418662997152751 ], [ 601.576447088046621, 295.295026633516386 ], [ 603.63826526986486, 289.625026633516427 ], [ 605.700083451682985, 284.728208451698208 ], [ 608.019628906228377, 268.233662997152749 ], [ 608.535083451682908, 259.728662997152753 ], [ 609.565992542592085, 249.419572088061841 ], [ 610.596901633501147, 242.460935724425497 ], [ 612.143265269864742, 235.244572088061858 ], [ 614.720537997137512, 225.966390269880037 ], [ 614.720537997137512, 214.884117542607299 ], [ 613.43190163350107, 197.616390269880014 ], [ 612.400992542592007, 181.637299360789115 ], [ 612.400992542592007, 169.008662997152726 ], [ 612.400992542592007, 160.761390269880025 ], [ 613.689628906228336, 153.802753906243652 ], [ 618.328719815319232, 142.978208451698208 ], [ 619.617356178955561, 138.0 ], [ 595.390992542591903, 138.0 ] ] ] ] } },
{ "type": "Feature", "properties": { "visible": 1, "color": -32768, "chunks": [ ], "minimapNameVisible": 1, "personal": 0, "announceInChat": 0, "mode": "Vertex", "fullscreenVisible": 1, "announceInTitle": 0, "id": "044fa54a-1c36-4f97-8b9b-5dc4947322d8", "name2": "7ha 63a 75ca", "fullscreenNameVisible": 1, "dimension": "minecraft:overworld", "name1": "21.V.3", "minimapVisible": 1, "fullscreenOwnerVisible": 0, "minimapOwnerVisible": 0, "fid": 27, "TYPE": "V", "SSTYPE": "3", "SPECIES": "dynamictrees:birch", "SURF": null, "PARFOR": "21" }, "geometry": { "type": "MultiPolygon", "coordinates": [ [ [ [ 586.0, 264.146143955709533 ], [ 584.437583451683054, 266.300708451698256 ], [ 584.437583451683054, 269.522299360789191 ], [ 584.308719815319364, 271.326390269880051 ], [ 583.664401633501143, 274.161390269880087 ], [ 582.118037997137549, 275.965481178971004 ], [ 582.504628906228504, 277.640708451698288 ], [ 582.63349254259208, 278.800481178970983 ], [ 582.76235617895577, 280.346844815334634 ], [ 581.344856178955752, 283.43957208806188 ], [ 580.700537997137531, 283.826162997152835 ], [ 579.154174360773936, 284.857072088061898 ], [ 576.963492542592007, 290.269344815334648 ], [ 576.19031072441021, 292.975481178971052 ], [ 575.545992542591989, 294.392981178971013 ], [ 574.386219815319237, 295.423890269880133 ], [ 570.649174360773827, 298.258890269880112 ], [ 569.231674360773809, 300.707299360789193 ], [ 568.071901633501056, 302.51139026988011 ], [ 566.010083451682931, 302.640253906243743 ], [ 564.979174360773868, 300.836162997152826 ], [ 563.175083451682895, 299.032072088061909 ], [ 562.659628906228363, 297.227981178970992 ], [ 564.979174360773868, 295.939344815334607 ], [ 567.040992542591994, 295.681617542607341 ], [ 568.071901633501056, 295.295026633516443 ], [ 568.071901633501056, 292.717753906243729 ], [ 566.010083451682931, 289.367299360789161 ], [ 563.819401633501116, 286.145708451698226 ], [ 562.788492542592053, 283.826162997152778 ], [ 561.370992542592035, 279.831390269880046 ], [ 561.242128906228345, 275.578890269880048 ], [ 560.468947088046548, 271.841844815334582 ], [ 559.309174360773795, 266.042981178970933 ], [ 558.922583451682954, 262.305935724425467 ], [ 558.922583451682954, 259.728662997152753 ], [ 559.309174360773795, 255.733890269880021 ], [ 558.278265269864733, 250.965935724425464 ], [ 557.762810724410201, 249.419572088061841 ], [ 556.216447088046493, 248.775253906243648 ], [ 554.927810724410165, 249.80616299715274 ], [ 553.896901633501102, 251.610253906243656 ], [ 553.510310724410147, 254.18752663351637 ], [ 553.123719815319305, 256.764799360789084 ], [ 552.350537997137394, 259.213208451698222 ], [ 550.67531072441011, 262.177072088061834 ], [ 549.515537997137471, 265.398662997152769 ], [ 548.613492542591985, 268.104799360789116 ], [ 547.969174360773764, 271.068662997152785 ], [ 547.453719815319232, 273.517072088061866 ], [ 546.809401633501011, 274.419117542607296 ], [ 544.876447088046461, 275.965481178970947 ], [ 542.55690163350107, 276.609799360789168 ], [ 540.881674360773786, 276.09434481533458 ], [ 540.237356178955565, 275.321162997152783 ], [ 539.850765269864723, 271.841844815334582 ], [ 539.850765269864723, 269.135708451698235 ], [ 539.464174360773768, 264.625481178970972 ], [ 538.690992542591971, 260.372981178970917 ], [ 538.17553799713744, 256.635935724425508 ], [ 537.917810724410174, 252.512299360789115 ], [ 537.917810724410174, 250.97743644511317 ], [ 522.0, 258.0 ], [ 513.317248505824296, 260.48078614119305 ], [ 512.918265269864833, 270.810935724425519 ], [ 510.340992542592062, 288.078662997152776 ], [ 510.340992542592062, 297.356844815334568 ], [ 512.145083451682922, 304.830935724425501 ], [ 512.145083451682922, 313.593662997152762 ], [ 507.248265269864703, 333.954117542607321 ], [ 507.248265269864703, 342.716844815334582 ], [ 507.248265269864703, 349.417753906243661 ], [ 507.763719815319291, 356.118662997152796 ], [ 509.825537997137417, 361.273208451698224 ], [ 515.237810724410224, 366.427753906243709 ], [ 524.258265269864751, 372.097753906243724 ], [ 531.474628906228304, 374.675026633516438 ], [ 538.690992542591971, 376.994572088061886 ], [ 544.618719815319309, 377.767753906243684 ], [ 551.835083451682863, 374.932753906243704 ], [ 558.278265269864733, 371.324572088061871 ], [ 562.659628906228363, 369.005026633516422 ], [ 567.814174360773791, 365.654572088061855 ], [ 572.968719815319218, 361.273208451698224 ], [ 586.0, 352.0 ], [ 586.0, 335.455963656214692 ], [ 586.0, 318.851306406240951 ], [ 586.0, 264.146143955709533 ] ] ] ] } },
{ "type": "Feature", "properties": { "visible": 1, "color": -32768, "chunks": [ ], "minimapNameVisible": 1, "personal": 0, "announceInChat": 0, "mode": "Vertex", "fullscreenVisible": 1, "announceInTitle": 0, "id": "185782fd-d4a1-461f-ba94-a1aa26f4e43b", "name2": "6ha 78a 09ca", "fullscreenNameVisible": 1, "dimension": "minecraft:overworld", "name1": "20.IX.", "minimapVisible": 1, "fullscreenOwnerVisible": 0, "minimapOwnerVisible": 0, "fid": 36, "TYPE": "IX", "SSTYPE": null, "SPECIES": "minecraft:water", "SURF": null, "PARFOR": "20" }, "geometry": { "type": "MultiPolygon", "coordinates": [ [ [ [ 541.010537997137476, -77.120882457392739 ], [ 538.562128906228281, -60.110882457393302 ], [ 536.24258345168289, -52.121337002847838 ], [ 535.727128906228245, -45.420427911938731 ], [ 537.015765269864687, -36.399973366484161 ], [ 538.819856178955547, -23.771337002847773 ], [ 540.623947088046521, -15.524064275575029 ], [ 542.943492542591912, -7.276791548302285 ], [ 545.263037997137417, -0.575882457393185 ], [ 547.324856178955542, 7.413662997152286 ], [ 549.386674360773782, 16.434117542606849 ], [ 551.706219815319287, 24.165935724425047 ], [ 552.479401633501084, 31.124572088061427 ], [ 552.479401633501084, 38.212072088061447 ], [ 552.221674360773704, 42.593435724425092 ], [ 551.963947088046552, 46.459344815334205 ], [ 552.350537997137394, 52.258208451697854 ], [ 552.994856178955615, 56.510708451697866 ], [ 552.994856178955615, 61.149799360788784 ], [ 552.737128906228349, 65.273435724425156 ], [ 550.933037997137376, 70.041390269879713 ], [ 549.773265269864737, 72.360935724425161 ], [ 548.613492542591985, 75.582526633516082 ], [ 547.067128906228277, 80.09275390624336 ], [ 545.778492542591835, 100.968662997152492 ], [ 545.778492542591835, 104.834572088061591 ], [ 545.778492542591835, 110.117981178970695 ], [ 546.0362198153191, 115.916844815334343 ], [ 547.195992542591853, 122.360026633516171 ], [ 547.582583451682808, 126.870253906243448 ], [ 547.711447088046498, 129.705253906243428 ], [ 548.742356178955674, 132.28252663351617 ], [ 552.865992542592039, 139.498890269879809 ], [ 555.18553799713743, 143.880253906243468 ], [ 555.443265269864696, 147.488435724425273 ], [ 554.541219815319323, 152.385253906243463 ], [ 554.541219815319323, 156.251162997152562 ], [ 554.927810724410165, 161.01911754260712 ], [ 556.087583451682917, 163.596390269879862 ], [ 557.505083451682935, 165.013890269879852 ], [ 559.05144708804653, 166.302526633516209 ], [ 560.082356178955706, 166.560253906243503 ], [ 560.597810724410238, 166.560253906243503 ], [ 562.659628906228363, 164.498435724425292 ], [ 563.175083451682895, 162.952072088061669 ], [ 563.303947088046584, 160.761390269879854 ], [ 563.819401633501116, 158.957299360788937 ], [ 565.752356178955665, 157.797526633516213 ], [ 566.525537997137462, 161.019117542607148 ], [ 566.138947088046507, 165.271617542607146 ], [ 566.010083451682931, 168.879799360788979 ], [ 564.979174360773754, 172.101390269879886 ], [ 563.303947088046471, 174.420935724425334 ], [ 560.726674360773814, 173.905481178970803 ], [ 558.793719815319264, 172.745708451698079 ], [ 557.762810724410201, 171.199344815334427 ], [ 552.479401633501084, 170.297299360788969 ], [ 551.061901633501066, 171.84366299715262 ], [ 549.773265269864623, 173.905481178970803 ], [ 549.515537997137358, 176.482753906243545 ], [ 548.87121981531925, 181.637299360789001 ], [ 547.840310724410074, 185.245481178970806 ], [ 546.938265269864701, 190.657753906243556 ], [ 545.778492542591948, 195.554572088061747 ], [ 544.618719815319196, 200.322526633516304 ], [ 543.587810724410133, 205.348208451698127 ], [ 541.912583451682849, 210.631617542607216 ], [ 540.752810724410097, 217.847981178970883 ], [ 539.721901633501034, 223.904572088061798 ], [ 538.17553799713744, 229.703435724425447 ], [ 538.17553799713744, 236.146617542607288 ], [ 537.917810724410174, 242.847526633516367 ], [ 537.917810724410174, 250.97743644511317 ], [ 556.0, 243.0 ], [ 586.0, 243.0 ], [ 586.0, -7.0 ], [ 586.0, -100.058609730119997 ], [ 574.515083451682926, -97.481337002847283 ], [ 569.87599254259203, -94.646337002847289 ], [ 565.4946289062284, -92.584518821029107 ], [ 559.309174360773795, -88.976337002847288 ], [ 553.896901633501102, -85.883609730120014 ], [ 550.030992542592003, -83.821791548301832 ], [ 545.391901633501107, -80.213609730120012 ], [ 541.010537997137476, -77.120882457392739 ] ] ] ] } },
{ "type": "Feature", "properties": { "visible": 1, "color": -32768, "chunks": [ ], "minimapNameVisible": 1, "personal": 0, "announceInChat": 0, "mode": "Vertex", "fullscreenVisible": 1, "announceInTitle": 0, "id": "0bf595c5-3282-48fa-a164-4bd3a42187e9", "name2": "10ha 71a 91ca", "fullscreenNameVisible": 1, "dimension": "minecraft:overworld", "name1": "16.IX.", "minimapVisible": 1, "fullscreenOwnerVisible": 0, "minimapOwnerVisible": 0, "fid": 52, "TYPE": "IX", "SSTYPE": null, "SPECIES": "minecraft:water", "SURF": null, "PARFOR": "16" }, "geometry": { "type": "MultiPolygon", "coordinates": [ [ [ [ 586.0, -101.862700639210914 ], [ 586.0, -100.058609730119997 ], [ 586.0, 138.0 ], [ 595.390992542591903, 138.0 ], [ 596.421901633500966, 132.153662997152736 ], [ 598.741447088046471, 126.741390269880014 ], [ 600.803265269864596, 122.10229936078909 ], [ 604.926901633500961, 115.659117542607277 ], [ 606.730992542591935, 112.566390269880003 ], [ 609.050537997137326, 105.350026633516364 ], [ 609.823719815319123, 100.710935724425468 ], [ 611.370083451682831, 96.329572088061823 ], [ 614.462810724410019, 88.340026633516374 ], [ 617.555537997137321, 83.185481178970917 ], [ 621.421447088046421, 80.092753906243644 ], [ 624.771901633500988, 78.546390269880007 ], [ 628.895537997137353, 76.74229936078909 ], [ 630.699628906228213, 72.618662997152725 ], [ 632.761447088046452, 67.721844815334549 ], [ 633.792356178955515, 64.886844815334541 ], [ 636.369628906228172, 62.30957208806182 ], [ 639.462356178955474, 60.763208451698183 ], [ 647.194174360773673, 59.732299360789092 ], [ 649.255992542591912, 60.247753906243638 ], [ 652.3487198153191, 61.794117542607275 ], [ 654.41053799713734, 62.30957208806182 ], [ 656.730083451682731, 60.763208451698183 ], [ 658.534174360773704, 58.443662997152728 ], [ 658.534174360773704, 55.86639026988 ], [ 657.503265269864642, 52.000481178970908 ], [ 656.214628906228199, 48.392299360789089 ], [ 654.41053799713734, 45.041844815334542 ], [ 653.121901633501011, 43.753208451698178 ], [ 650.286901633500975, 42.722299360789087 ], [ 647.194174360773673, 41.691390269879996 ], [ 643.585992542591839, 39.629572088061813 ], [ 642.297356178955511, 37.052299360789092 ], [ 642.297356178955511, 34.475026633516364 ], [ 644.874628906228281, 31.897753906243636 ], [ 651.575537997137303, 29.835935724425454 ], [ 653.637356178955542, 29.320481178970908 ], [ 654.152810724410074, 28.805026633516363 ], [ 653.895083451682808, 27.000935724425453 ], [ 651.833265269864569, 23.650481178970907 ], [ 648.225083451682735, 17.465026633516359 ], [ 648.225083451682735, 11.279572088061812 ], [ 648.74053799713738, 5.86729936078909 ], [ 649.255992542591912, -4.441791548301822 ], [ 650.029174360773709, -9.338609730120012 ], [ 650.286901633500975, -15.524064275574545 ], [ 644.101447088046598, -41.039064275574553 ], [ 641.524174360773827, -53.152246093756375 ], [ 640.75099254259203, -64.749973366483644 ], [ 638.946901633501056, -70.419973366483646 ], [ 636.627356178955665, -78.15179154830183 ], [ 634.30781072441016, -88.460882457392742 ], [ 630.957356178955706, -94.646337002847289 ], [ 627.349174360773759, -99.800882457392746 ], [ 624.514174360773836, -103.92451882102911 ], [ 620.648265269864737, -105.986337002847293 ], [ 617.297810724410169, -105.986337002847293 ], [ 613.174174360773804, -105.728609730120013 ], [ 606.988719815319314, -105.728609730120013 ], [ 600.80326526986471, -105.470882457392747 ], [ 593.586901633501157, -103.92451882102911 ], [ 586.0, -101.862700639210914 ] ] ] ] } },
{ "type": "Feature", "properties": { "visible": 1, "color": -32768, "chunks": [ ], "minimapNameVisible": 1, "personal": 0, "announceInChat": 0, "mode": "Vertex", "fullscreenVisible": 1, "announceInTitle": 0, "id": "8657bdb9-971d-4677-a837-4f6211bc4cf6", "name2": "8ha 36a 78ca", "fullscreenNameVisible": 1, "dimension": "minecraft:overworld", "name1": "15.IX.", "minimapVisible": 1, "fullscreenOwnerVisible": 0, "minimapOwnerVisible": 0, "fid": 49, "TYPE": "IX", "SSTYPE": null, "SPECIES": "minecraft:water", "SURF": null, "PARFOR": "15" }, "geometry": { "type": "MultiPolygon", "coordinates": [ [ [ [ 586.0, 264.146143955709533 ], [ 588.818947088046684, 263.465708451698276 ], [ 590.494174360773968, 262.821390269880055 ], [ 591.525083451683031, 261.275026633516404 ], [ 593.458037997137467, 256.764799360789084 ], [ 593.329174360773777, 254.058662997152737 ], [ 592.813719815319246, 251.094799360789096 ], [ 593.200310724410201, 246.455708451698172 ], [ 595.133265269864751, 241.945481178970908 ], [ 596.808492542592035, 238.595026633516369 ], [ 598.097128906228363, 233.182753906243647 ], [ 597.968265269864787, 230.090026633516345 ], [ 597.968265269864787, 226.48184481533454 ], [ 598.225992542592053, 221.842753906243615 ], [ 598.354856178955629, 216.559344815334555 ], [ 598.354856178955629, 213.337753906243648 ], [ 597.839401633500984, 210.760481178970906 ], [ 595.777583451682858, 207.667753906243632 ], [ 593.973492542591998, 205.219344815334551 ], [ 592.040537997137449, 203.415253906243635 ], [ 590.236447088046475, 201.611162997152718 ], [ 587.916901633501084, 198.260708451698179 ], [ 588.818947088046457, 194.008208451698181 ], [ 589.592128906228254, 189.497981178970917 ], [ 589.849856178955633, 187.178435724425469 ], [ 590.365310724410165, 185.760935724425451 ], [ 592.42712890622829, 182.152753906243646 ], [ 593.329174360773777, 180.090935724425464 ], [ 593.458037997137467, 175.838435724425437 ], [ 593.071447088046511, 174.420935724425448 ], [ 592.55599254259198, 172.359117542607265 ], [ 591.396219815319228, 170.812753906243643 ], [ 590.236447088046589, 167.977753906243635 ], [ 590.236447088046589, 165.915935724425452 ], [ 590.236447088046589, 163.467526633516343 ], [ 589.978719815319209, 161.534572088061822 ], [ 589.076674360773836, 160.374799360789098 ], [ 588.174628906228349, 158.570708451698181 ], [ 588.174628906228349, 156.508890269879998 ], [ 588.303492542592039, 154.704799360789082 ], [ 588.947810724410147, 152.642981178970899 ], [ 589.720992542591944, 150.581162997152717 ], [ 590.75190163350112, 149.807981178970891 ], [ 592.169401633501025, 149.936844815334553 ], [ 594.231219815319264, 151.225481178970909 ], [ 595.648719815319282, 151.354344815334542 ], [ 597.839401633501097, 150.838890269879982 ], [ 598.612583451682895, 150.581162997152717 ], [ 598.612583451682895, 148.648208451698167 ], [ 598.097128906228363, 147.101844815334545 ], [ 596.808492542591921, 145.555481178970894 ], [ 595.262128906228327, 143.751390269880005 ], [ 593.844628906228309, 141.174117542607263 ], [ 595.390992542591903, 138.0 ], [ 586.0, 138.0 ], [ 586.0, 264.146143955709533 ] ] ] ] } },
{ "type": "Feature", "properties": { "visible": 1, "color": -32768, "chunks": [ ], "minimapNameVisible": 1, "personal": 0, "announceInChat": 0, "mode": "Vertex", "fullscreenVisible": 1, "announceInTitle": 0, "id": "044fa54a-1c36-4f97-8b9b-5dc4947322d8", "name2": "7ha 63a 75ca", "fullscreenNameVisible": 1, "dimension": "minecraft:overworld", "name1": "21.IX.", "minimapVisible": 1, "fullscreenOwnerVisible": 0, "minimapOwnerVisible": 0, "fid": 27, "TYPE": "IX", "SSTYPE": null, "SPECIES": "minecraft:water", "SURF": null, "PARFOR": "21" }, "geometry": { "type": "MultiPolygon", "coordinates": [ [ [ [ 537.917810724410174, 250.97743644511317 ], [ 537.917810724410174, 252.512299360789115 ], [ 538.17553799713744, 256.635935724425508 ], [ 538.690992542591971, 260.372981178970917 ], [ 539.464174360773768, 264.625481178970972 ], [ 539.850765269864723, 269.135708451698235 ], [ 539.850765269864723, 271.841844815334582 ], [ 540.237356178955565, 275.321162997152783 ], [ 540.881674360773786, 276.09434481533458 ], [ 542.55690163350107, 276.609799360789168 ], [ 544.876447088046461, 275.965481178970947 ], [ 546.809401633501011, 274.419117542607296 ], [ 547.453719815319232, 273.517072088061866 ], [ 547.969174360773764, 271.068662997152785 ], [ 548.613492542591985, 268.104799360789116 ], [ 549.515537997137471, 265.398662997152769 ], [ 550.67531072441011, 262.177072088061834 ], [ 552.350537997137394, 259.213208451698222 ], [ 553.123719815319305, 256.764799360789084 ], [ 553.510310724410147, 254.18752663351637 ], [ 553.896901633501102, 251.610253906243656 ], [ 554.927810724410165, 249.80616299715274 ], [ 556.216447088046493, 248.775253906243648 ], [ 557.762810724410201, 249.419572088061841 ], [ 558.278265269864733, 250.965935724425464 ], [ 559.309174360773795, 255.733890269880021 ], [ 558.922583451682954, 259.728662997152753 ], [ 558.922583451682954, 262.305935724425467 ], [ 559.309174360773795, 266.042981178970933 ], [ 560.468947088046548, 271.841844815334582 ], [ 561.242128906228345, 275.578890269880048 ], [ 561.370992542592035, 279.831390269880046 ], [ 562.788492542592053, 283.826162997152778 ], [ 563.819401633501116, 286.145708451698226 ], [ 566.010083451682931, 289.367299360789161 ], [ 568.071901633501056, 292.717753906243729 ], [ 568.071901633501056, 295.295026633516443 ], [ 567.040992542591994, 295.681617542607341 ], [ 564.979174360773868, 295.939344815334607 ], [ 562.659628906228363, 297.227981178970992 ], [ 563.175083451682895, 299.032072088061909 ], [ 564.979174360773868, 300.836162997152826 ], [ 566.010083451682931, 302.640253906243743 ], [ 568.071901633501056, 302.51139026988011 ], [ 569.231674360773809, 300.707299360789193 ], [ 570.649174360773827, 298.258890269880112 ], [ 574.386219815319237, 295.423890269880133 ], [ 575.545992542591989, 294.392981178971013 ], [ 576.19031072441021, 292.975481178971052 ], [ 576.963492542592007, 290.269344815334648 ], [ 579.154174360773936, 284.857072088061898 ], [ 580.700537997137531, 283.826162997152835 ], [ 581.344856178955752, 283.43957208806188 ], [ 582.76235617895577, 280.346844815334634 ], [ 582.63349254259208, 278.800481178970983 ], [ 582.504628906228504, 277.640708451698288 ], [ 582.118037997137549, 275.965481178971004 ], [ 583.664401633501143, 274.161390269880087 ], [ 584.308719815319364, 271.326390269880051 ], [ 584.437583451683054, 269.522299360789191 ], [ 584.437583451683054, 266.300708451698256 ], [ 586.0, 264.146143955709533 ], [ 586.0, 243.0 ], [ 556.0, 243.0 ], [ 537.917810724410174, 250.97743644511317 ] ] ] ] } },
{ "type": "Feature", "properties": { "visible": 1, "color": -32768, "chunks": [ ], "minimapNameVisible": 1, "personal": 0, "announceInChat": 0, "mode": "Vertex", "fullscreenVisible": 1, "announceInTitle": 0, "id": "185782fd-d4a1-461f-ba94-a1aa26f4e43b", "name2": "6ha 78a 09ca", "fullscreenNameVisible": 1, "dimension": "minecraft:overworld", "name1": "20.V.3", "minimapVisible": 1, "fullscreenOwnerVisible": 0, "minimapOwnerVisible": 0, "fid": 36, "TYPE": "V", "SSTYPE": "3", "SPECIES": "dynamictrees:birch", "SURF": null, "PARFOR": "20" }, "geometry": { "type": "MultiPolygon", "coordinates": [ [ [ [ 537.917810724410174, 250.97743644511317 ], [ 537.917810724410174, 242.847526633516367 ], [ 538.17553799713744, 236.146617542607288 ], [ 538.17553799713744, 229.703435724425447 ], [ 539.721901633501034, 223.904572088061798 ], [ 540.752810724410097, 217.847981178970883 ], [ 541.912583451682849, 210.631617542607216 ], [ 543.587810724410133, 205.348208451698127 ], [ 544.618719815319196, 200.322526633516304 ], [ 545.778492542591948, 195.554572088061747 ], [ 546.938265269864701, 190.657753906243556 ], [ 547.840310724410074, 185.245481178970806 ], [ 548.87121981531925, 181.637299360789001 ], [ 549.515537997137358, 176.482753906243545 ], [ 549.773265269864623, 173.905481178970803 ], [ 551.061901633501066, 171.84366299715262 ], [ 552.479401633501084, 170.297299360788969 ], [ 557.762810724410201, 171.199344815334427 ], [ 558.793719815319264, 172.745708451698079 ], [ 560.726674360773814, 173.905481178970803 ], [ 563.303947088046471, 174.420935724425334 ], [ 564.979174360773754, 172.101390269879886 ], [ 566.010083451682931, 168.879799360788979 ], [ 566.138947088046507, 165.271617542607146 ], [ 566.525537997137462, 161.019117542607148 ], [ 565.752356178955665, 157.797526633516213 ], [ 563.819401633501116, 158.957299360788937 ], [ 563.303947088046584, 160.761390269879854 ], [ 563.175083451682895, 162.952072088061669 ], [ 562.659628906228363, 164.498435724425292 ], [ 560.597810724410238, 166.560253906243503 ], [ 560.082356178955706, 166.560253906243503 ], [ 559.05144708804653, 166.302526633516209 ], [ 557.505083451682935, 165.013890269879852 ], [ 556.087583451682917, 163.596390269879862 ], [ 554.927810724410165, 161.01911754260712 ], [ 554.541219815319323, 156.251162997152562 ], [ 554.541219815319323, 152.385253906243463 ], [ 555.443265269864696, 147.488435724425273 ], [ 555.18553799713743, 143.880253906243468 ], [ 552.865992542592039, 139.498890269879809 ], [ 548.742356178955674, 132.28252663351617 ], [ 547.711447088046498, 129.705253906243428 ], [ 547.582583451682808, 126.870253906243448 ], [ 547.195992542591853, 122.360026633516171 ], [ 546.0362198153191, 115.916844815334343 ], [ 545.778492542591835, 110.117981178970695 ], [ 545.778492542591835, 104.834572088061591 ], [ 545.778492542591835, 100.968662997152492 ], [ 547.067128906228277, 80.09275390624336 ], [ 548.613492542591985, 75.582526633516082 ], [ 549.773265269864737, 72.360935724425161 ], [ 550.933037997137376, 70.041390269879713 ], [ 552.737128906228349, 65.273435724425156 ], [ 552.994856178955615, 61.149799360788784 ], [ 552.994856178955615, 56.510708451697866 ], [ 552.350537997137394, 52.258208451697854 ], [ 551.963947088046552, 46.459344815334205 ], [ 552.221674360773704, 42.593435724425092 ], [ 552.479401633501084, 38.212072088061447 ], [ 552.479401633501084, 31.124572088061427 ], [ 551.706219815319287, 24.165935724425047 ], [ 549.386674360773782, 16.434117542606849 ], [ 547.324856178955542, 7.413662997152286 ], [ 545.263037997137417, -0.575882457393185 ], [ 542.943492542591912, -7.276791548302285 ], [ 540.623947088046521, -15.524064275575029 ], [ 538.819856178955547, -23.771337002847773 ], [ 537.015765269864687, -36.399973366484161 ], [ 535.727128906228245, -45.420427911938731 ], [ 536.24258345168289, -52.121337002847838 ], [ 538.562128906228281, -60.110882457393302 ], [ 541.010537997137476, -77.120882457392739 ], [ 538.433265269864705, -76.863155184665459 ], [ 532.763265269864746, -77.120882457392739 ], [ 529.92826526986471, -77.120882457392739 ], [ 522.969628906228309, -76.347700639210913 ], [ 519.103719815319209, -74.285882457392745 ], [ 517.557356178955615, -71.708609730120003 ], [ 517.557356178955615, -68.358155184665463 ], [ 517.557356178955615, -61.65724609375637 ], [ 516.526447088046439, -55.729518821029089 ], [ 514.464628906228313, -45.678155184665442 ], [ 514.464628906228313, -35.62679154830181 ], [ 516.526447088046439, -26.090882457392709 ], [ 520.134628906228272, -22.224973366483624 ], [ 527.608719815319205, -16.812700639210895 ], [ 530.701447088046507, -14.23542791193816 ], [ 531.990083451682835, -8.565427911938166 ], [ 532.505537997137367, 0.712753906243655 ], [ 533.794174360773695, 7.671390269880014 ], [ 537.144628906228263, 15.145481178970925 ], [ 541.010537997137476, 25.712299360789117 ], [ 541.268265269864742, 30.866844815334574 ], [ 539.721901633501147, 41.949117542607297 ], [ 537.144628906228377, 53.031390269880028 ], [ 534.051901633501075, 63.855935724425485 ], [ 529.92826526986471, 73.391844815334579 ], [ 528.381901633501116, 86.535935724425485 ], [ 528.381901633501116, 91.432753906243676 ], [ 528.639628906228381, 103.030481178970945 ], [ 530.185992542592089, 118.751844815334579 ], [ 535.855992542592048, 129.318662997152785 ], [ 541.010537997137476, 134.730935724425478 ], [ 545.134174360773841, 140.400935724425494 ], [ 546.422810724410283, 147.101844815334573 ], [ 546.165083451682904, 156.895481178970954 ], [ 546.165083451682904, 163.338662997152767 ], [ 546.165083451682904, 174.936390269880064 ], [ 544.36099254259193, 183.183662997152794 ], [ 540.75281072441021, 189.369117542607341 ], [ 536.886901633501111, 193.235026633516412 ], [ 530.443719815319241, 198.389572088061868 ], [ 524.515992542592016, 203.028662997152765 ], [ 518.330537997137412, 209.214117542607312 ], [ 515.237810724410224, 214.110935724425531 ], [ 512.660537997137453, 223.646844815334589 ], [ 512.660537997137453, 233.44048117897097 ], [ 513.317248505824296, 260.48078614119305 ], [ 522.0, 258.0 ], [ 537.917810724410174, 250.97743644511317 ] ] ] ] } },
{ "type": "Feature", "properties": { "visible": 1, "color": -32768, "chunks": [ ], "minimapNameVisible": 1, "personal": 0, "announceInChat": 0, "mode": "Vertex", "fullscreenVisible": 1, "announceInTitle": 0, "id": "185782fd-d4a1-461f-ba94-a1aa26f4e43b", "name2": "6ha 78a 09ca", "fullscreenNameVisible": 1, "dimension": "minecraft:overworld", "name1": "20.X.", "minimapVisible": 1, "fullscreenOwnerVisible": 0, "minimapOwnerVisible": 0, "fid": 36, "TYPE": "X", "SSTYPE": null, "SPECIES": "minecraft:dirt", "SURF": null, "PARFOR": "20" }, "geometry": { "type": "MultiPolygon", "coordinates": [ [ [ [ 522.855868532031081, -110.475812898379601 ], [ 522.969628906228309, -76.347700639210913 ], [ 529.92826526986471, -77.120882457392739 ], [ 532.763265269864746, -77.120882457392739 ], [ 538.433265269864705, -76.863155184665459 ], [ 541.010537997137476, -77.120882457392739 ], [ 545.391901633501107, -80.213609730120012 ], [ 550.030992542592003, -83.821791548301832 ], [ 553.896901633501102, -85.883609730120014 ], [ 559.309174360773795, -88.976337002847288 ], [ 565.4946289062284, -92.584518821029107 ], [ 569.87599254259203, -94.646337002847289 ], [ 574.515083451682926, -97.481337002847283 ], [ 586.0, -100.058609730119997 ], [ 586.0, -101.862700639210914 ], [ 586.0, -127.0 ], [ 528.0, -112.0 ], [ 522.855868532031081, -110.475812898379601 ] ] ] ] } },
{ "type": "Feature", "properties": { "visible": 1, "color": -32768, "chunks": [ ], "minimapNameVisible": 1, "personal": 0, "announceInChat": 0, "mode": "Vertex", "fullscreenVisible": 1, "announceInTitle": 0, "id": "0bf595c5-3282-48fa-a164-4bd3a42187e9", "name2": "10ha 71a 91ca", "fullscreenNameVisible": 1, "dimension": "minecraft:overworld", "name1": "16.X.", "minimapVisible": 1, "fullscreenOwnerVisible": 0, "minimapOwnerVisible": 0, "fid": 52, "TYPE": "X", "SSTYPE": null, "SPECIES": "minecraft:grass_block", "SURF": null, "PARFOR": "16" }, "geometry": { "type": "MultiPolygon", "coordinates": [ [ [ [ 624.514174360773836, -103.92451882102911 ], [ 624.869507343414398, -134.698535291577173 ], [ 611.0, -131.0 ], [ 586.0, -127.0 ], [ 586.0, -101.862700639210914 ], [ 593.586901633501157, -103.92451882102911 ], [ 600.80326526986471, -105.470882457392747 ], [ 606.988719815319314, -105.728609730120013 ], [ 613.174174360773804, -105.728609730120013 ], [ 617.297810724410169, -105.986337002847293 ], [ 620.648265269864737, -105.986337002847293 ], [ 624.514174360773836, -103.92451882102911 ] ] ] ] } },
{ "type": "Feature", "properties": { "visible": 1, "color": -32768, "chunks": [ ], "minimapNameVisible": 1, "personal": 0, "announceInChat": 0, "mode": "Vertex", "fullscreenVisible": 1, "announceInTitle": 0, "id": "0bf595c5-3282-48fa-a164-4bd3a42187e9", "name2": "10ha 71a 91ca", "fullscreenNameVisible": 1, "dimension": "minecraft:overworld", "name1": "16.V.4", "minimapVisible": 1, "fullscreenOwnerVisible": 0, "minimapOwnerVisible": 0, "fid": 52, "TYPE": "V", "SSTYPE": "4", "SPECIES": "dynamictrees:birch", "SURF": null, "PARFOR": "16" }, "geometry": { "type": "MultiPolygon", "coordinates": [ [ [ [ 619.617356178955561, 138.0 ], [ 623.096674360773704, 123.390935724425304 ], [ 628.508947088046398, 111.020026633516181 ], [ 630.570765269864637, 105.350026633516165 ], [ 633.40576526986456, 98.649117542607058 ], [ 642.4262198153192, 96.071844815334345 ], [ 647.580765269864628, 95.556390269879785 ], [ 657.889856178955597, 93.752299360788868 ], [ 666.910310724410124, 95.040935724425239 ], [ 679.281219815319218, 97.360481178970701 ], [ 682.889401633501052, 98.391390269879793 ], [ 684.17803799713738, 97.360481178970701 ], [ 689.074856178955656, 94.010026633516148 ], [ 695.002583451682881, 94.010026633516148 ], [ 703.507583451682876, 94.267753906243428 ], [ 711.754856178955606, 91.690481178970686 ], [ 715.878492542592085, 87.566844815334321 ], [ 721.290765269864778, 80.865935724425213 ], [ 727.991674360773914, 75.969117542607023 ], [ 737.527583451682972, 74.165026633516106 ], [ 744.743947088046639, 74.680481178970652 ], [ 747.836674360773941, 73.907299360788841 ], [ 752.991219815319369, 61.794117542606998 ], [ 751.444856178955774, 56.381844815334254 ], [ 751.444856178955774, 50.969572088061518 ], [ 750.929401633501129, 44.268662997152411 ], [ 748.609856178955738, 41.175935724425131 ], [ 741.908947088046602, 32.670935724425114 ], [ 742.166674360773868, 29.320481178970567 ], [ 745.25940163350117, 22.877299360788733 ], [ 749.383037997137535, 16.949572088061444 ], [ 748.609856178955738, 13.083662997152345 ], [ 746.290310724410233, 8.96002663351598 ], [ 743.197583451682931, 3.290026633515964 ], [ 739.847128906228477, -1.864518821029506 ], [ 732.888492542592303, -17.585882457393158 ], [ 729.795765269864887, -23.771337002847716 ], [ 724.898947088046725, -29.441337002847725 ], [ 716.651674360773995, -37.173155184665923 ], [ 709.435310724410328, -41.296791548302295 ], [ 704.280765269864901, -44.131791548302303 ], [ 692.425310724410338, -50.059518821029585 ], [ 685.724401633501202, -52.379064275575047 ], [ 680.82758345168304, -54.956337002847775 ], [ 669.229856178955743, -59.853155184665965 ], [ 660.467128906228481, -61.657246093756882 ], [ 650.415765269864778, -63.461337002847799 ], [ 640.75099254259203, -64.749973366483644 ], [ 641.524174360773827, -53.152246093756375 ], [ 644.101447088046598, -41.039064275574553 ], [ 650.286901633500975, -15.524064275574545 ], [ 650.029174360773709, -9.338609730120012 ], [ 649.255992542591912, -4.441791548301822 ], [ 648.74053799713738, 5.86729936078909 ], [ 648.225083451682735, 11.279572088061812 ], [ 648.225083451682735, 17.465026633516359 ], [ 651.833265269864569, 23.650481178970907 ], [ 653.895083451682808, 27.000935724425453 ], [ 654.152810724410074, 28.805026633516363 ], [ 653.637356178955542, 29.320481178970908 ], [ 651.575537997137303, 29.835935724425454 ], [ 644.874628906228281, 31.897753906243636 ], [ 642.297356178955511, 34.475026633516364 ], [ 642.297356178955511, 37.052299360789092 ], [ 643.585992542591839, 39.629572088061813 ], [ 647.194174360773673, 41.691390269879996 ], [ 650.286901633500975, 42.722299360789087 ], [ 653.121901633501011, 43.753208451698178 ], [ 654.41053799713734, 45.041844815334542 ], [ 656.214628906228199, 48.392299360789089 ], [ 657.503265269864642, 52.000481178970908 ], [ 658.534174360773704, 55.86639026988 ], [ 658.534174360773704, 58.443662997152728 ], [ 656.730083451682731, 60.763208451698183 ], [ 654.41053799713734, 62.30957208806182 ], [ 652.3487198153191, 61.794117542607275 ], [ 649.255992542591912, 60.247753906243638 ], [ 647.194174360773673, 59.732299360789092 ], [ 639.462356178955474, 60.763208451698183 ], [ 636.369628906228172, 62.30957208806182 ], [ 633.792356178955515, 64.886844815334541 ], [ 632.761447088046452, 67.721844815334549 ], [ 630.699628906228213, 72.618662997152725 ], [ 628.895537997137353, 76.74229936078909 ], [ 624.771901633500988, 78.546390269880007 ], [ 621.421447088046421, 80.092753906243644 ], [ 617.555537997137321, 83.185481178970917 ], [ 614.462810724410019, 88.340026633516374 ], [ 611.370083451682831, 96.329572088061823 ], [ 609.823719815319123, 100.710935724425468 ], [ 609.050537997137326, 105.350026633516364 ], [ 606.730992542591935, 112.566390269880003 ], [ 604.926901633500961, 115.659117542607277 ], [ 600.803265269864596, 122.10229936078909 ], [ 598.741447088046471, 126.741390269880014 ], [ 596.421901633500966, 132.153662997152736 ], [ 595.390992542591903, 138.0 ], [ 619.617356178955561, 138.0 ] ] ] ] } },
{ "type": "Feature", "properties": { "visible": 1, "color": -32768, "chunks": [ ], "minimapNameVisible": 1, "personal": 0, "announceInChat": 0, "mode": "Vertex", "fullscreenVisible": 1, "announceInTitle": 0, "id": "10150082-63d5-46c2-a75f-d741bd94fe24", "name2": "12ha 32a 29ca", "fullscreenNameVisible": 1, "dimension": "minecraft:overworld", "name1": "34.X.", "minimapVisible": 1, "fullscreenOwnerVisible": 0, "minimapOwnerVisible": 0, "fid": 17, "TYPE": "X", "SSTYPE": null, "SPECIES": "minecraft:fire", "SURF": null, "PARFOR": "34" }, "geometry": { "type": "MultiPolygon", "coordinates": [ [ [ [ 384.441644259875943, -410.588101640035461 ], [ 384.483731079919153, -145.483222188432364 ], [ 384.505239529701669, -10.001497008486197 ], [ 388.0, -11.0 ], [ 391.0, -13.0 ], [ 390.0, -409.0 ], [ 384.441644259875943, -410.588101640035461 ] ] ] ] } },
{ "type": "Feature", "properties": { "visible": 1, "color": -32768, "chunks": [ ], "minimapNameVisible": 1, "personal": 0, "announceInChat": 0, "mode": "Vertex", "fullscreenVisible": 1, "announceInTitle": 0, "id": "10150082-63d5-46c2-a75f-d741bd94fe24", "name2": "12ha 32a 29ca", "fullscreenNameVisible": 1, "dimension": "minecraft:overworld", "name1": "34.III.4", "minimapVisible": 1, "fullscreenOwnerVisible": 0, "minimapOwnerVisible": 0, "fid": 17, "TYPE": "III", "SSTYPE": "4", "SPECIES": "dtbwg:fir", "SURF": null, "PARFOR": "34" }, "geometry": { "type": "MultiPolygon", "coordinates": [ [ [ [ 384.483731079919153, -145.483222188432364 ], [ 379.351106178954183, -143.163496093757715 ], [ 368.526560724408739, -132.467814275575876 ], [ 368.463627370338315, -6.978706259116686 ], [ 374.0, -7.0 ], [ 384.505239529701669, -10.001497008486197 ], [ 384.483731079919153, -145.483222188432364 ] ] ] ] } },
{ "type": "Feature", "properties": { "visible": 1, "color": -32768, "chunks": [ ], "minimapNameVisible": 1, "personal": 0, "announceInChat": 0, "mode": "Vertex", "fullscreenVisible": 1, "announceInTitle": 0, "id": "011d4983-4972-4a29-91ae-0421bfe1b056", "name2": "10ha 11a 66ca", "fullscreenNameVisible": 1, "dimension": "minecraft:overworld", "name1": "6.VI.", "minimapVisible": 1, "fullscreenOwnerVisible": 0, "minimapOwnerVisible": 0, "fid": 47, "TYPE": "VI", "SSTYPE": null, "SPECIES": "dynamictrees:oak", "SURF": null, "PARFOR": "6" }, "geometry": { "type": "MultiPolygon", "coordinates": [ [ [ [ 1367.881610503190586, 352.0 ], [ 1368.102533452209627, 532.935895246586369 ], [ 1383.0, 534.0 ], [ 1414.0, 537.0 ], [ 1442.0, 538.0 ], [ 1454.0, 540.0 ], [ 1469.0, 544.0 ], [ 1488.0, 548.0 ], [ 1509.0, 550.0 ], [ 1521.0, 554.0 ], [ 1537.0, 558.0 ], [ 1537.0, 352.0 ], [ 1367.881610503190586, 352.0 ] ] ] ] } },
{ "type": "Feature", "properties": { "visible": 1, "color": -32768, "chunks": [ ], "minimapNameVisible": 1, "personal": 0, "announceInChat": 0, "mode": "Vertex", "fullscreenVisible": 1, "announceInTitle": 0, "id": "c44c1eab-18af-414d-9ffe-b2916a7faa75", "name2": "7ha 05a 96ca", "fullscreenNameVisible": 1, "dimension": "minecraft:overworld", "name1": "3.I.5", "minimapVisible": 1, "fullscreenOwnerVisible": 0, "minimapOwnerVisible": 0, "fid": 33, "TYPE": "I", "SSTYPE": "5", "SPECIES": "dynamictrees:oak", "SURF": null, "PARFOR": "3" }, "geometry": { "type": "MultiPolygon", "coordinates": [ [ [ [ 1129.445140980095402, -284.0 ], [ 1129.595197088046461, -283.624859730122466 ], [ 1131.141560724410056, -277.439405184667919 ], [ 1133.203378906228409, -272.284859730122434 ], [ 1134.234287997137699, -267.903496093758804 ], [ 1135.780651633501293, -264.810768821031502 ], [ 1137.842469815319646, -260.429405184667871 ], [ 1137.842469815319646, -255.017132457395178 ], [ 1137.842469815319646, -248.831677911940602 ], [ 1136.811560724410356, -246.512132457395126 ], [ 1135.522924360774141, -244.708041548304237 ], [ 1131.14156072441051, -240.584405184667844 ], [ 1127.017924360774032, -237.749405184667864 ], [ 1126.76019708804688, -234.914405184667856 ], [ 1127.017924360774032, -231.306223366486023 ], [ 1130.110651633501448, -226.409405184667833 ], [ 1132.945651633501257, -219.708496093758754 ], [ 1131.657015269865042, -216.358041548304186 ], [ 1129.079742542592157, -214.038496093758738 ], [ 1129.079742542592157, -211.20349609375873 ], [ 1131.14156072441051, -206.564405184667805 ], [ 1135.00746981531961, -201.409859730122349 ], [ 1140.419742542592303, -195.997587002849599 ], [ 1145.574287997137617, -191.100768821031409 ], [ 1149.440197088046716, -187.492587002849604 ], [ 1153.821560724410574, -180.276223366485937 ], [ 1154.594742542592257, -177.441223366485929 ], [ 1157.945197088046825, -172.544405184667767 ], [ 1160.264742542592103, -167.132132457394988 ], [ 1166.006730822888358, -161.889447505820101 ], [ 1166.192469815319328, -161.719859730122266 ], [ 1170.058378906228427, -158.111677911940433 ], [ 1173.666560724410147, -154.761223366485865 ], [ 1176.759287997137562, -151.15304154830406 ], [ 1178.821106178955688, -145.74076882103131 ], [ 1178.821106178955688, -142.39031427557677 ], [ 1175.986106178955652, -137.235768821031314 ], [ 1171.8624698153194, -132.59667791194039 ], [ 1168.769742542591985, -127.442132457394933 ], [ 1171.604742542592021, -123.8339506392131 ], [ 1179.078833451683067, -120.998950639213092 ], [ 1183.202469815319319, -120.998950639213092 ], [ 1191.192015269864896, -122.287587002849463 ], [ 1196.088833451683058, -124.864859730122191 ], [ 1204.59383345168294, -132.338950639213124 ], [ 1207.686560724410356, -136.462587002849489 ], [ 1209.23292436077395, -141.359405184667679 ], [ 1211.552469815319455, -148.575768821031318 ], [ 1212.84110617895567, -153.472587002849508 ], [ 1213.098833451683049, -157.853950639213167 ], [ 1214.129742542592112, -161.719859730122266 ], [ 1217.737924360773832, -166.358950639213163 ], [ 1220.057469815319337, -168.936223366485905 ], [ 1222.634742542592221, -172.286677911940444 ], [ 1226.50065163350132, -184.657587002849567 ], [ 1227.531560724410383, -191.100768821031409 ], [ 1228.304742542592294, -199.605768821031404 ], [ 1229.593378906228509, -207.595314275576868 ], [ 1231.912924360774014, -214.03849609375871 ], [ 1235.521106178955961, -227.955768821031455 ], [ 1235.521106178955961, -236.97622336648601 ], [ 1235.521106178955961, -244.450314275576943 ], [ 1237.067469815319555, -251.408950639213316 ], [ 1237.067469815319555, -260.687132457395137 ], [ 1239.55495078408444, -278.0 ], [ 1206.0, -278.0 ], [ 1185.0, -280.0 ], [ 1169.0, -284.0 ], [ 1129.445140980095402, -284.0 ] ] ] ] } },
{ "type": "Feature", "properties": { "visible": 1, "color": -32768, "chunks": [ ], "minimapNameVisible": 1, "personal": 0, "announceInChat": 0, "mode": "Vertex", "fullscreenVisible": 1, "announceInTitle": 0, "id": "c44c1eab-18af-414d-9ffe-b2916a7faa75", "name2": "7ha 05a 96ca", "fullscreenNameVisible": 1, "dimension": "minecraft:overworld", "name1": "3.II.6", "minimapVisible": 1, "fullscreenOwnerVisible": 0, "minimapOwnerVisible": 0, "fid": 33, "TYPE": "II", "SSTYPE": "6", "SPECIES": "dynamictrees:oak", "SURF": null, "PARFOR": "3" }, "geometry": { "type": "MultiPolygon", "coordinates": [ [ [ [ 972.795758804998627, -154.608577223565163 ], [ 1009.494287997138031, -152.699405184667711 ], [ 1025.988833451683604, -152.699405184667711 ], [ 1034.236106178956334, -156.04985973012225 ], [ 1038.617469815319964, -157.08076882103137 ], [ 1044.029742542592658, -160.431223366485909 ], [ 1048.668833451683668, -164.554859730122274 ], [ 1050.988378906229173, -169.451677911940465 ], [ 1054.596560724410892, -175.894859730122278 ], [ 1058.977924360774523, -182.595768821031413 ], [ 1065.678833451683658, -186.461677911940512 ], [ 1073.668378906229009, -189.296677911940492 ], [ 1077.276560724410956, -186.203950639213218 ], [ 1091.451560724411138, -189.554405184667729 ], [ 1094.028833451683795, -189.554405184667729 ], [ 1100.472015269865551, -189.554405184667729 ], [ 1110.523378906229254, -185.946223366485896 ], [ 1114.904742542592885, -182.338041548304091 ], [ 1120.059287997138426, -179.245314275576789 ], [ 1122.636560724411083, -177.4412233664859 ], [ 1124.956106178956588, -176.152587002849543 ], [ 1125.729287997138272, -173.575314275576773 ], [ 1127.791106178956397, -168.936223366485876 ], [ 1132.945651633501939, -164.554859730122246 ], [ 1143.254742542592794, -162.750768821031329 ], [ 1155.110197088047471, -161.462132457394944 ], [ 1166.006730822888358, -161.889447505820101 ], [ 1160.264742542592103, -167.132132457394988 ], [ 1157.945197088046825, -172.544405184667767 ], [ 1154.594742542592257, -177.441223366485929 ], [ 1153.821560724410574, -180.276223366485937 ], [ 1149.440197088046716, -187.492587002849604 ], [ 1145.574287997137617, -191.100768821031409 ], [ 1140.419742542592303, -195.997587002849599 ], [ 1135.00746981531961, -201.409859730122349 ], [ 1131.14156072441051, -206.564405184667805 ], [ 1129.079742542592157, -211.20349609375873 ], [ 1129.079742542592157, -214.038496093758738 ], [ 1131.657015269865042, -216.358041548304186 ], [ 1132.945651633501257, -219.708496093758754 ], [ 1130.110651633501448, -226.409405184667833 ], [ 1127.017924360774032, -231.306223366486023 ], [ 1126.76019708804688, -234.914405184667856 ], [ 1127.017924360774032, -237.749405184667864 ], [ 1131.14156072441051, -240.584405184667844 ], [ 1135.522924360774141, -244.708041548304237 ], [ 1136.811560724410356, -246.512132457395126 ], [ 1137.842469815319646, -248.831677911940602 ], [ 1137.842469815319646, -255.017132457395178 ], [ 1137.842469815319646, -260.429405184667871 ], [ 1135.780651633501293, -264.810768821031502 ], [ 1134.234287997137699, -267.903496093758804 ], [ 1133.203378906228409, -272.284859730122434 ], [ 1131.141560724410056, -277.439405184667919 ], [ 1129.595197088046461, -283.624859730122466 ], [ 1129.445140980095402, -284.0 ], [ 1120.0, -284.0 ], [ 1094.0, -283.0 ], [ 1063.0, -281.0 ], [ 1042.0, -261.0 ], [ 1038.0, -251.0 ], [ 1037.0, -202.0 ], [ 1023.0, -180.0 ], [ 1002.0, -170.0 ], [ 984.0, -165.0 ], [ 975.0, -165.0 ], [ 972.795758804998627, -154.608577223565163 ] ] ] ] } },
{ "type": "Feature", "properties": { "visible": 1, "color": -32768, "chunks": [ ], "minimapNameVisible": 1, "personal": 0, "announceInChat": 0, "mode": "Vertex", "fullscreenVisible": 1, "announceInTitle": 0, "id": "a6b1cfb8-a5f1-4800-a1e7-700a4410297c", "name2": "9ha 90a 84ca", "fullscreenNameVisible": 1, "dimension": "minecraft:overworld", "name1": "4.I.6", "minimapVisible": 1, "fullscreenOwnerVisible": 0, "minimapOwnerVisible": 0, "fid": 46, "TYPE": "I", "SSTYPE": "6", "SPECIES": "dynamictrees:oak", "SURF": null, "PARFOR": "4" }, "geometry": { "type": "MultiPolygon", "coordinates": [ [ [ [ 991.195651633502393, 128.223322088060627 ], [ 1002.02019708804778, 128.223322088060627 ], [ 1013.617924360775078, 126.41923117896971 ], [ 1021.09201526986601, 125.903776633515179 ], [ 1054.338833451684195, 121.00695845169696 ], [ 1075.472469815320437, 120.74923117896968 ], [ 1081.14246981532051, 120.74923117896968 ], [ 1091.709287997138745, 120.233776633515134 ], [ 1095.575197088047844, 119.460594815333309 ], [ 1105.111106178957016, 116.110140269878769 ], [ 1112.069742542593303, 111.728776633515125 ], [ 1116.966560724411465, 105.543322088060563 ], [ 1117.482015269865997, 100.388776633515107 ], [ 1118.770651633502439, 95.491958451696917 ], [ 1123.15201526986607, 88.79104936078781 ], [ 1130.110651633502357, 82.863322088060528 ], [ 1135.265197088047898, 79.770594815333254 ], [ 1139.646560724411756, 77.966503906242338 ], [ 1151.502015269866433, 76.420140269878701 ], [ 1158.976106178957252, 75.389231178969595 ], [ 1168.769742542593804, 73.327412997151413 ], [ 1178.821106178957507, 70.234685724424139 ], [ 1186.552924360775705, 67.657412997151411 ], [ 1201.501106178957343, 67.657412997151411 ], [ 1209.490651633502921, 69.203776633515048 ], [ 1219.284287997139245, 71.007867542605965 ], [ 1232.428378906230137, 71.52332208806051 ], [ 1244.026106178957434, 70.234685724424139 ], [ 1248.0, 69.198017771108695 ], [ 1248.0, 47.137729640141259 ], [ 1248.0, -7.0 ], [ 942.0, -7.0 ], [ 945.0, 10.0 ], [ 953.272913338658213, 30.601188099041394 ], [ 966.0, 62.0 ], [ 973.0, 86.0 ], [ 980.0, 111.0 ], [ 983.143393942143575, 127.974327287575775 ], [ 983.189504090381547, 128.223322088060627 ], [ 983.765880943355683, 128.223322088060627 ], [ 991.195651633502393, 128.223322088060627 ] ] ] ] } },
{ "type": "Feature", "properties": { "visible": 1, "color": -32768, "chunks": [ ], "minimapNameVisible": 1, "personal": 0, "announceInChat": 0, "mode": "Vertex", "fullscreenVisible": 1, "announceInTitle": 0, "id": "6cf36c71-0959-4f9c-9e9e-db7fa975a7a3", "name2": "10ha 37a 51ca", "fullscreenNameVisible": 1, "dimension": "minecraft:overworld", "name1": "5.V.1", "minimapVisible": 1, "fullscreenOwnerVisible": 0, "minimapOwnerVisible": 0, "fid": 41, "TYPE": "V", "SSTYPE": "1", "SPECIES": "dynamictrees:acacia", "SURF": null, "PARFOR": "5" }, "geometry": { "type": "MultiPolygon", "coordinates": [ [ [ [ 1248.0, 47.137729640141259 ], [ 1252.788833451684468, 46.523776633515034 ], [ 1261.809287997139108, 46.008322088060488 ], [ 1275.984287997139063, 46.008322088060488 ], [ 1284.489287997139172, 46.008322088060488 ], [ 1298.406560724411975, 47.812412997151398 ], [ 1306.138378906230173, 49.616503906242315 ], [ 1314.385651633502903, 49.616503906242315 ], [ 1319.797924360775596, 48.327867542605944 ], [ 1326.241106178957352, 44.977412997151397 ], [ 1329.333833451684768, 43.173322088060488 ], [ 1332.426560724411956, 37.503322088060479 ], [ 1332.426560724411956, 30.802412997151372 ], [ 1329.333833451684768, 22.039685724424089 ], [ 1328.560651633502857, 13.534685724424079 ], [ 1328.560651633502857, 2.194685724424062 ], [ 1329.59156072441192, -6.825768821030508 ], [ 1329.612302531432078, -7.0 ], [ 1248.0, -7.0 ], [ 1248.0, 47.137729640141259 ] ] ] ] } },
{ "type": "Feature", "properties": { "visible": 1, "color": -32768, "chunks": [ ], "minimapNameVisible": 1, "personal": 0, "announceInChat": 0, "mode": "Vertex", "fullscreenVisible": 1, "announceInTitle": 0, "id": "6cf36c71-0959-4f9c-9e9e-db7fa975a7a3", "name2": "10ha 37a 51ca", "fullscreenNameVisible": 1, "dimension": "minecraft:overworld", "name1": "5.I.6", "minimapVisible": 1, "fullscreenOwnerVisible": 0, "minimapOwnerVisible": 0, "fid": 41, "TYPE": "I", "SSTYPE": "6", "SPECIES": "dynamictrees:oak", "SURF": null, "PARFOR": "5" }, "geometry": { "type": "MultiPolygon", "coordinates": [ [ [ [ 1329.333833451684768, 43.173322088060488 ], [ 1339.385197088048244, 42.915594815333179 ], [ 1346.08610617895738, 43.431049360787725 ], [ 1351.498378906230073, 44.719685724424089 ], [ 1360.003378906229955, 46.00832208806046 ], [ 1363.611560724411902, 46.523776633515006 ], [ 1367.992924360775532, 46.523776633515006 ], [ 1372.889742542593694, 46.266049360787733 ], [ 1379.59065163350283, 45.750594815333187 ], [ 1384.487469815320992, 44.977412997151362 ], [ 1389.384287997139154, 44.719685724424089 ], [ 1394.023378906230164, 40.596049360787724 ], [ 1395.569742542593758, 33.379685724424078 ], [ 1397.373833451684732, 27.194231178969517 ], [ 1397.631560724411884, 17.916049360787682 ], [ 1401.239742542593831, 6.576049360787664 ], [ 1402.786106178957425, -7.0 ], [ 1367.241910327360756, -7.0 ], [ 1329.612302531432078, -7.0 ], [ 1329.59156072441192, -6.825768821030508 ], [ 1328.560651633502857, 2.194685724424062 ], [ 1328.560651633502857, 13.534685724424079 ], [ 1329.333833451684768, 22.039685724424089 ], [ 1332.426560724411956, 30.802412997151372 ], [ 1332.426560724411956, 37.503322088060479 ], [ 1329.333833451684768, 43.173322088060488 ] ] ] ] } },
{ "type": "Feature", "properties": { "visible": 1, "color": -32768, "chunks": [ ], "minimapNameVisible": 1, "personal": 0, "announceInChat": 0, "mode": "Vertex", "fullscreenVisible": 1, "announceInTitle": 0, "id": "011d4983-4972-4a29-91ae-0421bfe1b056", "name2": "10ha 11a 66ca", "fullscreenNameVisible": 1, "dimension": "minecraft:overworld", "name1": "6.I.7", "minimapVisible": 1, "fullscreenOwnerVisible": 0, "minimapOwnerVisible": 0, "fid": 47, "TYPE": "I", "SSTYPE": "7", "SPECIES": "dynamictrees:oak", "SURF": null, "PARFOR": "6" }, "geometry": { "type": "MultiPolygon", "coordinates": [ [ [ [ 1119.028378906229364, 352.0 ], [ 1119.028378906229364, 360.951049360788147 ], [ 1119.801560724411047, 369.198322088060877 ], [ 1122.636560724411083, 375.126049360788159 ], [ 1125.47156072441112, 379.507412997151789 ], [ 1127.017924360774714, 383.373322088060888 ], [ 1127.017924360774714, 385.692867542606336 ], [ 1122.121106178956552, 388.527867542606316 ], [ 1120.574742542592958, 388.785594815333582 ], [ 1113.61610617895667, 388.785594815333582 ], [ 1107.172924360774687, 388.785594815333582 ], [ 1096.863833451683831, 389.043322088060904 ], [ 1087.585651633502039, 390.847412997151764 ], [ 1080.369287997138372, 391.362867542606296 ], [ 1071.091106178956579, 391.878322088060884 ], [ 1064.390197088047444, 394.971049360788186 ], [ 1076.503378906229273, 400.383322088060879 ], [ 1080.884742542592903, 403.476049360788181 ], [ 1088.616560724411102, 408.888322088060875 ], [ 1094.544287997138326, 413.527412997151828 ], [ 1105.884287997138472, 421.774685724424558 ], [ 1109.492469815320192, 426.929231178969985 ], [ 1113.616106178956443, 434.403322088060918 ], [ 1113.616106178956443, 444.970140269879096 ], [ 1113.616106178956443, 449.351503906242726 ], [ 1113.616106178956443, 454.506049360788154 ], [ 1111.812015269865469, 461.722412997151821 ], [ 1107.688378906229218, 468.4233220880609 ], [ 1104.33792436077465, 471.516049360788202 ], [ 1103.564742542592739, 472.80468572442453 ], [ 1097.894742542592894, 475.639685724424567 ], [ 1091.451560724410911, 477.443776633515427 ], [ 1087.07019708804728, 480.021049360788197 ], [ 1083.46201526986556, 481.567412997151791 ], [ 1079.08065163350193, 483.629231178969974 ], [ 1070.8333789062292, 486.979685724424542 ], [ 1065.421106178956506, 488.526049360788193 ], [ 1061.297469815320028, 488.526049360788193 ], [ 1050.130275050076079, 514.360604414710338 ], [ 1078.0, 516.0 ], [ 1102.0, 519.0 ], [ 1118.0, 520.0 ], [ 1137.0, 522.0 ], [ 1153.0, 523.0 ], [ 1155.36792436077485, 523.0 ], [ 1155.367924360775078, 352.0 ], [ 1119.028378906229364, 352.0 ] ] ] ] } },
{ "type": "Feature", "properties": { "visible": 1, "color": -32768, "chunks": [ ], "minimapNameVisible": 1, "personal": 0, "announceInChat": 0, "mode": "Vertex", "fullscreenVisible": 1, "announceInTitle": 0, "id": "011d4983-4972-4a29-91ae-0421bfe1b056", "name2": "10ha 11a 66ca", "fullscreenNameVisible": 1, "dimension": "minecraft:overworld", "name1": "6.II.4", "minimapVisible": 1, "fullscreenOwnerVisible": 0, "minimapOwnerVisible": 0, "fid": 47, "TYPE": "II", "SSTYPE": "4", "SPECIES": "dynamictrees:oak", "SURF": null, "PARFOR": "6" }, "geometry": { "type": "MultiPolygon", "coordinates": [ [ [ [ 936.504978588737117, 451.980085645051474 ], [ 944.804742542592862, 453.217412997151769 ], [ 954.082924360774769, 454.248322088060888 ], [ 961.814742542592853, 453.217412997151769 ], [ 971.092924360774759, 452.701958451697237 ], [ 978.824742542592958, 454.248322088060888 ], [ 985.783378906229132, 454.506049360788154 ], [ 989.391560724410965, 456.310140269879071 ], [ 995.577015269865569, 460.433776633515436 ], [ 1001.504742542592794, 465.58832208806092 ], [ 1006.659287997138222, 470.227412997151816 ], [ 1017.999287997138254, 475.639685724424567 ], [ 1026.504287997138363, 477.959231178970015 ], [ 1034.236106178956334, 478.990140269879078 ], [ 1041.194742542592849, 480.021049360788197 ], [ 1047.637924360774605, 482.340594815333645 ], [ 1053.823378906229209, 485.175594815333625 ], [ 1061.297469815320028, 488.526049360788193 ], [ 1065.421106178956506, 488.526049360788193 ], [ 1070.8333789062292, 486.979685724424542 ], [ 1079.08065163350193, 483.629231178969974 ], [ 1083.46201526986556, 481.567412997151791 ], [ 1087.07019708804728, 480.021049360788197 ], [ 1091.451560724410911, 477.443776633515427 ], [ 1097.894742542592894, 475.639685724424567 ], [ 1103.564742542592739, 472.80468572442453 ], [ 1104.33792436077465, 471.516049360788202 ], [ 1107.688378906229218, 468.4233220880609 ], [ 1111.812015269865469, 461.722412997151821 ], [ 1113.616106178956443, 454.506049360788154 ], [ 1113.616106178956443, 449.351503906242726 ], [ 1113.616106178956443, 444.970140269879096 ], [ 1113.616106178956443, 434.403322088060918 ], [ 1109.492469815320192, 426.929231178969985 ], [ 1105.884287997138472, 421.774685724424558 ], [ 1094.544287997138326, 413.527412997151828 ], [ 1088.616560724411102, 408.888322088060875 ], [ 1080.884742542592903, 403.476049360788181 ], [ 1076.503378906229273, 400.383322088060879 ], [ 1064.390197088047444, 394.971049360788186 ], [ 1057.431560724411156, 389.558776633515436 ], [ 1048.153378906229136, 381.826958451697237 ], [ 1045.060651633501948, 379.249685724424523 ], [ 1033.205197088047498, 375.383776633515424 ], [ 1028.050651633501957, 374.610594815333627 ], [ 1018.772469815320164, 376.414685724424544 ], [ 1013.102469815320092, 377.703322088060872 ], [ 1009.236560724411106, 378.991958451697258 ], [ 1005.628378906229273, 380.538322088060909 ], [ 990.0, 384.0 ], [ 986.0, 399.0 ], [ 978.0, 409.0 ], [ 971.0, 416.0 ], [ 962.0, 422.5 ], [ 953.0, 429.0 ], [ 944.0, 437.0 ], [ 937.0, 450.0 ], [ 936.504978588737117, 451.980085645051474 ] ] ] ] } },
{ "type": "Feature", "properties": { "visible": 1, "color": -32768, "chunks": [ ], "minimapNameVisible": 1, "personal": 0, "announceInChat": 0, "mode": "Vertex", "fullscreenVisible": 1, "announceInTitle": 0, "id": "011d4983-4972-4a29-91ae-0421bfe1b056", "name2": "10ha 11a 66ca", "fullscreenNameVisible": 1, "dimension": "minecraft:overworld", "name1": "6.I.5", "minimapVisible": 1, "fullscreenOwnerVisible": 0, "minimapOwnerVisible": 0, "fid": 47, "TYPE": "I", "SSTYPE": "5", "SPECIES": "dynamictrees:oak", "SURF": null, "PARFOR": "6" }, "geometry": { "type": "MultiPolygon", "coordinates": [ [ [ [ 1050.130275050076079, 514.360604414710338 ], [ 1061.297469815320028, 488.526049360788193 ], [ 1053.823378906229209, 485.175594815333625 ], [ 1047.637924360774605, 482.340594815333645 ], [ 1041.194742542592849, 480.021049360788197 ], [ 1034.236106178956334, 478.990140269879078 ], [ 1026.504287997138363, 477.959231178970015 ], [ 1017.999287997138254, 475.639685724424567 ], [ 1006.659287997138222, 470.227412997151816 ], [ 1001.504742542592794, 465.58832208806092 ], [ 995.577015269865569, 460.433776633515436 ], [ 989.391560724410965, 456.310140269879071 ], [ 985.783378906229132, 454.506049360788154 ], [ 978.824742542592958, 454.248322088060888 ], [ 971.092924360774759, 452.701958451697237 ], [ 961.814742542592853, 453.217412997151769 ], [ 954.082924360774769, 454.248322088060888 ], [ 944.804742542592862, 453.217412997151769 ], [ 936.504978588737117, 451.980085645051474 ], [ 933.0, 466.0 ], [ 936.0, 499.0 ], [ 949.0, 500.0 ], [ 963.0, 504.0 ], [ 986.0, 509.0 ], [ 1004.0, 512.0 ], [ 1021.0, 514.0 ], [ 1044.0, 514.0 ], [ 1050.130275050076079, 514.360604414710338 ] ] ] ] } },
{ "type": "Feature", "properties": { "visible": 1, "color": -32768, "chunks": [ ], "minimapNameVisible": 1, "personal": 0, "announceInChat": 0, "mode": "Vertex", "fullscreenVisible": 1, "announceInTitle": 0, "id": "011d4983-4972-4a29-91ae-0421bfe1b056", "name2": "10ha 11a 66ca", "fullscreenNameVisible": 1, "dimension": "minecraft:overworld", "name1": "6.I.5", "minimapVisible": 1, "fullscreenOwnerVisible": 0, "minimapOwnerVisible": 0, "fid": 47, "TYPE": "I", "SSTYPE": "5", "SPECIES": "dynamictrees:oak", "SURF": null, "PARFOR": "6" }, "geometry": { "type": "MultiPolygon", "coordinates": [ [ [ [ 1064.390197088047444, 394.971049360788186 ], [ 1071.091106178956579, 391.878322088060884 ], [ 1080.369287997138372, 391.362867542606296 ], [ 1087.585651633502039, 390.847412997151764 ], [ 1096.863833451683831, 389.043322088060904 ], [ 1107.172924360774687, 388.785594815333582 ], [ 1113.61610617895667, 388.785594815333582 ], [ 1120.574742542592958, 388.785594815333582 ], [ 1122.121106178956552, 388.527867542606316 ], [ 1127.017924360774714, 385.692867542606336 ], [ 1127.017924360774714, 383.373322088060888 ], [ 1125.47156072441112, 379.507412997151789 ], [ 1122.636560724411083, 375.126049360788159 ], [ 1119.801560724411047, 369.198322088060877 ], [ 1119.028378906229364, 360.951049360788147 ], [ 1119.028378906229364, 352.0 ], [ 990.0, 352.0 ], [ 990.0, 384.0 ], [ 1005.628378906229273, 380.538322088060909 ], [ 1009.236560724411106, 378.991958451697258 ], [ 1013.102469815320092, 377.703322088060872 ], [ 1018.772469815320164, 376.414685724424544 ], [ 1028.050651633501957, 374.610594815333627 ], [ 1033.205197088047498, 375.383776633515424 ], [ 1045.060651633501948, 379.249685724424523 ], [ 1048.153378906229136, 381.826958451697237 ], [ 1057.431560724411156, 389.558776633515436 ], [ 1064.390197088047444, 394.971049360788186 ] ] ] ] } },
{ "type": "Feature", "properties": { "visible": 1, "color": -32768, "chunks": [ ], "minimapNameVisible": 1, "personal": 0, "announceInChat": 0, "mode": "Vertex", "fullscreenVisible": 1, "announceInTitle": 0, "id": "b105058f-5b57-46b5-a479-6ac730532031", "name2": "7ha 14a 73ca", "fullscreenNameVisible": 1, "dimension": "minecraft:overworld", "name1": "18.I.4", "minimapVisible": 1, "fullscreenOwnerVisible": 0, "minimapOwnerVisible": 0, "fid": 19, "TYPE": "I", "SSTYPE": "4", "SPECIES": "dynamictrees:oak", "SURF": null, "PARFOR": "18" }, "geometry": { "type": "MultiPolygon", "coordinates": [ [ [ [ 836.159523520623111, -159.244677854154304 ], [ 835.721674360773591, -160.399007457394049 ], [ 833.917583451682617, -172.512189275575878 ], [ 833.14440163350082, -183.594462002848616 ], [ 833.14440163350082, -193.388098366484968 ], [ 832.371219815319023, -203.18173473012132 ], [ 831.340310724409846, -211.686734730121316 ], [ 830.309401633500784, -222.511280184666788 ], [ 830.309401633500784, -235.913098366484974 ], [ 825.670310724409887, -247.253098366484977 ], [ 818.45394708804622, -259.108552911939512 ], [ 816.134401633500829, -262.974462002848611 ], [ 814.330310724409856, -268.129007457394096 ], [ 812.583492542591898, -272.496052911939159 ], [ 812.010765269863896, -272.896962002848738 ], [ 808.660310724409328, -275.087643821030554 ], [ 804.536674360772963, -277.793780184666957 ], [ 801.186219815318395, -280.628780184666937 ], [ 798.093492542591093, -284.23696200284877 ], [ 796.804856178954765, -286.16991654830332 ], [ 796.547128906227499, -287.200825639212383 ], [ 793.712128906227576, -288.876052911939667 ], [ 788.428719815318459, -287.587416548303281 ], [ 786.624628906227599, -286.427643821030529 ], [ 781.985537997136703, -285.010143821030567 ], [ 777.475310724409383, -283.592643821030549 ], [ 773.351674360773018, -282.432871093757853 ], [ 769.485765269863919, -281.530825639212367 ], [ 763.429174360773004, -279.855598366485083 ], [ 758.274628906227576, -279.082416548303286 ], [ 754.924174360773009, -277.7937801846669 ], [ 752.089174360772972, -275.216507457394187 ], [ 750.027356178954847, -272.123780184666941 ], [ 748.480992542591252, -268.257871093757842 ], [ 746.032583451682058, -266.582643821030558 ], [ 744.357356178954888, -265.551734730121439 ], [ 742.166674360773072, -264.649689275576009 ], [ 737.785310724409328, -263.489916548303256 ], [ 734.56371981531845, -264.134234730121477 ], [ 731.084401633500306, -265.422871093757806 ], [ 726.316447088045607, -267.484689275575988 ], [ 723.73917436077295, -269.159916548303272 ], [ 716.007356178954751, -272.252643821030574 ], [ 706.986901633500224, -273.799007457394168 ], [ 698.224174360772963, -275.603098366485085 ], [ 689.719174360772968, -274.958780184666921 ], [ 678.508037997136626, -273.541280184666903 ], [ 671.6782652698638, -272.123780184666941 ], [ 666.137128906227531, -271.092871093757822 ], [ 662.400083451682008, -270.190825639212392 ], [ 657.24553799713658, -269.675371093757803 ], [ 652.477583451681994, -269.288780184666905 ], [ 648.482810724409319, -267.613552911939621 ], [ 643.843719815318423, -268.129007457394209 ], [ 641.266447088045652, -268.129007457394209 ], [ 637.787128906227508, -268.257871093757842 ], [ 636.111901633500224, -268.386734730121475 ], [ 631.85940163350017, -269.675371093757803 ], [ 629.410992542591089, -270.706280184666923 ], [ 625.783500548653478, -272.143588333208243 ], [ 625.0, -146.0 ], [ 661.0, -155.0 ], [ 755.0, -159.0 ], [ 815.0, -158.0 ], [ 836.159523520623111, -159.244677854154304 ] ] ] ] } },
{ "type": "Feature", "properties": { "visible": 1, "color": -32768, "chunks": [ ], "minimapNameVisible": 1, "personal": 0, "announceInChat": 0, "mode": "Vertex", "fullscreenVisible": 1, "announceInTitle": 0, "id": "5ec336b6-8617-4116-819a-5e069b3fcc01", "name2": "8ha 70a 57ca", "fullscreenNameVisible": 1, "dimension": "minecraft:overworld", "name1": "17.V.2", "minimapVisible": 1, "fullscreenOwnerVisible": 0, "minimapOwnerVisible": 0, "fid": 28, "TYPE": "V", "SSTYPE": "2", "SPECIES": "dynamictrees:birch", "SURF": null, "PARFOR": "17" }, "geometry": { "type": "MultiPolygon", "coordinates": [ [ [ [ 959.863147941850798, -174.491446746365682 ], [ 960.461674360773486, -179.728552911939516 ], [ 962.781219815318991, -188.491280184666806 ], [ 965.873947088046179, -199.831280184666809 ], [ 968.966674360773482, -206.532189275575888 ], [ 972.574856178955315, -214.006280184666792 ], [ 973.605765269864378, -223.026734730121348 ], [ 971.286219815318987, -235.397643821030414 ], [ 967.420310724409887, -242.614007457394052 ], [ 964.843037997137117, -246.737643821030417 ], [ 962.781219815318991, -255.242643821030413 ], [ 963.812128906228054, -262.459007457394023 ], [ 967.935765269864419, -270.190825639212221 ], [ 971.801674360773518, -274.05673473012132 ], [ 975.152128906228086, -280.242189275575868 ], [ 979.791219815318982, -289.520371093757717 ], [ 982.368492542591639, -294.159462002848613 ], [ 985.461219815318941, -303.17991654830314 ], [ 984.718653547893041, -309.863012955136469 ], [ 983.52826526986405, -308.849916548303327 ], [ 975.280992542591321, -303.308780184666944 ], [ 968.580083451682299, -298.79855291193968 ], [ 965.229628906227731, -295.963552911939701 ], [ 961.492583451682208, -291.968780184666969 ], [ 960.203947088045879, -290.035825639212476 ], [ 953.374174360773168, -285.912189275576111 ], [ 946.286674360773077, -283.721507457394296 ], [ 937.39508345168224, -282.948325639212442 ], [ 926.957128906227695, -282.561734730121543 ], [ 919.611901633500338, -280.499916548303361 ], [ 915.359401633500397, -278.566962002848811 ], [ 909.302810724409483, -276.376280184666996 ], [ 902.473037997136771, -275.087643821030667 ], [ 894.612356178954883, -273.412416548303383 ], [ 885.978492542591312, -271.866052911939732 ], [ 880.823947088045884, -271.350598366485201 ], [ 877.21576526986405, -271.350598366485201 ], [ 869.612810724409428, -272.896962002848852 ], [ 867.164401633500233, -273.541280184666959 ], [ 860.978947088045629, -274.701052911939655 ], [ 856.597583451681999, -273.927871093757858 ], [ 849.896674360772977, -272.252643821030574 ], [ 849.0, -271.781889781624784 ], [ 849.0, -160.0 ], [ 867.0, -163.0 ], [ 952.0, -174.0 ], [ 959.863147941850798, -174.491446746365682 ] ] ] ] } },
{ "type": "Feature", "properties": { "visible": 1, "color": -32768, "chunks": [ ], "minimapNameVisible": 1, "personal": 0, "announceInChat": 0, "mode": "Vertex", "fullscreenVisible": 1, "announceInTitle": 0, "id": "5ec336b6-8617-4116-819a-5e069b3fcc01", "name2": "8ha 70a 57ca", "fullscreenNameVisible": 1, "dimension": "minecraft:overworld", "name1": "17.I.3", "minimapVisible": 1, "fullscreenOwnerVisible": 0, "minimapOwnerVisible": 0, "fid": 28, "TYPE": "I", "SSTYPE": "3", "SPECIES": "dynamictrees:oak", "SURF": null, "PARFOR": "17" }, "geometry": { "type": "MultiPolygon", "coordinates": [ [ [ [ 1134.0, -293.0 ], [ 1176.0, -290.0 ], [ 1196.0, -285.0 ], [ 1245.0, -286.0 ], [ 1246.0, -313.0 ], [ 1244.0, -328.0 ], [ 1236.0, -332.0 ], [ 1219.0, -345.0 ], [ 1190.0, -376.0 ], [ 1172.0, -380.0 ], [ 1165.0, -379.0 ], [ 1162.0, -377.0 ], [ 1153.0, -376.0 ], [ 1135.0, -372.0 ], [ 1137.0, -336.0 ], [ 1137.0, -293.0 ], [ 1134.0, -293.0 ] ] ] ] } },
{ "type": "Feature", "properties": { "visible": 1, "color": -32768, "chunks": [ ], "minimapNameVisible": 1, "personal": 0, "announceInChat": 0, "mode": "Vertex", "fullscreenVisible": 1, "announceInTitle": 0, "id": "5ec336b6-8617-4116-819a-5e069b3fcc01", "name2": "8ha 70a 57ca", "fullscreenNameVisible": 1, "dimension": "minecraft:overworld", "name1": "17.I.3", "minimapVisible": 1, "fullscreenOwnerVisible": 0, "minimapOwnerVisible": 0, "fid": 28, "TYPE": "I", "SSTYPE": "3", "SPECIES": "dynamictrees:oak", "SURF": null, "PARFOR": "17" }, "geometry": { "type": "MultiPolygon", "coordinates": [ [ [ [ 1106.44564578999325, -302.280315835736019 ], [ 1107.623947088046179, -294.674916548303258 ], [ 1107.964334352803917, -291.611431165482884 ], [ 1134.0, -293.0 ], [ 1134.0, -318.0 ], [ 1133.0, -336.0 ], [ 1129.0, -374.0 ], [ 1128.0, -386.0 ], [ 1121.006871861764239, -386.0 ], [ 1120.768037997136844, -375.730143821030538 ], [ 1119.737128906227781, -363.616962002848766 ], [ 1119.865992542591357, -354.467643821030549 ], [ 1119.737128906227781, -339.777189275576006 ], [ 1119.737128906227781, -330.885598366485056 ], [ 1119.737128906227781, -321.865143821030529 ], [ 1119.865992542591357, -316.968325639212367 ], [ 1116.25781072440941, -310.654007457394187 ], [ 1114.711447088045816, -308.463325639212371 ], [ 1112.263037997136735, -306.272643821030556 ], [ 1106.44564578999325, -302.280315835736019 ] ] ] ] } },
{ "type": "Feature", "properties": { "visible": 1, "color": -32768, "chunks": [ ], "minimapNameVisible": 1, "personal": 0, "announceInChat": 0, "mode": "Vertex", "fullscreenVisible": 1, "announceInTitle": 0, "id": "5ec336b6-8617-4116-819a-5e069b3fcc01", "name2": "8ha 70a 57ca", "fullscreenNameVisible": 1, "dimension": "minecraft:overworld", "name1": "17.X.", "minimapVisible": 1, "fullscreenOwnerVisible": 0, "minimapOwnerVisible": 0, "fid": 28, "TYPE": "X", "SSTYPE": null, "SPECIES": "minecraft:dirt", "SURF": null, "PARFOR": "17" }, "geometry": { "type": "MultiPolygon", "coordinates": [ [ [ [ 1066.338861158075133, -301.732363544769555 ], [ 1066.516447088046107, -301.246962002848704 ], [ 1068.32053799713708, -294.159462002848727 ], [ 1069.480310724409719, -291.453325639212323 ], [ 1070.114588313888589, -289.592778043407407 ], [ 1107.964334352803917, -291.611431165482884 ], [ 1107.623947088046179, -294.674916548303258 ], [ 1106.44564578999325, -302.280315835736019 ], [ 1105.690992542591175, -301.762416548303293 ], [ 1100.02099254259133, -300.473780184666907 ], [ 1095.510765269863896, -299.829462002848743 ], [ 1089.583037997136671, -299.70059836648511 ], [ 1083.655310724409446, -299.056280184666889 ], [ 1077.856447088045797, -299.056280184666889 ], [ 1073.990537997136698, -299.571734730121477 ], [ 1069.351447088045688, -300.60264382103054 ], [ 1066.338861158075133, -301.732363544769555 ] ] ] ] } },
{ "type": "Feature", "properties": { "visible": 1, "color": -32768, "chunks": [ ], "minimapNameVisible": 1, "personal": 0, "announceInChat": 0, "mode": "Vertex", "fullscreenVisible": 1, "announceInTitle": 0, "id": "b105058f-5b57-46b5-a479-6ac730532031", "name2": "7ha 14a 73ca", "fullscreenNameVisible": 1, "dimension": "minecraft:overworld", "name1": "18.V.2", "minimapVisible": 1, "fullscreenOwnerVisible": 0, "minimapOwnerVisible": 0, "fid": 19, "TYPE": "V", "SSTYPE": "2", "SPECIES": "dynamictrees:birch", "SURF": null, "PARFOR": "18" }, "geometry": { "type": "MultiPolygon", "coordinates": [ [ [ [ 812.583492542591898, -272.496052911939159 ], [ 814.330310724409856, -268.129007457394096 ], [ 816.134401633500829, -262.974462002848611 ], [ 818.45394708804622, -259.108552911939512 ], [ 825.670310724409887, -247.253098366484977 ], [ 830.309401633500784, -235.913098366484974 ], [ 830.309401633500784, -222.511280184666788 ], [ 831.340310724409846, -211.686734730121316 ], [ 832.371219815319023, -203.18173473012132 ], [ 833.14440163350082, -193.388098366484968 ], [ 833.14440163350082, -183.594462002848616 ], [ 833.917583451682617, -172.512189275575878 ], [ 835.721674360773591, -160.399007457394049 ], [ 836.159523520623111, -159.244677854154304 ], [ 849.0, -160.0 ], [ 849.0, -271.781889781624784 ], [ 844.742128906227435, -269.546507457394227 ], [ 839.072128906227476, -268.257871093757842 ], [ 832.886674360772986, -267.484689275576045 ], [ 827.732128906227445, -267.355825639212412 ], [ 822.319856178954751, -267.355825639212412 ], [ 819.742583451682094, -268.257871093757842 ], [ 817.165310724409323, -269.288780184666962 ], [ 812.583492542591898, -272.496052911939159 ] ] ] ] } },
{ "type": "Feature", "properties": { "visible": 1, "color": -32768, "chunks": [ ], "minimapNameVisible": 1, "personal": 0, "announceInChat": 0, "mode": "Vertex", "fullscreenVisible": 1, "announceInTitle": 0, "id": "5ec336b6-8617-4116-819a-5e069b3fcc01", "name2": "8ha 70a 57ca", "fullscreenNameVisible": 1, "dimension": "minecraft:overworld", "name1": "17.I.4", "minimapVisible": 1, "fullscreenOwnerVisible": 0, "minimapOwnerVisible": 0, "fid": 28, "TYPE": "I", "SSTYPE": "4", "SPECIES": "dynamictrees:oak", "SURF": null, "PARFOR": "17" }, "geometry": { "type": "MultiPolygon", "coordinates": [ [ [ [ 1055.43354445504383, -286.11286932074978 ], [ 1052.985765269864487, -287.84514382103049 ], [ 1046.413719815319155, -292.999689275575918 ], [ 1038.55303799713738, -300.344916548303217 ], [ 1034.429401633500902, -305.499462002848645 ], [ 1032.109856178955397, -311.942643821030458 ], [ 1028.888265269864633, -322.509462002848636 ], [ 1027.59962890622819, -330.756734730121366 ], [ 1025.666674360773641, -337.457643821030501 ], [ 1024.966162902785982, -338.564903867526937 ], [ 1019.481219815318468, -335.395825639212433 ], [ 1013.553492542591243, -332.303098366485131 ], [ 1011.620537997136807, -330.241280184666948 ], [ 1004.017583451682299, -326.117643821030583 ], [ 995.125992542591348, -319.416734730121505 ], [ 989.584856178954965, -314.004462002848754 ], [ 984.718653547893041, -309.863012955136469 ], [ 985.461219815318941, -303.17991654830314 ], [ 982.368492542591639, -294.159462002848613 ], [ 979.791219815318982, -289.520371093757717 ], [ 975.152128906228086, -280.242189275575868 ], [ 971.801674360773518, -274.05673473012132 ], [ 967.935765269864419, -270.190825639212221 ], [ 963.812128906228054, -262.459007457394023 ], [ 962.781219815318991, -255.242643821030413 ], [ 964.843037997137117, -246.737643821030417 ], [ 967.420310724409887, -242.614007457394052 ], [ 971.286219815318987, -235.397643821030414 ], [ 973.605765269864378, -223.026734730121348 ], [ 972.574856178955315, -214.006280184666792 ], [ 968.966674360773482, -206.532189275575888 ], [ 965.873947088046179, -199.831280184666809 ], [ 962.781219815318991, -188.491280184666806 ], [ 960.461674360773486, -179.728552911939516 ], [ 959.863147941850798, -174.491446746365682 ], [ 984.0, -176.0 ], [ 1003.0, -183.0 ], [ 1015.0, -189.0 ], [ 1024.0, -199.0 ], [ 1030.0, -211.0 ], [ 1030.0, -258.0 ], [ 1038.0, -272.0 ], [ 1055.43354445504383, -286.11286932074978 ] ], [ [ 999.433954545453503, -248.918386363637609 ], [ 997.552545454544429, -253.099295454546706 ], [ 996.71636363636253, -257.071159090910328 ], [ 996.298272727271637, -261.461113636364871 ], [ 996.089227272726248, -266.896295454546703 ], [ 996.507318181817141, -271.286250000001246 ], [ 997.552545454544429, -275.258113636364897 ], [ 999.01586363636261, -279.020931818183044 ], [ 1000.688227272726181, -282.365659090910299 ], [ 1003.614863636362543, -285.292295454546661 ], [ 1006.541499999998905, -286.128477272728503 ], [ 1009.67718181818077, -286.128477272728503 ], [ 1013.85809090908981, -282.156613636364852 ], [ 1015.948545454544387, -278.393795454546705 ], [ 1017.620909090907958, -273.585750000001212 ], [ 1016.36663636363528, -266.896295454546703 ], [ 1013.439999999998918, -260.415886363637583 ], [ 1011.558590909089844, -257.280204545455774 ], [ 1009.88622727272616, -253.935477272728519 ], [ 1008.422909090907979, -251.426931818183078 ], [ 1005.287227272726227, -248.918386363637609 ], [ 1004.660090909089831, -248.082204545455795 ], [ 1004.241999999998939, -247.873159090910349 ], [ 1002.569636363635254, -248.082204545455795 ], [ 999.433954545453503, -248.918386363637609 ] ] ] ] } },
{ "type": "Feature", "properties": { "visible": 1, "color": -32768, "chunks": [ ], "minimapNameVisible": 1, "personal": 0, "announceInChat": 0, "mode": "Vertex", "fullscreenVisible": 1, "announceInTitle": 0, "id": "5ec336b6-8617-4116-819a-5e069b3fcc01", "name2": "8ha 70a 57ca", "fullscreenNameVisible": 1, "dimension": "minecraft:overworld", "name1": "17.V.2", "minimapVisible": 1, "fullscreenOwnerVisible": 0, "minimapOwnerVisible": 0, "fid": 28, "TYPE": "V", "SSTYPE": "2", "SPECIES": "dynamictrees:birch", "SURF": null, "PARFOR": "17" }, "geometry": { "type": "MultiPolygon", "coordinates": [ [ [ [ 1024.966162902785982, -338.564903867526937 ], [ 1025.666674360773641, -337.457643821030501 ], [ 1027.59962890622819, -330.756734730121366 ], [ 1028.888265269864633, -322.509462002848636 ], [ 1032.109856178955397, -311.942643821030458 ], [ 1034.429401633500902, -305.499462002848645 ], [ 1038.55303799713738, -300.344916548303217 ], [ 1046.413719815319155, -292.999689275575918 ], [ 1052.985765269864487, -287.84514382103049 ], [ 1055.43354445504383, -286.11286932074978 ], [ 1059.0, -289.0 ], [ 1070.114588313888589, -289.592778043407407 ], [ 1069.480310724409719, -291.453325639212323 ], [ 1068.32053799713708, -294.159462002848727 ], [ 1066.516447088046107, -301.246962002848704 ], [ 1066.338861158075133, -301.732363544769555 ], [ 1066.2587198153185, -301.762416548303293 ], [ 1061.748492542591293, -303.953098366485108 ], [ 1059.171219815318409, -306.788098366485087 ], [ 1055.563037997136689, -310.396280184666921 ], [ 1052.599174360773077, -324.055825639212401 ], [ 1050.923947088045679, -328.694916548303297 ], [ 1048.733265269863978, -333.205143821030617 ], [ 1045.898265269863941, -335.911280184666964 ], [ 1042.418947088045797, -338.488552911939678 ], [ 1036.104628906227617, -340.034916548303329 ], [ 1031.336674360773031, -340.034916548303329 ], [ 1025.280083451682231, -338.746280184666944 ], [ 1024.966162902785982, -338.564903867526937 ] ] ] ] } },
{ "type": "Feature", "properties": { "visible": 1, "color": -32768, "chunks": [ ], "minimapNameVisible": 1, "personal": 0, "announceInChat": 0, "mode": "Vertex", "fullscreenVisible": 1, "announceInTitle": 0, "id": "5ec336b6-8617-4116-819a-5e069b3fcc01", "name2": "8ha 70a 57ca", "fullscreenNameVisible": 1, "dimension": "minecraft:overworld", "name1": "17.IX.", "minimapVisible": 1, "fullscreenOwnerVisible": 0, "minimapOwnerVisible": 0, "fid": 28, "TYPE": "IX", "SSTYPE": null, "SPECIES": "minecraft:water", "SURF": null, "PARFOR": "17" }, "geometry": { "type": "MultiPolygon", "coordinates": [ [ [ [ 999.433954545453503, -248.918386363637609 ], [ 997.552545454544429, -253.099295454546706 ], [ 996.71636363636253, -257.071159090910328 ], [ 996.298272727271637, -261.461113636364871 ], [ 996.089227272726248, -266.896295454546703 ], [ 996.507318181817141, -271.286250000001246 ], [ 997.552545454544429, -275.258113636364897 ], [ 999.01586363636261, -279.020931818183044 ], [ 1000.688227272726181, -282.365659090910299 ], [ 1003.614863636362543, -285.292295454546661 ], [ 1006.541499999998905, -286.128477272728503 ], [ 1009.67718181818077, -286.128477272728503 ], [ 1013.85809090908981, -282.156613636364852 ], [ 1015.948545454544387, -278.393795454546705 ], [ 1017.620909090907958, -273.585750000001212 ], [ 1016.36663636363528, -266.896295454546703 ], [ 1013.439999999998918, -260.415886363637583 ], [ 1011.558590909089844, -257.280204545455774 ], [ 1009.88622727272616, -253.935477272728519 ], [ 1008.422909090907979, -251.426931818183078 ], [ 1005.287227272726227, -248.918386363637609 ], [ 1004.660090909089831, -248.082204545455795 ], [ 1004.241999999998939, -247.873159090910349 ], [ 1002.569636363635254, -248.082204545455795 ], [ 999.433954545453503, -248.918386363637609 ] ] ] ] } },
{ "type": "Feature", "properties": { "visible": 1, "color": -32768, "chunks": [ ], "minimapNameVisible": 1, "personal": 0, "announceInChat": 0, "mode": "Vertex", "fullscreenVisible": 1, "announceInTitle": 0, "id": "ccad3fba-d8f7-49f1-b555-1636c6855a69", "name2": "7ha 30a 18ca", "fullscreenNameVisible": 1, "dimension": "minecraft:overworld", "name1": "19.VI.", "minimapVisible": 1, "fullscreenOwnerVisible": 0, "minimapOwnerVisible": 0, "fid": 11, "TYPE": "VI", "SSTYPE": null, "SPECIES": "dynamictrees:oak", "SURF": null, "PARFOR": "19" }, "geometry": { "type": "MultiPolygon", "coordinates": [ [ [ [ 528.24549999999806, -418.87725000000097 ], [ 528.24549999999806, -383.961750000001246 ], [ 617.654851466131504, -384.346040697436024 ], [ 617.0, -422.0 ], [ 604.0, -422.0 ], [ 590.0, -420.0 ], [ 573.0, -417.0 ], [ 560.0, -413.0 ], [ 538.0, -414.0 ], [ 528.24549999999806, -418.87725000000097 ] ] ] ] } },
{ "type": "Feature", "properties": { "visible": 1, "color": -32768, "chunks": [ ], "minimapNameVisible": 1, "personal": 0, "announceInChat": 0, "mode": "Vertex", "fullscreenVisible": 1, "announceInTitle": 0, "id": "ccad3fba-d8f7-49f1-b555-1636c6855a69", "name2": "7ha 30a 18ca", "fullscreenNameVisible": 1, "dimension": "minecraft:overworld", "name1": "19.X.", "minimapVisible": 1, "fullscreenOwnerVisible": 0, "minimapOwnerVisible": 0, "fid": 11, "TYPE": "X", "SSTYPE": null, "SPECIES": "minecraft:grass_block", "SURF": null, "PARFOR": "19" }, "geometry": { "type": "MultiPolygon", "coordinates": [ [ [ [ 506.0, -425.0 ], [ 505.668590909088948, -419.081386363637591 ], [ 505.459545454543502, -416.572840909092179 ], [ 504.414318181816213, -411.973840909092132 ], [ 503.160045454543479, -409.256250000001273 ], [ 501.696727272725298, -406.538659090910357 ], [ 499.397227272725331, -402.9848863636376 ], [ 497.72486363636159, -398.594931818183113 ], [ 497.933909090907036, -395.877340909092197 ], [ 499.188181818179771, -391.278340909092208 ], [ 501.487681818179794, -387.097431818183111 ], [ 503.369090909088868, -384.170795454546749 ], [ 505.877636363634338, -381.453204545455833 ], [ 508.8042727272707, -378.944659090910363 ], [ 511.521863636361616, -377.272295454546736 ], [ 516.329909090906995, -375.390886363637662 ], [ 519.256545454543357, -375.808977272728555 ], [ 520.510818181816148, -376.645159090910397 ], [ 528.24549999999806, -383.961750000001246 ], [ 528.24549999999806, -418.87725000000097 ], [ 526.0, -420.0 ], [ 506.0, -425.0 ] ] ] ] } },
{ "type": "Feature", "properties": { "visible": 1, "color": -32768, "chunks": [ ], "minimapNameVisible": 1, "personal": 0, "announceInChat": 0, "mode": "Vertex", "fullscreenVisible": 1, "announceInTitle": 0, "id": "ccad3fba-d8f7-49f1-b555-1636c6855a69", "name2": "7ha 30a 18ca", "fullscreenNameVisible": 1, "dimension": "minecraft:overworld", "name1": "19.I.5", "minimapVisible": 1, "fullscreenOwnerVisible": 0, "minimapOwnerVisible": 0, "fid": 11, "TYPE": "I", "SSTYPE": "5", "SPECIES": "dynamictrees:oak", "SURF": null, "PARFOR": "19" }, "geometry": { "type": "MultiPolygon", "coordinates": [ [ [ [ 511.521863636361616, -377.272295454546736 ], [ 505.877636363633883, -363.893386363637546 ], [ 504.205272727270255, -357.831068181819319 ], [ 504.414318181815702, -353.650159090910279 ], [ 505.041454545452098, -347.796886363637554 ], [ 505.877636363633883, -342.570750000001169 ], [ 509.222363636361194, -337.553659090910287 ], [ 512.776136363633896, -331.909431818183009 ], [ 516.329909090906654, -326.056159090910285 ], [ 519.465590909088405, -318.11243181818304 ], [ 520.092727272724915, -308.705386363637615 ], [ 520.71986363636131, -306.196840909092145 ], [ 522.183181818179492, -300.552613636364867 ], [ 524.691727272724961, -297.207886363637613 ], [ 530.126909090906793, -291.772704545455781 ], [ 533.88972727272494, -283.828977272728537 ], [ 530.544999999997685, -278.393795454546705 ], [ 527.200272727270431, -273.794795454546716 ], [ 525.736954545452136, -274.003840909092162 ], [ 517.375136363634397, -275.885250000001292 ], [ 516.957045454543277, -272.331477272728534 ], [ 512.567090909088733, -272.122431818183088 ], [ 510.058545454543321, -271.286250000001246 ], [ 508.386181818179693, -267.105340909092149 ], [ 509.222363636361479, -260.833977272728532 ], [ 510.894727272725106, -255.607840909092175 ], [ 512.776136363634237, -250.590750000001265 ], [ 515.284681818179706, -243.065113636364913 ], [ 517.375136363634169, -234.07615909091038 ], [ 518.420363636361458, -226.132431818183107 ], [ 518.629409090906961, -217.352522727274021 ], [ 519.256545454543357, -209.199750000001302 ], [ 521.137954545452317, -195.611795454546836 ], [ 523.01936363636139, -186.413795454546857 ], [ 525.109818181815967, -178.26102272727411 ], [ 527.618363636361437, -173.034886363637781 ], [ 530.963090909088692, -169.899204545455945 ], [ 538.279681818179597, -165.718295454546876 ], [ 543.296772727270422, -161.537386363637779 ], [ 546.223409090906785, -156.729340909092315 ], [ 556.945738197508604, -129.864817483642298 ], [ 597.0, -139.0 ], [ 625.0, -146.0 ], [ 625.783500548653478, -272.143588333208243 ], [ 626.0, -307.0 ], [ 619.0, -307.0 ], [ 617.654851466131504, -384.346040697436024 ], [ 528.24549999999806, -383.961750000001246 ], [ 520.510818181816148, -376.645159090910397 ], [ 519.256545454543357, -375.808977272728555 ], [ 516.329909090906995, -375.390886363637662 ], [ 511.521863636361616, -377.272295454546736 ] ] ] ] } },
{ "type": "Feature", "properties": { "visible": 1, "color": -32768, "chunks": [ ], "minimapNameVisible": 1, "personal": 0, "announceInChat": 0, "mode": "Vertex", "fullscreenVisible": 1, "announceInTitle": 0, "id": "ccad3fba-d8f7-49f1-b555-1636c6855a69", "name2": "7ha 30a 18ca", "fullscreenNameVisible": 1, "dimension": "minecraft:overworld", "name1": "19.II.4", "minimapVisible": 1, "fullscreenOwnerVisible": 0, "minimapOwnerVisible": 0, "fid": 11, "TYPE": "II", "SSTYPE": "4", "SPECIES": "dynamictrees:oak", "SURF": null, "PARFOR": "19" }, "geometry": { "type": "MultiPolygon", "coordinates": [ [ [ [ 424.0, -403.5 ], [ 425.395136363634151, -394.204977272728513 ], [ 425.395136363634151, -387.515522727273947 ], [ 425.395136363634151, -379.989886363637652 ], [ 427.485590909088728, -372.882340909092136 ], [ 430.41222727272509, -367.029068181819412 ], [ 433.338863636361452, -362.848159090910372 ], [ 438.355954545452391, -359.085340909092167 ], [ 444.627318181816008, -357.41297727272854 ], [ 453.825318181815987, -354.486340909092178 ], [ 464.277590909088701, -353.232068181819443 ], [ 468.458499999997798, -354.068250000001285 ], [ 482.673590909088944, -359.085340909092224 ], [ 481.210272727270763, -361.593886363637637 ], [ 479.328863636361689, -366.40193181818313 ], [ 476.611272727270773, -371.209977272728565 ], [ 473.684636363634411, -376.64515909091034 ], [ 471.80322727272528, -380.826068181819437 ], [ 470.548954545452602, -387.933613636364896 ], [ 468.249454545452579, -396.713522727273983 ], [ 465.322818181816217, -401.730613636364865 ], [ 461.769045454543516, -405.911522727273962 ], [ 456.0, -414.0 ], [ 436.0, -405.0 ], [ 424.0, -403.5 ] ] ] ] } },
{ "type": "Feature", "properties": { "visible": 1, "color": -32768, "chunks": [ ], "minimapNameVisible": 1, "personal": 0, "announceInChat": 0, "mode": "Vertex", "fullscreenVisible": 1, "announceInTitle": 0, "id": "ccad3fba-d8f7-49f1-b555-1636c6855a69", "name2": "7ha 30a 18ca", "fullscreenNameVisible": 1, "dimension": "minecraft:overworld", "name1": "19.V.3", "minimapVisible": 1, "fullscreenOwnerVisible": 0, "minimapOwnerVisible": 0, "fid": 11, "TYPE": "V", "SSTYPE": "3", "SPECIES": "dynamictrees:birch", "SURF": null, "PARFOR": "19" }, "geometry": { "type": "MultiPolygon", "coordinates": [ [ [ [ 517.375136363634397, -275.885250000001292 ], [ 525.736954545452136, -274.003840909092162 ], [ 527.200272727270431, -273.794795454546716 ], [ 530.544999999997685, -278.393795454546705 ], [ 533.88972727272494, -283.828977272728537 ], [ 530.126909090906793, -291.772704545455781 ], [ 524.691727272724961, -297.207886363637613 ], [ 522.183181818179492, -300.552613636364867 ], [ 520.71986363636131, -306.196840909092145 ], [ 520.092727272724915, -308.705386363637615 ], [ 519.465590909088405, -318.11243181818304 ], [ 516.329909090906654, -326.056159090910285 ], [ 512.776136363633896, -331.909431818183009 ], [ 509.222363636361194, -337.553659090910287 ], [ 505.877636363633883, -342.570750000001169 ], [ 505.041454545452098, -347.796886363637554 ], [ 504.414318181815702, -353.650159090910279 ], [ 504.205272727270255, -357.831068181819319 ], [ 505.877636363633883, -363.893386363637546 ], [ 511.521863636361616, -377.272295454546736 ], [ 508.8042727272707, -378.944659090910363 ], [ 505.877636363634338, -381.453204545455833 ], [ 503.369090909088868, -384.170795454546749 ], [ 501.487681818179794, -387.097431818183111 ], [ 499.188181818179771, -391.278340909092208 ], [ 497.933909090907036, -395.877340909092197 ], [ 497.72486363636159, -398.594931818183113 ], [ 499.397227272725331, -402.9848863636376 ], [ 501.696727272725298, -406.538659090910357 ], [ 503.160045454543479, -409.256250000001273 ], [ 504.414318181816213, -411.973840909092132 ], [ 505.459545454543502, -416.572840909092179 ], [ 505.668590909088948, -419.081386363637591 ], [ 506.0, -425.0 ], [ 488.0, -424.0 ], [ 475.0, -419.0 ], [ 456.0, -414.0 ], [ 461.769045454543516, -405.911522727273962 ], [ 465.322818181816217, -401.730613636364865 ], [ 468.249454545452579, -396.713522727273983 ], [ 470.548954545452602, -387.933613636364896 ], [ 471.80322727272528, -380.826068181819437 ], [ 473.684636363634411, -376.64515909091034 ], [ 476.611272727270773, -371.209977272728565 ], [ 479.328863636361689, -366.40193181818313 ], [ 481.210272727270763, -361.593886363637637 ], [ 482.673590909088944, -359.085340909092224 ], [ 485.182136363634413, -350.932568181819477 ], [ 485.809272727270752, -342.779795454546729 ], [ 486.645454545452594, -337.762704545455847 ], [ 489.781136363634346, -332.327522727274015 ], [ 493.125863636361657, -327.728522727274026 ], [ 496.05249999999802, -323.338568181819483 ], [ 498.14295454545254, -319.575750000001278 ], [ 499.815318181816167, -314.349613636364893 ], [ 500.651499999998009, -310.168704545455853 ], [ 500.651499999998009, -304.106386363637682 ], [ 500.442454545452563, -300.343568181819478 ], [ 498.351999999997986, -295.744568181819488 ], [ 496.261545454543466, -291.563659090910392 ], [ 495.843454545452573, -288.00988636363769 ], [ 496.261545454543466, -286.337522727274063 ], [ 497.724863636361647, -285.292295454546775 ], [ 500.651499999998009, -285.083250000001328 ], [ 503.369090909088925, -285.083250000001328 ], [ 506.922863636361626, -284.247068181819486 ], [ 510.267590909088881, -282.992795454546751 ], [ 513.403272727270746, -280.693295454546785 ], [ 517.375136363634397, -275.885250000001292 ] ] ] ] } },
{ "type": "Feature", "properties": { "visible": 1, "color": -32768, "chunks": [ ], "minimapNameVisible": 1, "personal": 0, "announceInChat": 0, "mode": "Vertex", "fullscreenVisible": 1, "announceInTitle": 0, "id": "10150082-63d5-46c2-a75f-d741bd94fe24", "name2": "12ha 32a 29ca", "fullscreenNameVisible": 1, "dimension": "minecraft:overworld", "name1": "34.III.4", "minimapVisible": 1, "fullscreenOwnerVisible": 0, "minimapOwnerVisible": 0, "fid": 17, "TYPE": "III", "SSTYPE": "4", "SPECIES": "dtbwg:fir", "SURF": null, "PARFOR": "34" }, "geometry": { "type": "MultiPolygon", "coordinates": [ [ [ [ 96.142529819167507, -5.839121890262771 ], [ 94.998795454542531, -141.991636363637667 ], [ 93.744522727269811, -143.977568181819464 ], [ 92.385727272724353, -144.500181818183108 ], [ 86.323409090906182, -145.64993181818312 ], [ 82.874159090906176, -145.858977272728566 ], [ 78.170636363633463, -145.231840909092199 ], [ 74.407818181815287, -144.082090909092187 ], [ 70.331431818178913, -141.469022727274023 ], [ 69.077159090906193, -140.423795454546735 ], [ 65.000772727269833, -138.333340909092215 ], [ 59.774636363633462, -136.347409090910389 ], [ 53.294227272724385, -135.824795454546745 ], [ 46.918340909088023, -135.824795454546745 ], [ 42.214818181815303, -136.242886363637666 ], [ 34.271090909088038, -137.915250000001294 ], [ 30.508272727269855, -136.556454545455836 ], [ 26.640931818178949, -133.420772727274027 ], [ 24.236909090906224, -131.7484090909104 ], [ 18.906249999997137, -131.121272727274032 ], [ 9.499204545451693, -131.121272727274032 ], [ 2.383878333309772, -130.072698338116282 ], [ 3.0, -5.0 ], [ 96.142529819167507, -5.839121890262771 ] ] ] ] } },
{ "type": "Feature", "properties": { "visible": 1, "color": -32768, "chunks": [ ], "minimapNameVisible": 1, "personal": 0, "announceInChat": 0, "mode": "Vertex", "fullscreenVisible": 1, "announceInTitle": 0, "id": "10150082-63d5-46c2-a75f-d741bd94fe24", "name2": "12ha 32a 29ca", "fullscreenNameVisible": 1, "dimension": "minecraft:overworld", "name1": "34.III.4", "minimapVisible": 1, "fullscreenOwnerVisible": 0, "minimapOwnerVisible": 0, "fid": 17, "TYPE": "III", "SSTYPE": "4", "SPECIES": "dtbwg:fir", "SURF": null, "PARFOR": "34" }, "geometry": { "type": "MultiPolygon", "coordinates": [ [ [ [ 128.031014905639836, -6.053965441944769 ], [ 125.937522727269737, -149.83084090909216 ], [ 123.951590909087926, -151.816772727273985 ], [ 118.93449999999703, -153.907227272728534 ], [ 112.245045454542492, -154.11627272727398 ], [ 112.353536579064794, -5.985166996207791 ], [ 114.0, -6.0 ], [ 128.031014905639836, -6.053965441944769 ] ] ] ] } },
{ "type": "Feature", "properties": { "visible": 1, "color": -32768, "chunks": [ ], "minimapNameVisible": 1, "personal": 0, "announceInChat": 0, "mode": "Vertex", "fullscreenVisible": 1, "announceInTitle": 0, "id": "10150082-63d5-46c2-a75f-d741bd94fe24", "name2": "12ha 32a 29ca", "fullscreenNameVisible": 1, "dimension": "minecraft:overworld", "name1": "34.III.4", "minimapVisible": 1, "fullscreenOwnerVisible": 0, "minimapOwnerVisible": 0, "fid": 17, "TYPE": "III", "SSTYPE": "4", "SPECIES": "dtbwg:fir", "SURF": null, "PARFOR": "34" }, "geometry": { "type": "MultiPolygon", "coordinates": [ [ [ [ 158.451904665204893, -6.170968864096942 ], [ 158.025999999996884, -153.280090909092195 ], [ 144.647090909087808, -153.071045454546748 ], [ 144.547773546918677, -6.117491436718918 ], [ 158.451904665204893, -6.170968864096942 ] ] ] ] } },
{ "type": "Feature", "properties": { "visible": 1, "color": -32768, "chunks": [ ], "minimapNameVisible": 1, "personal": 0, "announceInChat": 0, "mode": "Vertex", "fullscreenVisible": 1, "announceInTitle": 0, "id": "10150082-63d5-46c2-a75f-d741bd94fe24", "name2": "12ha 32a 29ca", "fullscreenNameVisible": 1, "dimension": "minecraft:overworld", "name1": "34.VII.", "minimapVisible": 1, "fullscreenOwnerVisible": 0, "minimapOwnerVisible": 0, "fid": 17, "TYPE": "VII", "SSTYPE": null, "SPECIES": "dtbwg:fir", "SURF": null, "PARFOR": "34" }, "geometry": { "type": "MultiPolygon", "coordinates": [ [ [ [ 144.245178661055547, -208.953594274703704 ], [ 132.888284090906097, -208.938443181818997 ], [ 125.989784090906113, -209.565579545455364 ], [ 115.328465909087953, -210.976636363637169 ], [ 107.9596136363607, -210.663068181819 ], [ 102.942522727269804, -210.192715909091731 ], [ 88.518386363633468, -210.34950000000083 ], [ 77.229931818178926, -210.34950000000083 ], [ 70.80178409090621, -209.722363636364435 ], [ 61.865090909088039, -209.565579545455364 ], [ 52.301261363633515, -209.408795454546265 ], [ 43.678136363633527, -209.408795454546265 ], [ 34.898227272724448, -209.095227272728096 ], [ 26.118318181815368, -208.938443181818997 ], [ 19.690170454542653, -208.624875000000827 ], [ 13.575590909088113, -208.624875000000827 ], [ 8.872068181815397, -208.468090909091728 ], [ 2.0, -208.0 ], [ 2.383878333309772, -130.072698338116282 ], [ 9.499204545451693, -131.121272727274032 ], [ 18.906249999997137, -131.121272727274032 ], [ 24.236909090906224, -131.7484090909104 ], [ 26.640931818178949, -133.420772727274027 ], [ 30.508272727269855, -136.556454545455836 ], [ 34.271090909088038, -137.915250000001294 ], [ 42.214818181815303, -136.242886363637666 ], [ 46.918340909088023, -135.824795454546745 ], [ 53.294227272724385, -135.824795454546745 ], [ 59.774636363633462, -136.347409090910389 ], [ 65.000772727269833, -138.333340909092215 ], [ 69.077159090906193, -140.423795454546735 ], [ 70.331431818178913, -141.469022727274023 ], [ 74.407818181815287, -144.082090909092187 ], [ 78.170636363633463, -145.231840909092199 ], [ 82.874159090906176, -145.858977272728566 ], [ 86.323409090906182, -145.64993181818312 ], [ 92.385727272724353, -144.500181818183108 ], [ 93.744522727269811, -143.977568181819464 ], [ 112.245045454542492, -154.11627272727398 ], [ 118.93449999999703, -153.907227272728534 ], [ 123.951590909087926, -151.816772727273985 ], [ 125.937522727269737, -149.83084090909216 ], [ 144.647090909087808, -153.071045454546748 ], [ 144.245178661055547, -208.953594274703704 ] ] ] ] } },
{ "type": "Feature", "properties": { "visible": 1, "color": -32768, "chunks": [ ], "minimapNameVisible": 1, "personal": 0, "announceInChat": 0, "mode": "Vertex", "fullscreenVisible": 1, "announceInTitle": 0, "id": "10150082-63d5-46c2-a75f-d741bd94fe24", "name2": "12ha 32a 29ca", "fullscreenNameVisible": 1, "dimension": "minecraft:overworld", "name1": "34.III.3", "minimapVisible": 1, "fullscreenOwnerVisible": 0, "minimapOwnerVisible": 0, "fid": 17, "TYPE": "III", "SSTYPE": "3", "SPECIES": "dtbop:fir", "SURF": null, "PARFOR": "34" }, "geometry": { "type": "MultiPolygon", "coordinates": [ [ [ [ 223.442184757145327, -371.0 ], [ 223.248181818178608, -271.233988636364757 ], [ 240.38990909090586, -271.861125000001095 ], [ 239.876054510609265, -369.493495256347501 ], [ 237.0, -371.0 ], [ 223.442184757145327, -371.0 ] ] ] ] } },
{ "type": "Feature", "properties": { "visible": 1, "color": -32768, "chunks": [ ], "minimapNameVisible": 1, "personal": 0, "announceInChat": 0, "mode": "Vertex", "fullscreenVisible": 1, "announceInTitle": 0, "id": "10150082-63d5-46c2-a75f-d741bd94fe24", "name2": "12ha 32a 29ca", "fullscreenNameVisible": 1, "dimension": "minecraft:overworld", "name1": "34.III.3", "minimapVisible": 1, "fullscreenOwnerVisible": 0, "minimapOwnerVisible": 0, "fid": 17, "TYPE": "III", "SSTYPE": "3", "SPECIES": "dtbop:fir", "SURF": null, "PARFOR": "34" }, "geometry": { "type": "MultiPolygon", "coordinates": [ [ [ [ 255.535526803097042, -361.290914531711053 ], [ 256.277363636360406, -255.764625000001132 ], [ 270.701499999996713, -255.555579545455686 ], [ 270.358012098312315, -356.197534738980835 ], [ 258.0, -360.0 ], [ 255.535526803097042, -361.290914531711053 ] ] ] ] } },
{ "type": "Feature", "properties": { "visible": 1, "color": -32768, "chunks": [ ], "minimapNameVisible": 1, "personal": 0, "announceInChat": 0, "mode": "Vertex", "fullscreenVisible": 1, "announceInTitle": 0, "id": "10150082-63d5-46c2-a75f-d741bd94fe24", "name2": "12ha 32a 29ca", "fullscreenNameVisible": 1, "dimension": "minecraft:overworld", "name1": "34.III.4", "minimapVisible": 1, "fullscreenOwnerVisible": 0, "minimapOwnerVisible": 0, "fid": 17, "TYPE": "III", "SSTYPE": "4", "SPECIES": "dtbwg:fir", "SURF": null, "PARFOR": "34" }, "geometry": { "type": "MultiPolygon", "coordinates": [ [ [ [ 295.46932397785605, -6.697958938376369 ], [ 290.87438636363305, -13.376420454546864 ], [ 285.230159090905772, -18.602556818183217 ], [ 279.167840909087658, -18.602556818183217 ], [ 273.732659090905827, -17.766375000001403 ], [ 263.489431818178559, -16.721147727274129 ], [ 257.009022727269439, -23.828693181819574 ], [ 251.155749999996743, -25.919147727274122 ], [ 244.466295454542205, -25.292011363637755 ], [ 243.002977272724024, -26.964375000001397 ], [ 241.74870454545129, -32.399556818183207 ], [ 241.74870454545129, -39.298056818183198 ], [ 243.630113636360392, -44.733238636365016 ], [ 245.093431818178573, -53.513147727274088 ], [ 245.093431818178573, -58.739284090910445 ], [ 246.556749999996754, -65.010647727274076 ], [ 250.110522727269483, -69.400602272728619 ], [ 256.172840909087654, -73.581511363637702 ], [ 261.817068181814932, -72.745329545455888 ], [ 267.879386363633103, -71.909147727274075 ], [ 273.105522727269431, -72.327238636364967 ], [ 277.704522727269421, -75.253875000001329 ], [ 282.094477272724021, -79.643829545455873 ], [ 287.738704545451242, -81.525238636364975 ], [ 299.44524999999669, -85.497102272728597 ], [ 300.908568181814871, -87.378511363637685 ], [ 299.654295454542137, -90.514193181819493 ], [ 292.96484090908757, -90.723238636364954 ], [ 284.393977272723987, -89.259920454546773 ], [ 279.376886363633048, -89.259920454546773 ], [ 275.614068181814901, -93.231784090910409 ], [ 272.269340909087646, -99.29410227272858 ], [ 267.879386363633103, -101.175511363637668 ], [ 261.398977272723982, -99.29410227272858 ], [ 256.799977272723993, -99.29410227272858 ], [ 253.664295454542184, -100.757420454546761 ], [ 249.692431818178562, -104.520238636364937 ], [ 243.421068181814917, -109.746375000001294 ], [ 241.74870454545129, -107.864965909092206 ], [ 240.494431818178583, -104.729284090910397 ], [ 241.121568181814951, -100.339329545455854 ], [ 245.72056818181494, -92.813693181819502 ], [ 248.647204545451302, -88.005647727274052 ], [ 248.438159090905856, -82.988556818183142 ], [ 246.347704545451279, -78.807647727274059 ], [ 243.421068181814917, -73.581511363637702 ], [ 240.076340909087662, -68.355375000001345 ], [ 238.403977272724035, -61.874965909092261 ], [ 239.240159090905848, -54.767420454546816 ], [ 239.867295454542216, -49.123193181819552 ], [ 239.867295454542216, -44.106102272728648 ], [ 239.658249999996769, -35.639761363637753 ], [ 240.285386363633165, -31.35432954545594 ], [ 240.180863636360414, -26.337238636365036 ], [ 238.822068181814984, -21.633715909092313 ], [ 238.822068181814984, -15.153306818183232 ], [ 240.076340909087691, -8.986465909092328 ], [ 241.305549121617673, -6.489636727390837 ], [ 295.46932397785605, -6.697958938376369 ] ] ] ] } },
{ "type": "Feature", "properties": { "visible": 1, "color": -32768, "chunks": [ ], "minimapNameVisible": 1, "personal": 0, "announceInChat": 0, "mode": "Vertex", "fullscreenVisible": 1, "announceInTitle": 0, "id": "10150082-63d5-46c2-a75f-d741bd94fe24", "name2": "12ha 32a 29ca", "fullscreenNameVisible": 1, "dimension": "minecraft:overworld", "name1": "34.III.3", "minimapVisible": 1, "fullscreenOwnerVisible": 0, "minimapOwnerVisible": 0, "fid": 17, "TYPE": "III", "SSTYPE": "3", "SPECIES": "dynamictrees:spruce", "SURF": null, "PARFOR": "34" }, "geometry": { "type": "MultiPolygon", "coordinates": [ [ [ [ 270.701499999996713, -255.555579545455686 ], [ 272.269340909087646, -242.803806818182863 ], [ 272.269340909087646, -237.473147727273783 ], [ 275.718590909087652, -226.184693181819227 ], [ 276.97286363636033, -219.599761363637441 ], [ 284.498499999996739, -215.836943181819265 ], [ 296.100522727269436, -213.328397727273796 ], [ 302.058318181814911, -213.955534090910191 ], [ 308.956818181814867, -213.955534090910191 ], [ 317.736727272723954, -210.819852272728355 ], [ 323.694522727269373, -210.506284090910185 ], [ 327.143772727269379, -212.387693181819259 ], [ 329.652318181814849, -215.209806818182898 ], [ 331.533727272723922, -219.286193181819272 ], [ 332.160863636360318, -228.379670454546499 ], [ 332.160863636360318, -233.08319318181924 ], [ 332.160863636360318, -237.786715909091953 ], [ 330.906590909087527, -245.312352272728305 ], [ 330.906590909087527, -254.40582954545556 ], [ 330.906590909087527, -268.202829545455529 ], [ 330.906590909087527, -283.56767045454643 ], [ 335.610113636360268, -294.542556818182788 ], [ 342.195045454542083, -298.618943181819134 ], [ 345.330727272723891, -292.347579545455517 ], [ 345.644295454542089, -278.550579545455548 ], [ 346.271431818178485, -263.185738636364647 ], [ 347.212136363633022, -250.956579545455583 ], [ 347.525704545451163, -239.040988636364688 ], [ 348.152840909087558, -228.379670454546499 ], [ 349.720681818178434, -219.599761363637441 ], [ 353.483499999996639, -216.464079545455633 ], [ 356.61918181817839, -216.150511363637463 ], [ 358.814159090905719, -220.854034090910147 ], [ 361.322704545451188, -231.828920454546505 ], [ 361.322704545451188, -241.863102272728327 ], [ 359.754863636360255, -250.643011363637413 ], [ 359.754863636360255, -257.541511363637312 ], [ 357.559886363633041, -272.592784090910015 ], [ 356.619181818178504, -282.626965909091837 ], [ 356.932749999996645, -287.957625000000917 ], [ 358.18702272726938, -293.915420454546393 ], [ 359.754863636360255, -297.051102272728144 ], [ 361.949840909087584, -305.203875000000892 ], [ 361.636272727269386, -313.67021590909178 ], [ 359.754863636360255, -322.136556818182669 ], [ 359.754863636360255, -332.797875000000886 ], [ 361.949840909087584, -342.83205681818265 ], [ 363.888697007478015, -352.344434850373887 ], [ 337.0, -351.0 ], [ 284.0, -352.0 ], [ 270.358012098312315, -356.197534738980835 ], [ 270.701499999996713, -255.555579545455686 ] ] ] ] } },
{ "type": "Feature", "properties": { "visible": 1, "color": -32768, "chunks": [ ], "minimapNameVisible": 1, "personal": 0, "announceInChat": 0, "mode": "Vertex", "fullscreenVisible": 1, "announceInTitle": 0, "id": "10150082-63d5-46c2-a75f-d741bd94fe24", "name2": "12ha 32a 29ca", "fullscreenNameVisible": 1, "dimension": "minecraft:overworld", "name1": "34.III.3", "minimapVisible": 1, "fullscreenOwnerVisible": 0, "minimapOwnerVisible": 0, "fid": 17, "TYPE": "III", "SSTYPE": "3", "SPECIES": "dtbop:fir", "SURF": null, "PARFOR": "34" }, "geometry": { "type": "MultiPolygon", "coordinates": [ [ [ [ 143.596434398089855, -299.156077837898863 ], [ 144.245178661055547, -208.953594274703704 ], [ 144.647090909087808, -153.071045454546748 ], [ 158.025999999996884, -153.280090909092195 ], [ 158.451904665204893, -6.170968864096942 ], [ 176.214877388846674, -6.239287989957102 ], [ 176.213151157792197, -364.950868210389615 ], [ 165.0, -350.0 ], [ 148.0, -304.0 ], [ 143.596434398089855, -299.156077837898863 ] ] ] ] } },
{ "type": "Feature", "properties": { "visible": 1, "color": -32768, "chunks": [ ], "minimapNameVisible": 1, "personal": 0, "announceInChat": 0, "mode": "Vertex", "fullscreenVisible": 1, "announceInTitle": 0, "id": "10150082-63d5-46c2-a75f-d741bd94fe24", "name2": "12ha 32a 29ca", "fullscreenNameVisible": 1, "dimension": "minecraft:overworld", "name1": "34.III.3", "minimapVisible": 1, "fullscreenOwnerVisible": 0, "minimapOwnerVisible": 0, "fid": 17, "TYPE": "III", "SSTYPE": "3", "SPECIES": "dtbop:fir", "SURF": null, "PARFOR": "34" }, "geometry": { "type": "MultiPolygon", "coordinates": [ [ [ [ 112.245045454542492, -154.11627272727398 ], [ 93.744522727269811, -143.977568181819464 ], [ 94.998795454542531, -141.991636363637667 ], [ 96.142529819167507, -5.839121890262771 ], [ 112.353536579064794, -5.985166996207791 ], [ 112.245045454542492, -154.11627272727398 ] ] ] ] } },
{ "type": "Feature", "properties": { "visible": 1, "color": -32768, "chunks": [ ], "minimapNameVisible": 1, "personal": 0, "announceInChat": 0, "mode": "Vertex", "fullscreenVisible": 1, "announceInTitle": 0, "id": "10150082-63d5-46c2-a75f-d741bd94fe24", "name2": "12ha 32a 29ca", "fullscreenNameVisible": 1, "dimension": "minecraft:overworld", "name1": "34.III.3", "minimapVisible": 1, "fullscreenOwnerVisible": 0, "minimapOwnerVisible": 0, "fid": 17, "TYPE": "III", "SSTYPE": "3", "SPECIES": "dtbop:fir", "SURF": null, "PARFOR": "34" }, "geometry": { "type": "MultiPolygon", "coordinates": [ [ [ [ 144.647090909087808, -153.071045454546748 ], [ 125.937522727269737, -149.83084090909216 ], [ 128.031014905639836, -6.053965441944769 ], [ 144.547773546918677, -6.117491436718918 ], [ 144.647090909087808, -153.071045454546748 ] ] ] ] } },
{ "type": "Feature", "properties": { "visible": 1, "color": -32768, "chunks": [ ], "minimapNameVisible": 1, "personal": 0, "announceInChat": 0, "mode": "Vertex", "fullscreenVisible": 1, "announceInTitle": 0, "id": "10150082-63d5-46c2-a75f-d741bd94fe24", "name2": "12ha 32a 29ca", "fullscreenNameVisible": 1, "dimension": "minecraft:overworld", "name1": "34.VII.", "minimapVisible": 1, "fullscreenOwnerVisible": 0, "minimapOwnerVisible": 0, "fid": 17, "TYPE": "VII", "SSTYPE": null, "SPECIES": "dtbwg:pine", "SURF": null, "PARFOR": "34" }, "geometry": { "type": "MultiPolygon", "coordinates": [ [ [ [ 2.0, -208.0 ], [ 8.872068181815397, -208.468090909091728 ], [ 13.575590909088113, -208.624875000000827 ], [ 19.690170454542653, -208.624875000000827 ], [ 26.118318181815368, -208.938443181818997 ], [ 34.898227272724448, -209.095227272728096 ], [ 43.678136363633527, -209.408795454546265 ], [ 52.301261363633515, -209.408795454546265 ], [ 61.865090909088039, -209.565579545455364 ], [ 70.80178409090621, -209.722363636364435 ], [ 77.229931818178926, -210.34950000000083 ], [ 88.518386363633468, -210.34950000000083 ], [ 102.942522727269804, -210.192715909091731 ], [ 107.9596136363607, -210.663068181819 ], [ 115.328465909087953, -210.976636363637169 ], [ 125.989784090906113, -209.565579545455364 ], [ 132.888284090906097, -208.938443181818997 ], [ 144.245178661055547, -208.953594274703704 ], [ 143.596434398089855, -299.156077837898863 ], [ 118.0, -271.0 ], [ 100.0, -263.0 ], [ 79.0, -258.0 ], [ 10.0, -246.0 ], [ 3.0, -244.0 ], [ 2.0, -232.0 ], [ 2.0, -208.0 ] ] ] ] } },
{ "type": "Feature", "properties": { "visible": 1, "color": -32768, "chunks": [ ], "minimapNameVisible": 1, "personal": 0, "announceInChat": 0, "mode": "Vertex", "fullscreenVisible": 1, "announceInTitle": 0, "id": "629b99e0-3eb0-49fd-85a9-0ac4753a3f14", "name2": "13ha 30a 54ca", "fullscreenNameVisible": 1, "dimension": "minecraft:overworld", "name1": "35.V.3", "minimapVisible": 1, "fullscreenOwnerVisible": 0, "minimapOwnerVisible": 0, "fid": 44, "TYPE": "V", "SSTYPE": "3", "SPECIES": "dynamictrees:birch", "SURF": null, "PARFOR": "35" }, "geometry": { "type": "MultiPolygon", "coordinates": [ [ [ [ -129.097931818184264, -93.702136363637678 ], [ -151.047704545456924, -110.321250000001271 ], [ -153.556250000002365, -106.244863636364911 ], [ -154.810522727275099, -103.422750000001287 ], [ -155.124090909093269, -101.227772727274015 ], [ -156.064795454547834, -100.600636363637648 ], [ -162.336159090911451, -101.854909090910382 ], [ -169.861795454547803, -103.422750000001287 ], [ -173.624613636365979, -106.558431818183095 ], [ -175.506022727275081, -111.575522727274006 ], [ -174.878886363638713, -116.279045454546718 ], [ -172.370340909093272, -122.863977272728533 ], [ -172.370340909093272, -128.194636363637613 ], [ -172.370340909093272, -131.957454545455789 ], [ -174.878886363638713, -137.288113636364869 ], [ -177.387431818184155, -138.542386363637604 ], [ -179.895977272729624, -141.050931818183045 ], [ -182.404522727275065, -144.813750000001221 ], [ -185.226636363638704, -149.830840909092132 ], [ -186.48090909091141, -155.475068181819381 ], [ -186.48090909091141, -163.6278409090921 ], [ -186.167340909093241, -168.017795454546643 ], [ -182.718090909093235, -172.407750000001187 ], [ -179.895977272729624, -176.170568181819363 ], [ -177.073863636365957, -178.679113636364804 ], [ -170.48893181818417, -183.069068181819347 ], [ -166.098977272729627, -184.009772727273884 ], [ -164.217568181820525, -178.992681818183001 ], [ -164.217568181820525, -174.602727272728458 ], [ -163.904000000002355, -169.272068181819378 ], [ -166.098977272729627, -163.6278409090921 ], [ -160.062789772729587, -160.80572727272849 ], [ -157.240676136365948, -160.100198863637587 ], [ -154.967306818184142, -160.021806818183052 ], [ -150.890920454547768, -160.335375000001221 ], [ -148.303982954547791, -161.040903409092152 ], [ -144.462772727275052, -161.746431818183055 ], [ -140.699954545456876, -162.216784090910323 ], [ -137.642664772729631, -162.922312500001226 ], [ -133.566278409093258, -164.254977272728496 ], [ -129.960244318184181, -165.979602272728499 ], [ -128.078835227275079, -167.312267045455769 ], [ -124.629585227275101, -169.585636363637576 ], [ -120.866767045456925, -169.977596590910309 ], [ -117.417517045456918, -169.507244318183041 ], [ -113.341130681820559, -169.272068181819407 ], [ -104.326045454547852, -172.250965909092173 ], [ -99.936090909093323, -173.034886363637611 ], [ -92.253670454547873, -173.19167045454671 ], [ -85.982306818184242, -171.623829545455806 ], [ -81.435568181820614, -169.115284090910365 ], [ -78.299886363638805, -167.233875000001262 ], [ -77.515965909093353, -164.098193181819454 ], [ -75.320988636366081, -157.67004545454671 ], [ -73.439579545457008, -155.161500000001269 ], [ -70.931034090911567, -151.712250000001291 ], [ -63.091829545457017, -145.754454545455843 ], [ -54.625488636366129, -146.69515909091038 ], [ -49.921965909093416, -147.322295454546747 ], [ -47.099852272729777, -151.398681818183093 ], [ -45.845579545457042, -154.847931818183099 ], [ -44.591306818184336, -158.924318181819444 ], [ -43.337034090911601, -161.746431818183083 ], [ -39.887784090911595, -168.33136363636487 ], [ -38.006375000002521, -172.407750000001244 ], [ -38.31994318182069, -178.051977272728493 ], [ -32.675715909093441, -184.009772727273969 ], [ -26.090784090911626, -186.51831818181941 ], [ -21.700829545457083, -189.026863636364851 ], [ -17.624443181820737, -192.789681818183027 ], [ -6.844609204796844, -196.570898693680363 ], [ -6.863736351176481, -200.931888068237669 ], [ -6.871957827214149, -202.806384604826007 ], [ -7.0, -232.0 ], [ -28.0, -228.0 ], [ -54.0, -224.0 ], [ -67.0, -221.0 ], [ -81.0, -220.0 ], [ -103.0, -215.0 ], [ -119.0, -213.0 ], [ -154.0, -211.0 ], [ -175.506022727275109, -211.0 ], [ -175.506022727275109, -210.349500000001115 ], [ -176.446727272729646, -205.645977272728402 ], [ -178.01456818182055, -201.883159090910226 ], [ -182.718090909093263, -196.866068181819344 ], [ -186.167340909093269, -192.78968181818297 ], [ -187.735181818184174, -191.535409090910264 ], [ -190.870863636365982, -189.967568181819331 ], [ -196.51509090909326, -191.535409090910264 ], [ -199.023636363638701, -198.12034090909205 ], [ -203.727159090911414, -200.315318181819322 ], [ -206.235704545456883, -200.628886363637491 ], [ -209.684954545456861, -197.806772727273881 ], [ -213.447772727275037, -196.238931818182948 ], [ -219.092000000002315, -191.535409090910264 ], [ -223.16838636363866, -188.086159090910257 ], [ -226.931204545456836, -187.77259090909206 ], [ -232.261863636365945, -185.264045454546618 ], [ -237.592522727275025, -181.501227272728443 ], [ -238.533227272729562, -177.424840909092097 ], [ -238.533227272729562, -173.975590909092091 ], [ -239.473931818184099, -167.704227272728474 ], [ -241.982477272729568, -163.6278409090921 ], [ -245.118159090911377, -160.178590909092122 ], [ -244.491022727274981, -156.729340909092116 ], [ -239.160363636365901, -155.161500000001212 ], [ -236.024681818184092, -155.161500000001212 ], [ -230.694022727275012, -155.161500000001212 ], [ -226.617636363638667, -154.847931818183042 ], [ -222.854818181820491, -153.907227272728477 ], [ -219.719136363638654, -152.025818181819403 ], [ -223.16838636363866, -148.890136363637566 ], [ -229.126181818184108, -147.63586363636486 ], [ -231.948295454547747, -147.63586363636486 ], [ -235.397545454547753, -147.008727272728493 ], [ -238.219659090911364, -145.754454545455758 ], [ -239.787500000002296, -144.186613636364854 ], [ -238.219659090911364, -141.364500000001215 ], [ -237.592522727275025, -140.110227272728508 ], [ -243.236750000002274, -136.9745454545467 ], [ -247.626704545456818, -136.9745454545467 ], [ -249.50811363636592, -137.915250000001237 ], [ -251.703090909093163, -138.228818181819406 ], [ -253.270931818184067, -135.720272727273965 ], [ -254.525204545456802, -131.643886363637591 ], [ -255.152340909093169, -124.431818181819438 ], [ -255.152340909093169, -119.728295454546711 ], [ -254.211636363638632, -109.694113636364932 ], [ -252.957363636365898, -101.227772727274029 ], [ -252.33022727272953, -94.015704545455861 ], [ -251.075954545456824, -91.82072727272859 ], [ -248.567409090911383, -90.566454545455855 ], [ -244.804590909093179, -90.880022727274053 ], [ -242.609613636365907, -92.447863636364957 ], [ -238.219659090911364, -90.880022727274053 ], [ -234.456840909093216, -88.685045454546781 ], [ -231.634727272729549, -84.922227272728605 ], [ -230.066886363638673, -81.786545454546783 ], [ -226.931204545456865, -76.769454545455886 ], [ -225.049795454547734, -67.048840909092263 ], [ -224.422659090911395, -62.658886363637727 ], [ -222.854818181820463, -56.701090909092279 ], [ -220.346272727275021, -52.311136363637743 ], [ -218.464863636365919, -43.844795454546848 ], [ -218.15129545454775, -40.081977272728672 ], [ -217.524159090911382, -33.497045454546864 ], [ -216.897022727275044, -29.734227272728685 ], [ -214.702045454547772, -23.149295454546877 ], [ -213.761340909093235, -21.267886363637789 ], [ -209.371386363638692, -19.072909090910521 ], [ -207.17640909091142, -18.759340909092337 ], [ -204.667863636365951, -19.700045454546881 ], [ -199.650772727275069, -24.403568181819601 ], [ -194.947250000002327, -29.734227272728685 ], [ -191.18443181818418, -36.005590909092312 ], [ -186.794477272729637, -42.276954545455943 ], [ -183.34522727272963, -48.234750000001384 ], [ -181.150250000002359, -52.311136363637743 ], [ -181.150250000002359, -59.209636363637735 ], [ -179.895977272729624, -63.599590909092271 ], [ -178.01456818182055, -68.616681818183167 ], [ -175.506022727275081, -72.379500000001343 ], [ -171.116068181820566, -75.201613636364982 ], [ -165.471840909093288, -76.455886363637703 ], [ -159.200477272729671, -78.337295454546791 ], [ -154.18338636363876, -78.337295454546791 ], [ -150.107000000002415, -77.396590909092254 ], [ -145.403477272729674, -78.650863636364974 ], [ -142.894931818184233, -81.786545454546797 ], [ -139.132113636366057, -84.608659090910422 ], [ -135.682863636366051, -87.117204545455877 ], [ -132.86075000000244, -91.193590909092237 ], [ -129.097931818184264, -93.702136363637678 ] ], [ [ -193.692977272729593, -118.78759090909216 ], [ -195.260818181820497, -115.651909090910351 ], [ -197.455795454547768, -113.14336363636491 ], [ -201.532181818184142, -110.634818181819455 ], [ -207.489977272729561, -108.126272727273999 ], [ -212.820636363638641, -107.185568181819463 ], [ -217.210590909093185, -107.185568181819463 ], [ -223.168386363638632, -108.439840909092183 ], [ -228.185477272729543, -111.575522727274006 ], [ -231.321159090911351, -115.965477272728535 ], [ -232.889000000002255, -118.78759090909216 ], [ -232.575431818184086, -122.550409090910335 ], [ -226.304068181820469, -124.431818181819438 ], [ -223.481954545456801, -126.313227272728511 ], [ -219.092000000002258, -132.584590909092157 ], [ -215.95631818182045, -134.779568181819428 ], [ -210.3120909090932, -135.720272727273965 ], [ -205.922136363638657, -135.720272727273965 ], [ -201.218613636365944, -133.525295454546693 ], [ -196.828659090911401, -130.389613636364885 ], [ -195.260818181820497, -127.253931818183077 ], [ -195.260818181820497, -124.745386363637607 ], [ -196.201522727275034, -122.863977272728533 ], [ -193.692977272729593, -118.78759090909216 ] ] ] ] } },
{ "type": "Feature", "properties": { "visible": 1, "color": -32768, "chunks": [ ], "minimapNameVisible": 1, "personal": 0, "announceInChat": 0, "mode": "Vertex", "fullscreenVisible": 1, "announceInTitle": 0, "id": "629b99e0-3eb0-49fd-85a9-0ac4753a3f14", "name2": "13ha 30a 54ca", "fullscreenNameVisible": 1, "dimension": "minecraft:overworld", "name1": "35.III.4", "minimapVisible": 1, "fullscreenOwnerVisible": 0, "minimapOwnerVisible": 0, "fid": 44, "TYPE": "III", "SSTYPE": "4", "SPECIES": "dtbwg:pine", "SURF": null, "PARFOR": "35" }, "geometry": { "type": "MultiPolygon", "coordinates": [ [ [ [ -6.186023364114005, -46.413327017993176 ], [ -7.119909090911676, -46.039772727274105 ], [ -12.137000000002615, -42.904090909092297 ], [ -17.467659090911695, -41.022681818183209 ], [ -18.408363636366232, -41.022681818183209 ], [ -28.128977272729855, -39.454840909092297 ], [ -30.323954545457127, -35.692022727274122 ], [ -33.459636363638936, -34.124181818183217 ], [ -39.103863636366185, -32.86990909091049 ], [ -45.37522727272983, -32.86990909091049 ], [ -54.155136363638917, -32.242772727274129 ], [ -58.545090909093432, -30.047795454546858 ], [ -61.053636363638901, -29.107090909092314 ], [ -66.070727272729783, -29.420659090910497 ], [ -68.579272727275253, -32.242772727274129 ], [ -72.342090909093429, -38.827704545455937 ], [ -78.613454545457046, -42.904090909092297 ], [ -82.062704545457052, -42.904090909092297 ], [ -84.884818181820663, -44.471931818183201 ], [ -87.079795454547934, -46.353340909092289 ], [ -88.961204545457036, -49.489022727274104 ], [ -92.096886363638845, -56.387522727274089 ], [ -92.096886363638845, -57.641795454546823 ], [ -92.096886363638845, -58.268931818183177 ], [ -95.232568181820653, -63.599590909092271 ], [ -98.995386363638829, -63.91315909091044 ], [ -104.326045454547909, -62.65888636363772 ], [ -104.326045454547909, -58.896068181819544 ], [ -103.69890909091157, -50.743295454546825 ], [ -103.69890909091157, -44.471931818183201 ], [ -103.69890909091157, -39.454840909092297 ], [ -104.326045454547909, -34.437750000001401 ], [ -107.775295454547916, -27.53925000000141 ], [ -109.34313636363882, -26.912113636365042 ], [ -120.945159090911545, -26.284977272728682 ], [ -127.530090909093332, -24.717136363637778 ], [ -132.860750000002412, -24.09000000000141 ], [ -138.818545454547859, -26.284977272728682 ], [ -141.013522727275131, -29.734227272728674 ], [ -140.072818181820594, -33.183477272728673 ], [ -137.877840909093322, -38.514136363637753 ], [ -135.682863636366051, -42.276954545455929 ], [ -131.292909090911508, -44.785500000001385 ], [ -124.707977272729721, -46.039772727274105 ], [ -121.258727272729715, -49.489022727274104 ], [ -121.258727272729715, -51.684000000001376 ], [ -122.199431818184252, -58.268931818183177 ], [ -120.318022727275178, -61.404613636364999 ], [ -117.809477272729708, -62.972454545455903 ], [ -114.987363636366098, -65.794568181819528 ], [ -110.597409090911555, -68.930250000001351 ], [ -106.521022727275181, -76.455886363637703 ], [ -107.461727272729746, -77.710159090910423 ], [ -119.690886363638811, -92.761431818183141 ], [ -127.84365909091153, -94.642840909092229 ], [ -129.097931818184264, -93.702136363637678 ], [ -132.86075000000244, -91.193590909092237 ], [ -135.682863636366051, -87.117204545455877 ], [ -139.132113636366057, -84.608659090910422 ], [ -142.894931818184233, -81.786545454546797 ], [ -145.403477272729674, -78.650863636364974 ], [ -150.107000000002415, -77.396590909092254 ], [ -154.18338636363876, -78.337295454546791 ], [ -159.200477272729671, -78.337295454546791 ], [ -165.471840909093288, -76.455886363637703 ], [ -171.116068181820566, -75.201613636364982 ], [ -175.506022727275081, -72.379500000001343 ], [ -178.01456818182055, -68.616681818183167 ], [ -179.895977272729624, -63.599590909092271 ], [ -181.150250000002359, -59.209636363637735 ], [ -181.150250000002359, -52.311136363637743 ], [ -183.34522727272963, -48.234750000001384 ], [ -186.794477272729637, -42.276954545455943 ], [ -191.18443181818418, -36.005590909092312 ], [ -194.947250000002327, -29.734227272728685 ], [ -199.650772727275069, -24.403568181819601 ], [ -204.667863636365951, -19.700045454546881 ], [ -207.17640909091142, -18.759340909092337 ], [ -209.371386363638692, -19.072909090910521 ], [ -213.761340909093235, -21.267886363637789 ], [ -214.702045454547772, -23.149295454546877 ], [ -216.897022727275044, -29.734227272728685 ], [ -217.524159090911382, -33.497045454546864 ], [ -218.15129545454775, -40.081977272728672 ], [ -218.464863636365919, -43.844795454546848 ], [ -220.346272727275021, -52.311136363637743 ], [ -222.854818181820463, -56.701090909092279 ], [ -224.422659090911395, -62.658886363637727 ], [ -225.049795454547734, -67.048840909092263 ], [ -226.931204545456865, -76.769454545455886 ], [ -230.066886363638673, -81.786545454546783 ], [ -231.634727272729549, -84.922227272728605 ], [ -234.456840909093216, -88.685045454546781 ], [ -238.219659090911364, -90.880022727274053 ], [ -242.609613636365907, -92.447863636364957 ], [ -244.804590909093179, -90.880022727274053 ], [ -248.567409090911383, -90.566454545455855 ], [ -251.075954545456824, -91.82072727272859 ], [ -252.33022727272953, -94.015704545455861 ], [ -252.957363636365898, -101.227772727274029 ], [ -254.211636363638632, -109.694113636364932 ], [ -255.152340909093169, -119.728295454546711 ], [ -255.152340909093169, -124.431818181819438 ], [ -254.525204545456802, -131.643886363637591 ], [ -253.270931818184067, -135.720272727273965 ], [ -251.703090909093163, -138.228818181819406 ], [ -249.50811363636592, -137.915250000001237 ], [ -247.626704545456818, -136.9745454545467 ], [ -243.236750000002274, -136.9745454545467 ], [ -237.592522727275025, -140.110227272728508 ], [ -238.219659090911364, -141.364500000001215 ], [ -239.787500000002296, -144.186613636364854 ], [ -238.219659090911364, -145.754454545455758 ], [ -235.397545454547753, -147.008727272728493 ], [ -231.948295454547747, -147.63586363636486 ], [ -229.126181818184108, -147.63586363636486 ], [ -223.16838636363866, -148.890136363637566 ], [ -219.719136363638654, -152.025818181819403 ], [ -222.854818181820491, -153.907227272728477 ], [ -226.617636363638667, -154.847931818183042 ], [ -230.694022727275012, -155.161500000001212 ], [ -236.024681818184092, -155.161500000001212 ], [ -239.160363636365901, -155.161500000001212 ], [ -244.491022727274981, -156.729340909092116 ], [ -245.118159090911377, -160.178590909092122 ], [ -241.982477272729568, -163.6278409090921 ], [ -239.473931818184099, -167.704227272728474 ], [ -238.533227272729562, -173.975590909092091 ], [ -238.533227272729562, -177.424840909092097 ], [ -237.592522727275025, -181.501227272728443 ], [ -232.261863636365945, -185.264045454546618 ], [ -226.931204545456836, -187.77259090909206 ], [ -223.16838636363866, -188.086159090910257 ], [ -219.092000000002315, -191.535409090910264 ], [ -213.447772727275037, -196.238931818182948 ], [ -209.684954545456861, -197.806772727273881 ], [ -206.235704545456883, -200.628886363637491 ], [ -203.727159090911414, -200.315318181819322 ], [ -199.023636363638701, -198.12034090909205 ], [ -196.51509090909326, -191.535409090910264 ], [ -190.870863636365982, -189.967568181819331 ], [ -187.735181818184174, -191.535409090910264 ], [ -186.167340909093269, -192.78968181818297 ], [ -182.718090909093263, -196.866068181819344 ], [ -178.01456818182055, -201.883159090910226 ], [ -176.446727272729646, -205.645977272728402 ], [ -175.506022727275109, -210.349500000001115 ], [ -175.506022727275109, -211.0 ], [ -191.0, -211.0 ], [ -214.0, -207.0 ], [ -227.0, -204.0 ], [ -242.0, -202.0 ], [ -252.0, -189.0 ], [ -267.0, -168.0 ], [ -268.959156432247653, -166.204106603772999 ], [ -267.381500000002234, -163.157488636364747 ], [ -266.597579545456824, -158.453965909092034 ], [ -266.754363636365895, -154.691147727273886 ], [ -264.089034090911355, -147.949431818182973 ], [ -265.029738636365892, -144.029829545455698 ], [ -266.754363636365895, -140.110227272728451 ], [ -268.478988636365898, -135.093136363637541 ], [ -268.478988636365898, -130.703181818182998 ], [ -266.911147727274965, -127.567500000001189 ], [ -264.716170454547694, -123.020761363637575 ], [ -265.50009090909316, -120.669000000001205 ], [ -266.284011363638626, -115.808693181819393 ], [ -263.932250000002227, -110.948386363637582 ], [ -264.089034090911241, -103.736318181819399 ], [ -267.067931818183979, -98.092090909092136 ], [ -269.419693181820321, -94.486056818183059 ], [ -268.949340909093053, -89.468965909092148 ], [ -267.538284090911247, -85.549363636364887 ], [ -263.932250000002171, -82.727250000001263 ], [ -259.542295454547627, -81.159409090910344 ], [ -254.525204545456717, -79.278000000001256 ], [ -254.043274370631593, -76.547062342658947 ], [ -253.58450000000218, -73.947340909092176 ], [ -251.389522727274908, -68.459897727273997 ], [ -245.118159090911263, -61.247829545455829 ], [ -241.355340909093115, -57.171443181819477 ], [ -241.198556818184073, -51.370431818183107 ], [ -241.198556818184073, -42.747306818183127 ], [ -240.571420454547706, -34.908102272728591 ], [ -239.003579545456802, -25.657840909092243 ], [ -239.003579545456802, -17.505068181819524 ], [ -239.630715909093169, -10.763352272728628 ], [ -240.040616046834288, -4.0 ], [ -6.0, -4.0 ], [ -6.186023364114005, -46.413327017993176 ] ] ] ] } },
{ "type": "Feature", "properties": { "visible": 1, "color": -32768, "chunks": [ ], "minimapNameVisible": 1, "personal": 0, "announceInChat": 0, "mode": "Vertex", "fullscreenVisible": 1, "announceInTitle": 0, "id": "629b99e0-3eb0-49fd-85a9-0ac4753a3f14", "name2": "13ha 30a 54ca", "fullscreenNameVisible": 1, "dimension": "minecraft:overworld", "name1": "35.III.4", "minimapVisible": 1, "fullscreenOwnerVisible": 0, "minimapOwnerVisible": 0, "fid": 44, "TYPE": "III", "SSTYPE": "4", "SPECIES": "dtbwg:pine", "SURF": null, "PARFOR": "35" }, "geometry": { "type": "MultiPolygon", "coordinates": [ [ [ [ -193.692977272729593, -118.78759090909216 ], [ -195.260818181820497, -115.651909090910351 ], [ -197.455795454547768, -113.14336363636491 ], [ -201.532181818184142, -110.634818181819455 ], [ -207.489977272729561, -108.126272727273999 ], [ -212.820636363638641, -107.185568181819463 ], [ -217.210590909093185, -107.185568181819463 ], [ -223.168386363638632, -108.439840909092183 ], [ -228.185477272729543, -111.575522727274006 ], [ -231.321159090911351, -115.965477272728535 ], [ -232.889000000002255, -118.78759090909216 ], [ -232.575431818184086, -122.550409090910335 ], [ -226.304068181820469, -124.431818181819438 ], [ -223.481954545456801, -126.313227272728511 ], [ -219.092000000002258, -132.584590909092157 ], [ -215.95631818182045, -134.779568181819428 ], [ -210.3120909090932, -135.720272727273965 ], [ -205.922136363638657, -135.720272727273965 ], [ -201.218613636365944, -133.525295454546693 ], [ -196.828659090911401, -130.389613636364885 ], [ -195.260818181820497, -127.253931818183077 ], [ -195.260818181820497, -124.745386363637607 ], [ -196.201522727275034, -122.863977272728533 ], [ -193.692977272729593, -118.78759090909216 ] ] ] ] } },
{ "type": "Feature", "properties": { "visible": 1, "color": -32768, "chunks": [ ], "minimapNameVisible": 1, "personal": 0, "announceInChat": 0, "mode": "Vertex", "fullscreenVisible": 1, "announceInTitle": 0, "id": "629b99e0-3eb0-49fd-85a9-0ac4753a3f14", "name2": "13ha 30a 54ca", "fullscreenNameVisible": 1, "dimension": "minecraft:overworld", "name1": "35.III.4", "minimapVisible": 1, "fullscreenOwnerVisible": 0, "minimapOwnerVisible": 0, "fid": 44, "TYPE": "III", "SSTYPE": "4", "SPECIES": "dtbwg:pine", "SURF": null, "PARFOR": "35" }, "geometry": { "type": "MultiPolygon", "coordinates": [ [ [ [ -162.336159090911451, -101.854909090910382 ], [ -169.861795454547803, -103.422750000001287 ], [ -173.624613636365979, -106.558431818183095 ], [ -175.506022727275081, -111.575522727274006 ], [ -174.878886363638713, -116.279045454546718 ], [ -172.370340909093272, -122.863977272728533 ], [ -172.370340909093272, -128.194636363637613 ], [ -172.370340909093272, -131.957454545455789 ], [ -174.878886363638713, -137.288113636364869 ], [ -177.387431818184155, -138.542386363637604 ], [ -179.895977272729624, -141.050931818183045 ], [ -182.404522727275065, -144.813750000001221 ], [ -185.226636363638704, -149.830840909092132 ], [ -186.48090909091141, -155.475068181819381 ], [ -186.48090909091141, -163.6278409090921 ], [ -186.167340909093241, -168.017795454546643 ], [ -182.718090909093235, -172.407750000001187 ], [ -179.895977272729624, -176.170568181819363 ], [ -177.073863636365957, -178.679113636364804 ], [ -170.48893181818417, -183.069068181819347 ], [ -166.098977272729627, -184.009772727273884 ], [ -164.217568181820525, -178.992681818183001 ], [ -164.217568181820525, -174.602727272728458 ], [ -163.904000000002355, -169.272068181819378 ], [ -166.098977272729627, -163.6278409090921 ], [ -169.548227272729605, -160.492159090910292 ], [ -171.429636363638707, -157.356477272728483 ], [ -172.370340909093272, -153.593659090910307 ], [ -172.997477272729611, -147.63586363636486 ], [ -172.997477272729611, -144.186613636364854 ], [ -171.743204545456877, -141.050931818183045 ], [ -169.234659090911435, -137.601681818183039 ], [ -166.098977272729627, -135.406704545455767 ], [ -162.022590909093282, -132.584590909092157 ], [ -157.319068181820541, -128.194636363637613 ], [ -154.183386363638732, -124.11825000000124 ], [ -151.047704545456924, -121.296136363637629 ], [ -150.420568181820556, -118.78759090909216 ], [ -150.420568181820556, -115.338340909092182 ], [ -151.047704545456924, -110.321250000001271 ], [ -153.556250000002365, -106.244863636364911 ], [ -154.810522727275099, -103.422750000001287 ], [ -155.124090909093269, -101.227772727274015 ], [ -156.064795454547834, -100.600636363637648 ], [ -162.336159090911451, -101.854909090910382 ] ] ] ] } },
{ "type": "Feature", "properties": { "visible": 1, "color": -32768, "chunks": [ ], "minimapNameVisible": 1, "personal": 0, "announceInChat": 0, "mode": "Vertex", "fullscreenVisible": 1, "announceInTitle": 0, "id": "629b99e0-3eb0-49fd-85a9-0ac4753a3f14", "name2": "13ha 30a 54ca", "fullscreenNameVisible": 1, "dimension": "minecraft:overworld", "name1": "35.V.3", "minimapVisible": 1, "fullscreenOwnerVisible": 0, "minimapOwnerVisible": 0, "fid": 44, "TYPE": "V", "SSTYPE": "3", "SPECIES": "dynamictrees:birch", "SURF": null, "PARFOR": "35" }, "geometry": { "type": "MultiPolygon", "coordinates": [ [ [ [ -7.119909090911676, -46.039772727274105 ], [ -22.171181818184351, -49.489022727274076 ], [ -29.383250000002533, -51.05686363636498 ], [ -36.908886363638885, -54.192545454546796 ], [ -40.044568181820694, -54.819681818183156 ], [ -45.688795454547972, -56.387522727274067 ], [ -50.705886363638882, -58.582500000001332 ], [ -55.722977272729764, -62.658886363637691 ], [ -61.99434090909341, -66.421704545455867 ], [ -67.32500000000249, -66.108136363637698 ], [ -70.774250000002468, -65.167431818183147 ], [ -74.850636363638841, -63.286022727274059 ], [ -79.240590909093385, -62.972454545455875 ], [ -95.232568181820653, -63.599590909092271 ], [ -92.096886363638845, -58.268931818183177 ], [ -92.096886363638845, -57.641795454546823 ], [ -92.096886363638845, -56.387522727274089 ], [ -88.961204545457036, -49.489022727274104 ], [ -87.079795454547934, -46.353340909092289 ], [ -84.884818181820663, -44.471931818183201 ], [ -82.062704545457052, -42.904090909092297 ], [ -78.613454545457046, -42.904090909092297 ], [ -72.342090909093429, -38.827704545455937 ], [ -68.579272727275253, -32.242772727274129 ], [ -66.070727272729783, -29.420659090910497 ], [ -61.053636363638901, -29.107090909092314 ], [ -58.545090909093432, -30.047795454546858 ], [ -54.155136363638917, -32.242772727274129 ], [ -45.37522727272983, -32.86990909091049 ], [ -39.103863636366185, -32.86990909091049 ], [ -33.459636363638936, -34.124181818183217 ], [ -30.323954545457127, -35.692022727274122 ], [ -28.128977272729855, -39.454840909092297 ], [ -18.408363636366232, -41.022681818183209 ], [ -17.467659090911695, -41.022681818183209 ], [ -12.137000000002615, -42.904090909092297 ], [ -7.119909090911676, -46.039772727274105 ] ] ] ] } },
{ "type": "Feature", "properties": { "visible": 1, "color": -32768, "chunks": [ ], "minimapNameVisible": 1, "personal": 0, "announceInChat": 0, "mode": "Vertex", "fullscreenVisible": 1, "announceInTitle": 0, "id": "629b99e0-3eb0-49fd-85a9-0ac4753a3f14", "name2": "13ha 30a 54ca", "fullscreenNameVisible": 1, "dimension": "minecraft:overworld", "name1": "35.V.3", "minimapVisible": 1, "fullscreenOwnerVisible": 0, "minimapOwnerVisible": 0, "fid": 44, "TYPE": "V", "SSTYPE": "3", "SPECIES": "dynamictrees:birch", "SURF": null, "PARFOR": "35" }, "geometry": { "type": "MultiPolygon", "coordinates": [ [ [ [ -95.232568181820653, -63.599590909092271 ], [ -91.156181818184251, -70.498090909092227 ], [ -91.156181818184251, -73.947340909092219 ], [ -93.351159090911523, -79.905136363637666 ], [ -94.291863636366088, -83.354386363637659 ], [ -90.842613636366082, -88.057909090910385 ], [ -87.079795454547906, -90.252886363637657 ], [ -83.00340909091156, -92.134295454546745 ], [ -80.494863636366091, -95.897113636364921 ], [ -82.062704545456995, -98.405659090910362 ], [ -86.452659090911538, -99.659931818183097 ], [ -92.096886363638816, -99.97350000000128 ], [ -94.919000000002441, -100.914204545455817 ], [ -95.859704545456978, -105.30415909091036 ], [ -95.232568181820625, -108.439840909092169 ], [ -92.724022727275184, -112.202659090910345 ], [ -91.156181818184251, -115.024772727273984 ], [ -89.588340909093347, -118.474022727273976 ], [ -88.334068181820641, -122.550409090910335 ], [ -88.334068181820641, -127.567500000001232 ], [ -89.588340909093347, -132.898159090910326 ], [ -91.469750000002449, -137.288113636364869 ], [ -93.664727272729721, -141.991636363637582 ], [ -96.800409090911529, -144.500181818183023 ], [ -103.385340909093344, -147.949431818183029 ], [ -108.40243181818424, -149.203704545455736 ], [ -114.673795454547871, -148.576568181819397 ], [ -116.868772727275129, -145.44088636363756 ], [ -117.182340909093313, -143.559477272728486 ], [ -115.614500000002408, -140.423795454546678 ], [ -113.105954545456953, -136.347409090910332 ], [ -113.105954545456953, -134.152431818183061 ], [ -113.105954545456953, -131.016750000001224 ], [ -115.614500000002408, -127.881068181819415 ], [ -118.123045454547864, -126.940363636364864 ], [ -120.631590909093305, -127.253931818183048 ], [ -120.945159090911488, -131.957454545455789 ], [ -122.199431818184223, -133.211727272728496 ], [ -125.648681818184215, -132.271022727273959 ], [ -126.902954545456936, -130.389613636364857 ], [ -130.97934090909331, -127.253931818183048 ], [ -130.97934090909331, -126.626795454546695 ], [ -133.80145454545692, -123.491113636364872 ], [ -134.428590909093288, -118.474022727273976 ], [ -133.174318181820581, -114.084068181819433 ], [ -130.665772727275112, -111.889090909092161 ], [ -124.394409090911495, -111.575522727273992 ], [ -121.258727272729672, -113.456931818183079 ], [ -117.182340909093313, -117.219750000001255 ], [ -114.673795454547871, -119.101159090910343 ], [ -111.224545454547865, -121.609704545455784 ], [ -107.775295454547873, -122.550409090910335 ], [ -107.14815909091152, -120.355431818183064 ], [ -109.343136363638777, -115.338340909092167 ], [ -109.656704545456961, -113.770500000001249 ], [ -108.716000000002424, -110.321250000001257 ], [ -108.40243181818424, -108.753409090910353 ], [ -110.910977272729696, -105.931295454546714 ], [ -115.928068181820592, -106.244863636364897 ], [ -118.436613636366047, -105.617727272728544 ], [ -120.318022727275135, -102.795613636364905 ], [ -127.84365909091153, -94.642840909092229 ], [ -119.690886363638811, -92.761431818183141 ], [ -107.461727272729746, -77.710159090910423 ], [ -106.521022727275181, -76.455886363637703 ], [ -110.597409090911555, -68.930250000001351 ], [ -114.987363636366098, -65.794568181819528 ], [ -117.809477272729708, -62.972454545455903 ], [ -120.318022727275178, -61.404613636364999 ], [ -122.199431818184252, -58.268931818183177 ], [ -121.258727272729715, -51.684000000001376 ], [ -121.258727272729715, -49.489022727274104 ], [ -124.707977272729721, -46.039772727274105 ], [ -131.292909090911508, -44.785500000001385 ], [ -135.682863636366051, -42.276954545455929 ], [ -137.877840909093322, -38.514136363637753 ], [ -140.072818181820594, -33.183477272728673 ], [ -141.013522727275131, -29.734227272728674 ], [ -138.818545454547859, -26.284977272728682 ], [ -132.860750000002412, -24.09000000000141 ], [ -127.530090909093332, -24.717136363637778 ], [ -120.945159090911545, -26.284977272728682 ], [ -109.34313636363882, -26.912113636365042 ], [ -107.775295454547916, -27.53925000000141 ], [ -104.326045454547909, -34.437750000001401 ], [ -103.69890909091157, -39.454840909092297 ], [ -103.69890909091157, -44.471931818183201 ], [ -103.69890909091157, -50.743295454546825 ], [ -104.326045454547909, -58.896068181819544 ], [ -104.326045454547909, -62.65888636363772 ], [ -98.995386363638829, -63.91315909091044 ], [ -95.232568181820653, -63.599590909092271 ] ] ] ] } },
{ "type": "Feature", "properties": { "visible": 1, "color": -32768, "chunks": [ ], "minimapNameVisible": 1, "personal": 0, "announceInChat": 0, "mode": "Vertex", "fullscreenVisible": 1, "announceInTitle": 0, "id": "629b99e0-3eb0-49fd-85a9-0ac4753a3f14", "name2": "13ha 30a 54ca", "fullscreenNameVisible": 1, "dimension": "minecraft:overworld", "name1": "35.III.4", "minimapVisible": 1, "fullscreenOwnerVisible": 0, "minimapOwnerVisible": 0, "fid": 44, "TYPE": "III", "SSTYPE": "4", "SPECIES": "dtbop:fir", "SURF": null, "PARFOR": "35" }, "geometry": { "type": "MultiPolygon", "coordinates": [ [ [ [ -151.047704545456924, -110.321250000001271 ], [ -129.097931818184264, -93.702136363637678 ], [ -127.84365909091153, -94.642840909092229 ], [ -120.318022727275135, -102.795613636364905 ], [ -118.436613636366047, -105.617727272728544 ], [ -115.928068181820592, -106.244863636364897 ], [ -110.910977272729696, -105.931295454546714 ], [ -108.40243181818424, -108.753409090910353 ], [ -108.716000000002424, -110.321250000001257 ], [ -109.656704545456961, -113.770500000001249 ], [ -109.343136363638777, -115.338340909092167 ], [ -107.14815909091152, -120.355431818183064 ], [ -107.775295454547873, -122.550409090910335 ], [ -111.224545454547865, -121.609704545455784 ], [ -114.673795454547871, -119.101159090910343 ], [ -117.182340909093313, -117.219750000001255 ], [ -121.258727272729672, -113.456931818183079 ], [ -124.394409090911495, -111.575522727273992 ], [ -130.665772727275112, -111.889090909092161 ], [ -133.174318181820581, -114.084068181819433 ], [ -134.428590909093288, -118.474022727273976 ], [ -133.80145454545692, -123.491113636364872 ], [ -130.97934090909331, -126.626795454546695 ], [ -130.97934090909331, -127.253931818183048 ], [ -126.902954545456936, -130.389613636364857 ], [ -125.648681818184215, -132.271022727273959 ], [ -122.199431818184223, -133.211727272728496 ], [ -120.945159090911488, -131.957454545455789 ], [ -120.631590909093305, -127.253931818183048 ], [ -118.123045454547864, -126.940363636364864 ], [ -115.614500000002408, -127.881068181819415 ], [ -113.105954545456953, -131.016750000001224 ], [ -113.105954545456953, -134.152431818183061 ], [ -113.105954545456953, -136.347409090910332 ], [ -115.614500000002408, -140.423795454546678 ], [ -117.182340909093313, -143.559477272728486 ], [ -116.868772727275129, -145.44088636363756 ], [ -114.673795454547871, -148.576568181819397 ], [ -108.40243181818424, -149.203704545455736 ], [ -103.385340909093344, -147.949431818183029 ], [ -96.800409090911529, -144.500181818183023 ], [ -93.664727272729721, -141.991636363637582 ], [ -91.469750000002449, -137.288113636364869 ], [ -89.588340909093347, -132.898159090910326 ], [ -88.334068181820641, -127.567500000001232 ], [ -88.334068181820641, -122.550409090910335 ], [ -89.588340909093347, -118.474022727273976 ], [ -91.156181818184251, -115.024772727273984 ], [ -92.724022727275184, -112.202659090910345 ], [ -95.232568181820625, -108.439840909092169 ], [ -95.859704545456978, -105.30415909091036 ], [ -94.919000000002441, -100.914204545455817 ], [ -92.096886363638816, -99.97350000000128 ], [ -86.452659090911538, -99.659931818183097 ], [ -82.062704545456995, -98.405659090910362 ], [ -80.494863636366091, -95.897113636364921 ], [ -83.00340909091156, -92.134295454546745 ], [ -87.079795454547906, -90.252886363637657 ], [ -90.842613636366082, -88.057909090910385 ], [ -94.291863636366088, -83.354386363637659 ], [ -93.351159090911523, -79.905136363637666 ], [ -91.156181818184251, -73.947340909092219 ], [ -91.156181818184251, -70.498090909092227 ], [ -95.232568181820653, -63.599590909092271 ], [ -79.240590909093385, -62.972454545455875 ], [ -74.850636363638841, -63.286022727274059 ], [ -70.774250000002468, -65.167431818183147 ], [ -67.32500000000249, -66.108136363637698 ], [ -61.99434090909341, -66.421704545455867 ], [ -55.722977272729764, -62.658886363637691 ], [ -50.705886363638882, -58.582500000001332 ], [ -45.688795454547972, -56.387522727274067 ], [ -40.044568181820694, -54.819681818183156 ], [ -36.908886363638885, -54.192545454546796 ], [ -29.383250000002533, -51.05686363636498 ], [ -22.171181818184351, -49.489022727274076 ], [ -7.119909090911676, -46.039772727274105 ], [ -6.186023364114005, -46.413327017993176 ], [ -6.844609204796844, -196.570898693680363 ], [ -17.624443181820737, -192.789681818183027 ], [ -21.700829545457083, -189.026863636364851 ], [ -26.090784090911626, -186.51831818181941 ], [ -32.675715909093441, -184.009772727273969 ], [ -38.31994318182069, -178.051977272728493 ], [ -38.006375000002521, -172.407750000001244 ], [ -39.887784090911595, -168.33136363636487 ], [ -43.337034090911601, -161.746431818183083 ], [ -44.591306818184336, -158.924318181819444 ], [ -45.845579545457042, -154.847931818183099 ], [ -47.099852272729777, -151.398681818183093 ], [ -49.921965909093416, -147.322295454546747 ], [ -54.625488636366129, -146.69515909091038 ], [ -63.091829545457017, -145.754454545455843 ], [ -70.931034090911567, -151.712250000001291 ], [ -73.439579545457008, -155.161500000001269 ], [ -75.320988636366081, -157.67004545454671 ], [ -77.515965909093353, -164.098193181819454 ], [ -78.299886363638805, -167.233875000001262 ], [ -81.435568181820614, -169.115284090910365 ], [ -85.982306818184242, -171.623829545455806 ], [ -92.253670454547873, -173.19167045454671 ], [ -99.936090909093323, -173.034886363637611 ], [ -104.326045454547852, -172.250965909092173 ], [ -113.341130681820559, -169.272068181819407 ], [ -117.417517045456918, -169.507244318183041 ], [ -120.866767045456925, -169.977596590910309 ], [ -124.629585227275101, -169.585636363637576 ], [ -128.078835227275079, -167.312267045455769 ], [ -129.960244318184181, -165.979602272728499 ], [ -133.566278409093258, -164.254977272728496 ], [ -137.642664772729631, -162.922312500001226 ], [ -140.699954545456876, -162.216784090910323 ], [ -144.462772727275052, -161.746431818183055 ], [ -148.303982954547791, -161.040903409092152 ], [ -150.890920454547768, -160.335375000001221 ], [ -154.967306818184142, -160.021806818183052 ], [ -157.240676136365948, -160.100198863637587 ], [ -160.062789772729587, -160.80572727272849 ], [ -166.098977272729627, -163.6278409090921 ], [ -169.548227272729605, -160.492159090910292 ], [ -171.429636363638707, -157.356477272728483 ], [ -172.370340909093272, -153.593659090910307 ], [ -172.997477272729611, -147.63586363636486 ], [ -172.997477272729611, -144.186613636364854 ], [ -171.743204545456877, -141.050931818183045 ], [ -169.234659090911435, -137.601681818183039 ], [ -166.098977272729627, -135.406704545455767 ], [ -162.022590909093282, -132.584590909092157 ], [ -157.319068181820541, -128.194636363637613 ], [ -154.183386363638732, -124.11825000000124 ], [ -151.047704545456924, -121.296136363637629 ], [ -150.420568181820556, -118.78759090909216 ], [ -150.420568181820556, -115.338340909092182 ], [ -151.047704545456924, -110.321250000001271 ] ], [ [ -43.96417045454794, -96.837818181819557 ], [ -46.159147727275212, -94.642840909092286 ], [ -46.786284090911579, -94.642840909092286 ], [ -50.235534090911557, -92.134295454546844 ], [ -52.116943181820659, -90.88002272727411 ], [ -56.193329545457004, -89.625750000001389 ], [ -61.210420454547915, -91.820727272728661 ], [ -62.151125000002466, -95.583545454546837 ], [ -62.151125000002466, -98.719227272728645 ], [ -59.956147727275194, -100.914204545455917 ], [ -56.820465909093372, -103.736318181819556 ], [ -56.820465909093372, -108.753409090910452 ], [ -56.820465909093372, -112.202659090910444 ], [ -54.311920454547931, -117.846886363637708 ], [ -53.998352272729733, -120.355431818183163 ], [ -53.371215909093394, -125.686090909092243 ], [ -52.116943181820659, -129.762477272728603 ], [ -52.430511363638828, -134.466000000001316 ], [ -52.430511363638828, -139.483090909092226 ], [ -52.430511363638828, -140.110227272728594 ], [ -49.921965909093416, -147.322295454546747 ], [ -47.099852272729777, -151.398681818183093 ], [ -37.379238636366125, -151.085113636364952 ], [ -34.870693181820684, -151.085113636364952 ], [ -30.794306818184339, -149.203704545455849 ], [ -26.717920454547965, -144.813750000001306 ], [ -23.582238636366156, -138.542386363637689 ], [ -20.760125000002517, -136.033840909092248 ], [ -17.624443181820709, -134.779568181819513 ], [ -15.429465909093437, -132.584590909092242 ], [ -12.920920454547996, -128.508204545455897 ], [ -12.293784090911629, -125.37252272727406 ], [ -12.607352272729798, -120.669000000001347 ], [ -16.056602272729805, -115.024772727274083 ], [ -20.760125000002517, -115.024772727274083 ], [ -24.522943181820693, -117.846886363637708 ], [ -28.599329545457067, -114.397636363637716 ], [ -32.048579545457045, -109.694113636365003 ], [ -32.989284090911582, -109.066977272728636 ], [ -36.124965909093419, -109.066977272728636 ], [ -38.947079545457029, -106.55843181818318 ], [ -41.142056818184301, -103.109181818183188 ], [ -43.96417045454794, -96.837818181819557 ] ] ] ] } },
{ "type": "Feature", "properties": { "visible": 1, "color": -32768, "chunks": [ ], "minimapNameVisible": 1, "personal": 0, "announceInChat": 0, "mode": "Vertex", "fullscreenVisible": 1, "announceInTitle": 0, "id": "629b99e0-3eb0-49fd-85a9-0ac4753a3f14", "name2": "13ha 30a 54ca", "fullscreenNameVisible": 1, "dimension": "minecraft:overworld", "name1": "35.V.3", "minimapVisible": 1, "fullscreenOwnerVisible": 0, "minimapOwnerVisible": 0, "fid": 44, "TYPE": "V", "SSTYPE": "3", "SPECIES": "dynamictrees:birch", "SURF": null, "PARFOR": "35" }, "geometry": { "type": "MultiPolygon", "coordinates": [ [ [ [ -43.96417045454794, -96.837818181819557 ], [ -46.159147727275212, -94.642840909092286 ], [ -46.786284090911579, -94.642840909092286 ], [ -50.235534090911557, -92.134295454546844 ], [ -52.116943181820659, -90.88002272727411 ], [ -56.193329545457004, -89.625750000001389 ], [ -61.210420454547915, -91.820727272728661 ], [ -62.151125000002466, -95.583545454546837 ], [ -62.151125000002466, -98.719227272728645 ], [ -59.956147727275194, -100.914204545455917 ], [ -56.820465909093372, -103.736318181819556 ], [ -56.820465909093372, -108.753409090910452 ], [ -56.820465909093372, -112.202659090910444 ], [ -54.311920454547931, -117.846886363637708 ], [ -53.998352272729733, -120.355431818183163 ], [ -53.371215909093394, -125.686090909092243 ], [ -52.116943181820659, -129.762477272728603 ], [ -52.430511363638828, -134.466000000001316 ], [ -52.430511363638828, -139.483090909092226 ], [ -52.430511363638828, -140.110227272728594 ], [ -49.921965909093416, -147.322295454546747 ], [ -47.099852272729777, -151.398681818183093 ], [ -37.379238636366125, -151.085113636364952 ], [ -34.870693181820684, -151.085113636364952 ], [ -30.794306818184339, -149.203704545455849 ], [ -26.717920454547965, -144.813750000001306 ], [ -23.582238636366156, -138.542386363637689 ], [ -20.760125000002517, -136.033840909092248 ], [ -17.624443181820709, -134.779568181819513 ], [ -15.429465909093437, -132.584590909092242 ], [ -12.920920454547996, -128.508204545455897 ], [ -12.293784090911629, -125.37252272727406 ], [ -12.607352272729798, -120.669000000001347 ], [ -16.056602272729805, -115.024772727274083 ], [ -20.760125000002517, -115.024772727274083 ], [ -24.522943181820693, -117.846886363637708 ], [ -28.599329545457067, -114.397636363637716 ], [ -32.048579545457045, -109.694113636365003 ], [ -32.989284090911582, -109.066977272728636 ], [ -36.124965909093419, -109.066977272728636 ], [ -38.947079545457029, -106.55843181818318 ], [ -41.142056818184301, -103.109181818183188 ], [ -43.96417045454794, -96.837818181819557 ] ] ] ] } },
{ "type": "Feature", "properties": { "visible": 1, "color": -32768, "chunks": [ ], "minimapNameVisible": 1, "personal": 0, "announceInChat": 0, "mode": "Vertex", "fullscreenVisible": 1, "announceInTitle": 0, "id": "629b99e0-3eb0-49fd-85a9-0ac4753a3f14", "name2": "13ha 30a 54ca", "fullscreenNameVisible": 1, "dimension": "minecraft:overworld", "name1": "35.I.6", "minimapVisible": 1, "fullscreenOwnerVisible": 0, "minimapOwnerVisible": 0, "fid": 44, "TYPE": "I", "SSTYPE": "6", "SPECIES": "dynamictrees:oak", "SURF": null, "PARFOR": "35" }, "geometry": { "type": "MultiPolygon", "coordinates": [ [ [ [ -254.043274370631593, -76.547062342658947 ], [ -257.504102272729767, -74.104125000001417 ], [ -262.521193181820649, -71.282011363637778 ], [ -268.792556818184266, -66.578488636365066 ], [ -273.18251136363881, -59.993556818183251 ], [ -273.18251136363881, -54.349329545455987 ], [ -275.063920454547883, -49.332238636365091 ], [ -275.063920454547883, -41.493034090910555 ], [ -274.123215909093346, -33.026693181819653 ], [ -274.436784090911544, -25.501056818183301 ], [ -276.318193181820675, -16.721147727274229 ], [ -277.572465909093353, -6.059829545456061 ], [ -277.572465909093353, -4.0 ], [ -240.040616046834288, -4.0 ], [ -239.630715909093169, -10.763352272728628 ], [ -239.003579545456802, -17.505068181819524 ], [ -239.003579545456802, -25.657840909092243 ], [ -240.571420454547706, -34.908102272728591 ], [ -241.198556818184073, -42.747306818183127 ], [ -241.198556818184073, -51.370431818183107 ], [ -241.355340909093115, -57.171443181819477 ], [ -245.118159090911263, -61.247829545455829 ], [ -251.389522727274908, -68.459897727273997 ], [ -253.58450000000218, -73.947340909092176 ], [ -254.043274370631593, -76.547062342658947 ] ] ] ] } },
{ "type": "Feature", "properties": { "visible": 1, "color": -32768, "chunks": [ ], "minimapNameVisible": 1, "personal": 0, "announceInChat": 0, "mode": "Vertex", "fullscreenVisible": 1, "announceInTitle": 0, "id": "629b99e0-3eb0-49fd-85a9-0ac4753a3f14", "name2": "13ha 30a 54ca", "fullscreenNameVisible": 1, "dimension": "minecraft:overworld", "name1": "35.VIII.", "minimapVisible": 1, "fullscreenOwnerVisible": 0, "minimapOwnerVisible": 0, "fid": 44, "TYPE": "VIII", "SSTYPE": null, "SPECIES": null, "SURF": null, "PARFOR": "35" }, "geometry": { "type": "MultiPolygon", "coordinates": [ [ [ [ -636.334603896106046, -34.0 ], [ -635.980897727274623, -36.475943181819638 ], [ -635.667329545456482, -46.196556818183254 ], [ -635.980897727274623, -56.857875000001421 ], [ -637.548738636365556, -66.264920454546868 ], [ -637.235170454547301, -73.163420454546852 ], [ -634.09948863636555, -78.494079545455932 ], [ -625.319579545456463, -83.197602272728659 ], [ -625.006011363638208, -87.273988636365019 ], [ -627.828125000001933, -94.172488636365003 ], [ -635.353761363638228, -98.562443181819546 ], [ -641.625125000001844, -100.757420454546818 ], [ -647.269352272729179, -100.757420454546818 ], [ -658.871375000001876, -98.562443181819546 ], [ -665.142738636365493, -94.486056818183187 ], [ -669.219125000001895, -89.155397727274107 ], [ -674.863352272729117, -84.138306818183196 ], [ -678.626170454547264, -79.1212159090923 ], [ -683.016125000001807, -72.222715909092315 ], [ -686.778943181819955, -68.459897727274139 ], [ -689.287488636365424, -67.205625000001405 ], [ -696.813125000001833, -65.324215909092317 ], [ -697.0, -65.398965909091586 ], [ -697.0, -34.0 ], [ -636.334603896106046, -34.0 ] ] ] ] } },
{ "type": "Feature", "properties": { "visible": 1, "color": -32768, "chunks": [ ], "minimapNameVisible": 1, "personal": 0, "announceInChat": 0, "mode": "Vertex", "fullscreenVisible": 1, "announceInTitle": 0, "id": "8fe1f306-56eb-4874-b8bd-cce24eb54335", "name2": "10ha 73a 27ca", "fullscreenNameVisible": 1, "dimension": "minecraft:overworld", "name1": "52.IX.", "minimapVisible": 1, "fullscreenOwnerVisible": 0, "minimapOwnerVisible": 0, "fid": 16, "TYPE": "IX", "SSTYPE": null, "SPECIES": "minecraft:fern", "SURF": null, "PARFOR": "52" }, "geometry": { "type": "MultiPolygon", "coordinates": [ [ [ [ -729.205039589444027, -34.0 ], [ -730.208136363638005, -37.887000000001258 ], [ -730.208136363638005, -41.963386363637611 ], [ -730.051352272728877, -45.882988636364885 ], [ -729.267431818183468, -50.900079545455782 ], [ -728.797079545456199, -54.03576136363759 ], [ -728.953863636365213, -58.73928409091031 ], [ -731.462409090910683, -62.81567045454667 ], [ -731.775977272728824, -65.481000000001217 ], [ -732.246329545456092, -68.616681818183025 ], [ -732.089545454547192, -72.849852272728469 ], [ -733.970954545456266, -76.299102272728462 ], [ -737.263420454547258, -81.159409090910259 ], [ -739.458397727274473, -85.549363636364802 ], [ -740.555886363638137, -89.155397727273879 ], [ -744.161920454547158, -98.09209090909205 ], [ -745.416193181819949, -101.854909090910226 ], [ -747.297602272729023, -106.401647727273854 ], [ -748.081522727274432, -110.007681818182931 ], [ -748.081522727274319, -110.948386363637454 ], [ -749.022227272728855, -112.359443181819273 ], [ -751.21720454545607, -115.808693181819265 ], [ -758.27248863636521, -121.29613636363743 ], [ -758.27248863636521, -121.609704545455614 ], [ -758.115704545456083, -126.783579545455609 ], [ -755.920727272728755, -132.584590909091958 ], [ -754.509670454546949, -137.758465909091967 ], [ -752.628261363637876, -141.207715909091945 ], [ -749.962931818183392, -144.970534090910121 ], [ -746.984034090910654, -148.263000000001028 ], [ -736.94985227272889, -151.398681818182837 ], [ -730.835272727274287, -153.12330681818284 ], [ -727.38602272727428, -152.966522727273741 ], [ -721.585011363637932, -152.652954545455572 ], [ -716.254352272728852, -151.555465909091936 ], [ -713.432238636365241, -150.614761363637399 ], [ -709.042284090910698, -148.733352272728297 ], [ -704.495545454547027, -146.381590909091926 ], [ -704.249148318760035, -146.275992136611791 ], [ -704.267108884280447, -177.437573314484581 ], [ -707.004090909092383, -177.581625000000997 ], [ -711.237261363637799, -178.992681818182803 ], [ -713.118670454546873, -180.560522727273707 ], [ -716.097568181819611, -183.539420454546416 ], [ -717.978977272728798, -185.420829545455518 ], [ -720.801090909092409, -189.497215909091864 ], [ -723.152852272728751, -192.94646590909187 ], [ -727.386022727274167, -196.395715909091848 ], [ -737.10663636363779, -201.569590909091858 ], [ -740.869454545455937, -202.510295454546394 ], [ -743.848352272728675, -203.137431818182762 ], [ -750.27650000000142, -203.137431818182762 ], [ -754.980022727274104, -202.510295454546394 ], [ -759.056409090910506, -200.472102272728222 ], [ -763.75993181818319, -197.806772727273682 ], [ -768.463454545455875, -193.887170454546407 ], [ -772.069488636365008, -189.810784090910033 ], [ -774.10768181818321, -186.675102272728225 ], [ -777.556931818183216, -180.874090909091876 ], [ -780.379045454546826, -176.640920454546432 ], [ -782.730806818183169, -172.878102272728256 ], [ -784.455431818183115, -168.488147727273713 ], [ -786.180056818183175, -165.038897727273735 ], [ -787.277545454546726, -161.903215909091927 ], [ -791.197147727274569, -156.886125000001044 ], [ -783.044375000001878, -141.207715909091974 ], [ -779.908693181819899, -128.978556818182938 ], [ -773.995885583495124, -105.554742101742505 ], [ -771.755920454547208, -96.681034090910245 ], [ -770.501647727274417, -51.527215909092135 ], [ -770.501647727274417, -32.249908459595865 ], [ -739.0, -34.0 ], [ -729.205039589444027, -34.0 ] ] ] ] } },
{ "type": "Feature", "properties": { "visible": 1, "color": -32768, "chunks": [ ], "minimapNameVisible": 1, "personal": 0, "announceInChat": 0, "mode": "Vertex", "fullscreenVisible": 1, "announceInTitle": 0, "id": "8fe1f306-56eb-4874-b8bd-cce24eb54335", "name2": "10ha 73a 27ca", "fullscreenNameVisible": 1, "dimension": "minecraft:overworld", "name1": "52.III.6", "minimapVisible": 1, "fullscreenOwnerVisible": 0, "minimapOwnerVisible": 0, "fid": 16, "TYPE": "III", "SSTYPE": "6", "SPECIES": "dynamictrees:jungle", "SURF": null, "PARFOR": "52" }, "geometry": { "type": "MultiPolygon", "coordinates": [ [ [ [ -773.995885583495124, -105.554742101742505 ], [ -812.206215909092634, -116.43582954545569 ], [ -823.068519148625228, -117.780686137016858 ], [ -845.130875000001652, -120.512215909092049 ], [ -877.428397727274387, -123.02076136363749 ], [ -882.285578870738391, -122.124050998690294 ], [ -897.81032954545617, -119.257943181819314 ], [ -916.937988636365162, -117.690102272728396 ], [ -922.895784090910638, -75.044829545455727 ], [ -923.209352272728893, -50.272943181819407 ], [ -922.6359713585789, 4.771624576578939 ], [ -916.0, 4.0 ], [ -864.0, -14.0 ], [ -831.0, -24.0 ], [ -775.0, -32.0 ], [ -770.501647727274417, -32.249908459595865 ], [ -770.501647727274417, -51.527215909092135 ], [ -771.755920454547208, -96.681034090910245 ], [ -773.995885583495124, -105.554742101742505 ] ] ] ] } },
{ "type": "Feature", "properties": { "visible": 1, "color": -32768, "chunks": [ ], "minimapNameVisible": 1, "personal": 0, "announceInChat": 0, "mode": "Vertex", "fullscreenVisible": 1, "announceInTitle": 0, "id": "8fe1f306-56eb-4874-b8bd-cce24eb54335", "name2": "10ha 73a 27ca", "fullscreenNameVisible": 1, "dimension": "minecraft:overworld", "name1": "52.II.1", "minimapVisible": 1, "fullscreenOwnerVisible": 0, "minimapOwnerVisible": 0, "fid": 16, "TYPE": "II", "SSTYPE": "1", "SPECIES": "dynamictrees:cherry", "SURF": null, "PARFOR": "52" }, "geometry": { "type": "MultiPolygon", "coordinates": [ [ [ [ -959.0, -127.0 ], [ -913.488738636365156, -126.470011363637454 ], [ -913.488738636365156, -173.191670454546482 ], [ -933.557102272728798, -177.268056818182828 ], [ -958.102356128246697, -177.268056818182828 ], [ -959.0, -127.0 ] ] ] ] } },
{ "type": "Feature", "properties": { "visible": 1, "color": -32768, "chunks": [ ], "minimapNameVisible": 1, "personal": 0, "announceInChat": 0, "mode": "Vertex", "fullscreenVisible": 1, "announceInTitle": 0, "id": "8fe1f306-56eb-4874-b8bd-cce24eb54335", "name2": "10ha 73a 27ca", "fullscreenNameVisible": 1, "dimension": "minecraft:overworld", "name1": "52..", "minimapVisible": 1, "fullscreenOwnerVisible": 0, "minimapOwnerVisible": 0, "fid": 16, "TYPE": null, "SSTYPE": null, "SPECIES": null, "SURF": null, "PARFOR": "52" }, "geometry": { "type": "MultiPolygon", "coordinates": [ [ [ [ -704.331478150178441, -289.118249647583525 ], [ -704.267108884280447, -177.437573314484581 ], [ -704.249148318760035, -146.275992136611791 ], [ -704.184435931361463, -34.0 ], [ -697.0, -34.0 ], [ -697.0, -65.398965909091586 ], [ -697.0, -289.0 ], [ -704.331478150178441, -289.118249647583525 ] ] ] ] } },
{ "type": "Feature", "properties": { "visible": 1, "color": -32768, "chunks": [ ], "minimapNameVisible": 1, "personal": 0, "announceInChat": 0, "mode": "Vertex", "fullscreenVisible": 1, "announceInTitle": 0, "id": "8fe1f306-56eb-4874-b8bd-cce24eb54335", "name2": "10ha 73a 27ca", "fullscreenNameVisible": 1, "dimension": "minecraft:overworld", "name1": "52.II.1", "minimapVisible": 1, "fullscreenOwnerVisible": 0, "minimapOwnerVisible": 0, "fid": 16, "TYPE": "II", "SSTYPE": "1", "SPECIES": "dynamictrees:cherry", "SURF": null, "PARFOR": "52" }, "geometry": { "type": "MultiPolygon", "coordinates": [ [ [ [ -791.197147727274569, -156.886125000001044 ], [ -787.277545454546726, -161.903215909091927 ], [ -786.180056818183175, -165.038897727273735 ], [ -784.455431818183115, -168.488147727273713 ], [ -782.730806818183169, -172.878102272728256 ], [ -780.379045454546826, -176.640920454546432 ], [ -777.556931818183216, -180.874090909091876 ], [ -774.10768181818321, -186.675102272728225 ], [ -772.069488636365008, -189.810784090910033 ], [ -768.463454545455875, -193.887170454546407 ], [ -763.75993181818319, -197.806772727273682 ], [ -759.056409090910506, -200.472102272728222 ], [ -754.980022727274104, -202.510295454546394 ], [ -750.27650000000142, -203.137431818182762 ], [ -743.848352272728675, -203.137431818182762 ], [ -740.869454545455937, -202.510295454546394 ], [ -737.10663636363779, -201.569590909091858 ], [ -727.386022727274167, -196.395715909091848 ], [ -723.152852272728751, -192.94646590909187 ], [ -720.801090909092409, -189.497215909091864 ], [ -717.978977272728798, -185.420829545455518 ], [ -716.097568181819611, -183.539420454546416 ], [ -713.118670454546873, -180.560522727273707 ], [ -711.237261363637799, -178.992681818182803 ], [ -707.004090909092383, -177.581625000000997 ], [ -704.267108884280447, -177.437573314484581 ], [ -704.331478150178441, -289.118249647583525 ], [ -759.0, -290.0 ], [ -817.914741126335002, -273.280951842526576 ], [ -818.477579545456251, -255.973670454546379 ], [ -821.613261363638117, -237.786715909091839 ], [ -823.336462196101138, -219.570021394483263 ], [ -823.808238636365445, -214.582670454546417 ], [ -822.746877501008953, -205.826441087854619 ], [ -822.553965909092767, -204.234920454546454 ], [ -821.299693181819976, -193.887170454546435 ], [ -816.282602272729036, -182.285147727273738 ], [ -807.50269318181995, -173.81880681818285 ], [ -800.604193181820051, -166.293170454546498 ], [ -791.197147727274569, -156.886125000001044 ] ] ] ] } },
{ "type": "Feature", "properties": { "visible": 1, "color": -32768, "chunks": [ ], "minimapNameVisible": 1, "personal": 0, "announceInChat": 0, "mode": "Vertex", "fullscreenVisible": 1, "announceInTitle": 0, "id": "8fe1f306-56eb-4874-b8bd-cce24eb54335", "name2": "10ha 73a 27ca", "fullscreenNameVisible": 1, "dimension": "minecraft:overworld", "name1": "52.II.1", "minimapVisible": 1, "fullscreenOwnerVisible": 0, "minimapOwnerVisible": 0, "fid": 16, "TYPE": "II", "SSTYPE": "1", "SPECIES": "dynamictrees:cherry", "SURF": null, "PARFOR": "52" }, "geometry": { "type": "MultiPolygon", "coordinates": [ [ [ [ -704.249148318760035, -146.275992136611791 ], [ -704.495545454547027, -146.381590909091926 ], [ -709.042284090910698, -148.733352272728297 ], [ -713.432238636365241, -150.614761363637399 ], [ -716.254352272728852, -151.555465909091936 ], [ -721.585011363637932, -152.652954545455572 ], [ -727.38602272727428, -152.966522727273741 ], [ -730.835272727274287, -153.12330681818284 ], [ -736.94985227272889, -151.398681818182837 ], [ -746.984034090910654, -148.263000000001028 ], [ -749.962931818183392, -144.970534090910121 ], [ -752.628261363637876, -141.207715909091945 ], [ -754.509670454546949, -137.758465909091967 ], [ -755.920727272728755, -132.584590909091958 ], [ -758.115704545456083, -126.783579545455609 ], [ -758.27248863636521, -121.609704545455614 ], [ -758.27248863636521, -121.29613636363743 ], [ -751.21720454545607, -115.808693181819265 ], [ -749.022227272728855, -112.359443181819273 ], [ -748.081522727274319, -110.948386363637454 ], [ -748.081522727274432, -110.007681818182931 ], [ -747.297602272729023, -106.401647727273854 ], [ -745.416193181819949, -101.854909090910226 ], [ -744.161920454547158, -98.09209090909205 ], [ -740.555886363638137, -89.155397727273879 ], [ -739.458397727274473, -85.549363636364802 ], [ -737.263420454547258, -81.159409090910259 ], [ -733.970954545456266, -76.299102272728462 ], [ -732.089545454547192, -72.849852272728469 ], [ -732.246329545456092, -68.616681818183025 ], [ -731.775977272728824, -65.481000000001217 ], [ -731.462409090910683, -62.81567045454667 ], [ -728.953863636365213, -58.73928409091031 ], [ -728.797079545456199, -54.03576136363759 ], [ -729.267431818183468, -50.900079545455782 ], [ -730.051352272728877, -45.882988636364885 ], [ -730.208136363638005, -41.963386363637611 ], [ -730.208136363638005, -37.887000000001258 ], [ -729.205039589444027, -34.0 ], [ -704.184435931361463, -34.0 ], [ -704.249148318760035, -146.275992136611791 ] ] ] ] } },
{ "type": "Feature", "properties": { "visible": 1, "color": -32768, "chunks": [ ], "minimapNameVisible": 1, "personal": 0, "announceInChat": 0, "mode": "Vertex", "fullscreenVisible": 1, "announceInTitle": 0, "id": "8fe1f306-56eb-4874-b8bd-cce24eb54335", "name2": "10ha 73a 27ca", "fullscreenNameVisible": 1, "dimension": "minecraft:overworld", "name1": "52.II.1", "minimapVisible": 1, "fullscreenOwnerVisible": 0, "minimapOwnerVisible": 0, "fid": 16, "TYPE": "II", "SSTYPE": "1", "SPECIES": "dynamictrees:oak", "SURF": null, "PARFOR": "52" }, "geometry": { "type": "MultiPolygon", "coordinates": [ [ [ [ -851.590328351609401, -245.488702378846909 ], [ -847.796204545455907, -243.117375000000948 ], [ -841.524840909092291, -239.040988636364602 ], [ -836.19418181818321, -235.278170454546455 ], [ -833.3720681818196, -232.456056818182816 ], [ -831.490659090910526, -230.261079545455544 ], [ -823.336462196101138, -219.570021394483263 ], [ -821.613261363638117, -237.786715909091839 ], [ -818.477579545456251, -255.973670454546379 ], [ -817.914741126335002, -273.280951842526576 ], [ -833.0, -269.0 ], [ -851.590328351609401, -245.488702378846909 ] ] ] ] } },
{ "type": "Feature", "properties": { "visible": 1, "color": -32768, "chunks": [ ], "minimapNameVisible": 1, "personal": 0, "announceInChat": 0, "mode": "Vertex", "fullscreenVisible": 1, "announceInTitle": 0, "id": "8fe1f306-56eb-4874-b8bd-cce24eb54335", "name2": "10ha 73a 27ca", "fullscreenNameVisible": 1, "dimension": "minecraft:overworld", "name1": "52.II.1", "minimapVisible": 1, "fullscreenOwnerVisible": 0, "minimapOwnerVisible": 0, "fid": 16, "TYPE": "II", "SSTYPE": "1", "SPECIES": "dynamictrees:oak", "SURF": null, "PARFOR": "52" }, "geometry": { "type": "MultiPolygon", "coordinates": [ [ [ [ -822.746877501008953, -205.826441087854619 ], [ -829.295681818183084, -198.277125000001064 ], [ -830.549954545455762, -184.166556818182926 ], [ -829.922818181819366, -167.23387500000112 ], [ -828.041409090910292, -156.258988636364791 ], [ -824.278590909092145, -133.995647727273933 ], [ -823.068519148625228, -117.780686137016858 ], [ -812.206215909092634, -116.43582954545569 ], [ -773.995885583495124, -105.554742101742505 ], [ -779.908693181819899, -128.978556818182938 ], [ -783.044375000001878, -141.207715909091974 ], [ -791.197147727274569, -156.886125000001044 ], [ -800.604193181820051, -166.293170454546498 ], [ -807.50269318181995, -173.81880681818285 ], [ -816.282602272729036, -182.285147727273738 ], [ -821.299693181819976, -193.887170454546435 ], [ -822.553965909092767, -204.234920454546454 ], [ -822.746877501008953, -205.826441087854619 ] ] ] ] } },
{ "type": "Feature", "properties": { "visible": 1, "color": -32768, "chunks": [ ], "minimapNameVisible": 1, "personal": 0, "announceInChat": 0, "mode": "Vertex", "fullscreenVisible": 1, "announceInTitle": 0, "id": "8fe1f306-56eb-4874-b8bd-cce24eb54335", "name2": "10ha 73a 27ca", "fullscreenNameVisible": 1, "dimension": "minecraft:overworld", "name1": "52.V.1", "minimapVisible": 1, "fullscreenOwnerVisible": 0, "minimapOwnerVisible": 0, "fid": 16, "TYPE": "V", "SSTYPE": "1", "SPECIES": "dynamictrees:birch", "SURF": null, "PARFOR": "52" }, "geometry": { "type": "MultiPolygon", "coordinates": [ [ [ [ -884.148349644392283, -212.70127986761409 ], [ -882.285578870738391, -122.124050998690294 ], [ -877.428397727274387, -123.02076136363749 ], [ -845.130875000001652, -120.512215909092049 ], [ -823.068519148625228, -117.780686137016858 ], [ -824.278590909092145, -133.995647727273933 ], [ -828.041409090910292, -156.258988636364791 ], [ -829.922818181819366, -167.23387500000112 ], [ -830.549954545455762, -184.166556818182926 ], [ -829.295681818183084, -198.277125000001064 ], [ -822.746877501008953, -205.826441087854619 ], [ -823.808238636365445, -214.582670454546417 ], [ -823.336462196101138, -219.570021394483263 ], [ -831.490659090910526, -230.261079545455544 ], [ -833.3720681818196, -232.456056818182816 ], [ -836.19418181818321, -235.278170454546455 ], [ -841.524840909092291, -239.040988636364602 ], [ -847.796204545455907, -243.117375000000948 ], [ -851.590328351609401, -245.488702378846909 ], [ -867.0, -226.0 ], [ -884.148349644392283, -212.70127986761409 ] ] ] ] } },
{ "type": "Feature", "properties": { "visible": 1, "color": -32768, "chunks": [ ], "minimapNameVisible": 1, "personal": 0, "announceInChat": 0, "mode": "Vertex", "fullscreenVisible": 1, "announceInTitle": 0, "id": "8fe1f306-56eb-4874-b8bd-cce24eb54335", "name2": "10ha 73a 27ca", "fullscreenNameVisible": 1, "dimension": "minecraft:overworld", "name1": "52.V.1", "minimapVisible": 1, "fullscreenOwnerVisible": 0, "minimapOwnerVisible": 0, "fid": 16, "TYPE": "V", "SSTYPE": "1", "SPECIES": "dynamictrees:birch", "SURF": null, "PARFOR": "52" }, "geometry": { "type": "MultiPolygon", "coordinates": [ [ [ [ -1227.781840125392591, -19.61822021943691 ], [ -1227.52727272727293, -19.700045454546782 ], [ -1221.569477272727454, -23.933215909092226 ], [ -1218.747363636363843, -26.128193181819494 ], [ -1214.357409090909186, -29.734227272728578 ], [ -1212.319215909091099, -32.713125000001298 ], [ -1208.556397727272952, -37.259863636364926 ], [ -1204.793579545454804, -42.433738636364914 ], [ -1203.382522727272999, -48.548318181819447 ], [ -1204.009659090909281, -55.760386363637615 ], [ -1203.068954545454744, -63.129238636364867 ], [ -1201.657897727272939, -67.989545454546686 ], [ -1205.734284090909341, -78.023727272728479 ], [ -1208.556397727272952, -82.727250000001192 ], [ -1210.124238636363998, -84.451875000001181 ], [ -1212.789568181818368, -88.214693181819356 ], [ -1214.200625000000173, -91.820727272728448 ], [ -1217.179522727273024, -94.329272727273889 ], [ -1222.196613636363963, -94.642840909092072 ], [ -1228.467977272727467, -94.329272727273889 ], [ -1235.993613636363762, -93.388568181819352 ], [ -1241.167488636363942, -92.918215909092069 ], [ -1241.545571027702636, -92.823695311257396 ], [ -1241.0, -67.0 ], [ -1232.0, -30.0 ], [ -1228.0, -20.0 ], [ -1227.781840125392591, -19.61822021943691 ] ] ] ] } },
{ "type": "Feature", "properties": { "visible": 1, "color": -32768, "chunks": [ ], "minimapNameVisible": 1, "personal": 0, "announceInChat": 0, "mode": "Vertex", "fullscreenVisible": 1, "announceInTitle": 0, "id": "8fe1f306-56eb-4874-b8bd-cce24eb54335", "name2": "10ha 73a 27ca", "fullscreenNameVisible": 1, "dimension": "minecraft:overworld", "name1": "52.II.1", "minimapVisible": 1, "fullscreenOwnerVisible": 0, "minimapOwnerVisible": 0, "fid": 16, "TYPE": "II", "SSTYPE": "1", "SPECIES": "dynamictrees:oak", "SURF": null, "PARFOR": "52" }, "geometry": { "type": "MultiPolygon", "coordinates": [ [ [ [ -1087.480428542787877, 7.617814266508954 ], [ -1145.2156250000005, -75.358397727273925 ], [ -1183.470943181818711, -91.663943181819349 ], [ -1217.179522727273024, -94.329272727273889 ], [ -1214.200625000000173, -91.820727272728448 ], [ -1212.789568181818368, -88.214693181819356 ], [ -1210.124238636363998, -84.451875000001181 ], [ -1208.556397727272952, -82.727250000001192 ], [ -1205.734284090909341, -78.023727272728479 ], [ -1201.657897727272939, -67.989545454546686 ], [ -1203.068954545454744, -63.129238636364867 ], [ -1204.009659090909281, -55.760386363637615 ], [ -1203.382522727272999, -48.548318181819447 ], [ -1204.793579545454804, -42.433738636364914 ], [ -1208.556397727272952, -37.259863636364926 ], [ -1212.319215909091099, -32.713125000001298 ], [ -1214.357409090909186, -29.734227272728578 ], [ -1218.747363636363843, -26.128193181819494 ], [ -1221.569477272727454, -23.933215909092226 ], [ -1227.52727272727293, -19.700045454546782 ], [ -1227.781840125392591, -19.61822021943691 ], [ -1224.0, -13.0 ], [ -1210.0, -3.0 ], [ -1175.0, 11.0 ], [ -1146.0, 24.0 ], [ -1143.09499049360079, 25.398708280858862 ], [ -1136.020825639221584, 22.619572088067038 ], [ -1131.897189275585333, 20.815481178976128 ], [ -1122.103552911949009, 19.269117542612499 ], [ -1111.794462002857927, 16.176390269885232 ], [ -1106.124462002858081, 14.630026633521595 ], [ -1098.908098366494414, 13.083662997157958 ], [ -1093.753552911948873, 11.537299360794322 ], [ -1087.568098366494496, 7.671390269885237 ], [ -1087.480428542787877, 7.617814266508954 ] ] ] ] } },
{ "type": "Feature", "properties": { "visible": 1, "color": -32768, "chunks": [ ], "minimapNameVisible": 1, "personal": 0, "announceInChat": 0, "mode": "Vertex", "fullscreenVisible": 1, "announceInTitle": 0, "id": "8fe1f306-56eb-4874-b8bd-cce24eb54335", "name2": "10ha 73a 27ca", "fullscreenNameVisible": 1, "dimension": "minecraft:overworld", "name1": "52.II.1", "minimapVisible": 1, "fullscreenOwnerVisible": 0, "minimapOwnerVisible": 0, "fid": 16, "TYPE": "II", "SSTYPE": "1", "SPECIES": "dynamictrees:oak", "SURF": null, "PARFOR": "52" }, "geometry": { "type": "MultiPolygon", "coordinates": [ [ [ [ -1026.779047712756437, -118.691752016259073 ], [ -1023.551170454546423, -109.85089772727386 ], [ -1022.296897727273745, -107.028784090910236 ], [ -1021.042625000000953, -106.401647727273868 ], [ -1016.65267045454641, -105.147375000001148 ], [ -1008.813465909091974, -102.638829545455692 ], [ -1006.304920454546505, -101.070988636364788 ], [ -1003.796375000001035, -98.248875000001163 ], [ -997.525011363637418, -91.977511363637532 ], [ -994.075761363637412, -86.646852272728452 ], [ -990.626511363637405, -80.375488636364835 ], [ -987.490829545455654, -73.476988636364851 ], [ -984.041579545455647, -63.756375000001228 ], [ -984.041579545455647, -53.722193181819435 ], [ -984.041579545455647, -46.510125000001274 ], [ -984.668715909091929, -37.103079545455834 ], [ -985.60942045454658, -32.085988636364938 ], [ -987.490829545455654, -28.636738636364946 ], [ -991.880784090910083, -26.128193181819498 ], [ -995.016465909091949, -26.128193181819498 ], [ -998.779284090910096, -27.068897727274042 ], [ -1005.99135227272825, -31.458852272728578 ], [ -1007.245625000001041, -35.53523863636493 ], [ -1009.127034090910115, -43.060875000001282 ], [ -1010.694875000001048, -53.722193181819435 ], [ -1012.262715909091867, -57.798579545455794 ], [ -1014.771261363637336, -57.485011363637611 ], [ -1017.279806818182806, -51.527215909092163 ], [ -1019.788352272728275, -46.823693181819451 ], [ -1021.356193181819208, -45.882988636364907 ], [ -1033.585352272728187, -43.374443181819458 ], [ -1034.73400745740355, -4.69951882102383 ], [ -1033.703098366494487, 1.485935724430703 ], [ -1033.703098366494487, 5.094117542612523 ], [ -1033.960825639221866, 13.083662997157958 ], [ -1035.482396570449055, 19.423541877271141 ], [ -1034.0, 19.0 ], [ -1016.0, 15.0 ], [ -1011.0, 14.0 ], [ -959.0, 9.0 ], [ -922.6359713585789, 4.771624576578939 ], [ -923.209352272728893, -50.272943181819407 ], [ -922.895784090910638, -75.044829545455727 ], [ -916.937988636365162, -117.690102272728396 ], [ -897.81032954545617, -119.257943181819314 ], [ -882.285578870738391, -122.124050998690294 ], [ -884.148349644392283, -212.70127986761409 ], [ -916.0, -188.0 ], [ -958.0, -183.0 ], [ -958.102356128246697, -177.268056818182828 ], [ -933.557102272728798, -177.268056818182828 ], [ -913.488738636365156, -173.191670454546482 ], [ -913.488738636365156, -126.470011363637454 ], [ -959.0, -127.0 ], [ -976.0, -127.0 ], [ -986.0, -121.0 ], [ -1026.779047712756437, -118.691752016259073 ] ] ] ] } },
{ "type": "Feature", "properties": { "visible": 1, "color": -32768, "chunks": [ ], "minimapNameVisible": 1, "personal": 0, "announceInChat": 0, "mode": "Vertex", "fullscreenVisible": 1, "announceInTitle": 0, "id": "8fe1f306-56eb-4874-b8bd-cce24eb54335", "name2": "10ha 73a 27ca", "fullscreenNameVisible": 1, "dimension": "minecraft:overworld", "name1": "52.V.1", "minimapVisible": 1, "fullscreenOwnerVisible": 0, "minimapOwnerVisible": 0, "fid": 16, "TYPE": "V", "SSTYPE": "1", "SPECIES": "dynamictrees:birch", "SURF": null, "PARFOR": "52" }, "geometry": { "type": "MultiPolygon", "coordinates": [ [ [ [ -1034.118461669942008, -118.276313490380645 ], [ -1033.585352272728187, -43.374443181819458 ], [ -1021.356193181819208, -45.882988636364907 ], [ -1019.788352272728275, -46.823693181819451 ], [ -1017.279806818182806, -51.527215909092163 ], [ -1014.771261363637336, -57.485011363637611 ], [ -1012.262715909091867, -57.798579545455794 ], [ -1010.694875000001048, -53.722193181819435 ], [ -1009.127034090910115, -43.060875000001282 ], [ -1007.245625000001041, -35.53523863636493 ], [ -1005.99135227272825, -31.458852272728578 ], [ -998.779284090910096, -27.068897727274042 ], [ -995.016465909091949, -26.128193181819498 ], [ -991.880784090910083, -26.128193181819498 ], [ -987.490829545455654, -28.636738636364946 ], [ -985.60942045454658, -32.085988636364938 ], [ -984.668715909091929, -37.103079545455834 ], [ -984.041579545455647, -46.510125000001274 ], [ -984.041579545455647, -53.722193181819435 ], [ -984.041579545455647, -63.756375000001228 ], [ -987.490829545455654, -73.476988636364851 ], [ -990.626511363637405, -80.375488636364835 ], [ -994.075761363637412, -86.646852272728452 ], [ -997.525011363637418, -91.977511363637532 ], [ -1003.796375000001035, -98.248875000001163 ], [ -1006.304920454546505, -101.070988636364788 ], [ -1008.813465909091974, -102.638829545455692 ], [ -1016.65267045454641, -105.147375000001148 ], [ -1021.042625000000953, -106.401647727273868 ], [ -1022.296897727273745, -107.028784090910236 ], [ -1023.551170454546423, -109.85089772727386 ], [ -1026.779047712756437, -118.691752016259073 ], [ -1034.118461669942008, -118.276313490380645 ] ] ] ] } },
{ "type": "Feature", "properties": { "visible": 1, "color": -32768, "chunks": [ ], "minimapNameVisible": 1, "personal": 0, "announceInChat": 0, "mode": "Vertex", "fullscreenVisible": 1, "announceInTitle": 0, "id": "6ccadf7a-9584-420f-abff-fa338434b981", "name2": "8ha 22a 66ca", "fullscreenNameVisible": 1, "dimension": "minecraft:overworld", "name1": "43.X.", "minimapVisible": 1, "fullscreenOwnerVisible": 0, "minimapOwnerVisible": 0, "fid": 50, "TYPE": "X", "SSTYPE": null, "SPECIES": "minecraft:fire", "SURF": null, "PARFOR": "43" }, "geometry": { "type": "MultiPolygon", "coordinates": [ [ [ [ -803.745939275585329, 1204.556844815342629 ], [ -794.0, 1204.509332386360484 ], [ -794.0, 1031.0 ], [ -804.519121093767353, 1031.0 ], [ -804.483015659262946, 1039.104620602688556 ], [ -803.842415570934918, 1182.900720697320821 ], [ -803.745939275585329, 1204.556844815342629 ] ] ] ] } },
{ "type": "Feature", "properties": { "visible": 1, "color": -32768, "chunks": [ ], "minimapNameVisible": 1, "personal": 0, "announceInChat": 0, "mode": "Vertex", "fullscreenVisible": 1, "announceInTitle": 0, "id": "ea058490-9f0e-4c69-b0fe-3bdfc6cbb157", "name2": "8ha 51a 97ca", "fullscreenNameVisible": 1, "dimension": "minecraft:overworld", "name1": "41.X.", "minimapVisible": 1, "fullscreenOwnerVisible": 0, "minimapOwnerVisible": 0, "fid": 26, "TYPE": "X", "SSTYPE": null, "SPECIES": "minecraft:fire", "SURF": null, "PARFOR": "41" }, "geometry": { "type": "MultiPolygon", "coordinates": [ [ [ [ -788.570506181325868, 826.009341012900904 ], [ -794.0, 826.041468195259881 ], [ -794.0, 1204.509332386360484 ], [ -794.0, 1206.0 ], [ -785.152365972080929, 1203.119374967654267 ], [ -788.570506181325868, 826.009341012900904 ] ] ] ] } },
{ "type": "Feature", "properties": { "visible": 1, "color": -32768, "chunks": [ ], "minimapNameVisible": 1, "personal": 0, "announceInChat": 0, "mode": "Vertex", "fullscreenVisible": 1, "announceInTitle": 0, "id": "f5a4a6ae-1f9e-461f-8fa4-035d45726c0a", "name2": "7ha 97a 22ca", "fullscreenNameVisible": 1, "dimension": "minecraft:overworld", "name1": "40.X.", "minimapVisible": 1, "fullscreenOwnerVisible": 0, "minimapOwnerVisible": 0, "fid": 5, "TYPE": "X", "SSTYPE": null, "SPECIES": "minecraft:dirt", "SURF": null, "PARFOR": "40" }, "geometry": { "type": "MultiPolygon", "coordinates": [ [ [ [ -788.626959853649282, 819.781028251135695 ], [ -783.832298694983024, 805.020174010525807 ], [ -794.0, 805.0 ], [ -794.0, 816.0 ], [ -788.626959853649282, 819.781028251135695 ] ] ] ] } },
{ "type": "Feature", "properties": { "visible": 1, "color": -32768, "chunks": [ ], "minimapNameVisible": 1, "personal": 0, "announceInChat": 0, "mode": "Vertex", "fullscreenVisible": 1, "announceInTitle": 0, "id": "2fd4dccf-c47f-4bea-81a0-7d4ade1e5aa1", "name2": "6ha 69a 58ca", "fullscreenNameVisible": 1, "dimension": "minecraft:overworld", "name1": "47.X.", "minimapVisible": 1, "fullscreenOwnerVisible": 0, "minimapOwnerVisible": 0, "fid": 30, "TYPE": "X", "SSTYPE": null, "SPECIES": "minecraft:fire", "SURF": null, "PARFOR": "47" }, "geometry": { "type": "MultiPolygon", "coordinates": [ [ [ [ -814.498674178794545, 816.0 ], [ -814.377189275584556, 811.007299360794718 ], [ -821.206962002857267, 812.29593572443116 ], [ -997.229747874692748, 812.795645549475125 ], [ -993.0, 816.0 ], [ -814.498674178794545, 816.0 ] ] ] ] } },
{ "type": "Feature", "properties": { "visible": 1, "color": -32768, "chunks": [ ], "minimapNameVisible": 1, "personal": 0, "announceInChat": 0, "mode": "Vertex", "fullscreenVisible": 1, "announceInTitle": 0, "id": "2fd4dccf-c47f-4bea-81a0-7d4ade1e5aa1", "name2": "6ha 69a 58ca", "fullscreenNameVisible": 1, "dimension": "minecraft:overworld", "name1": "47.X.", "minimapVisible": 1, "fullscreenOwnerVisible": 0, "minimapOwnerVisible": 0, "fid": 30, "TYPE": "X", "SSTYPE": null, "SPECIES": "minecraft:dirt", "SURF": null, "PARFOR": "47" }, "geometry": { "type": "MultiPolygon", "coordinates": [ [ [ [ -814.377189275584556, 811.007299360794718 ], [ -814.498674178794545, 816.0 ], [ -794.0, 816.0 ], [ -794.0, 805.0 ], [ -806.903098366493623, 802.244572088067457 ], [ -808.836052911948173, 805.98161754261298 ], [ -810.897871093766298, 807.399117542612885 ], [ -814.377189275584556, 811.007299360794718 ] ] ] ] } },
{ "type": "Feature", "properties": { "visible": 1, "color": -32768, "chunks": [ ], "minimapNameVisible": 1, "personal": 0, "announceInChat": 0, "mode": "Vertex", "fullscreenVisible": 1, "announceInTitle": 0, "id": "f17c2bb0-9806-47ab-9457-dd5cca6a2949", "name2": "4ha 83a 36ca", "fullscreenNameVisible": 1, "dimension": "minecraft:overworld", "name1": "45.X.", "minimapVisible": 1, "fullscreenOwnerVisible": 0, "minimapOwnerVisible": 0, "fid": 25, "TYPE": "X", "SSTYPE": null, "SPECIES": "minecraft:fire", "SURF": null, "PARFOR": "45" }, "geometry": { "type": "MultiPolygon", "coordinates": [ [ [ [ -814.674073728622943, 823.20844665802565 ], [ -814.498674178794545, 816.0 ], [ -993.0, 816.0 ], [ -978.0, 827.0 ], [ -976.466304447463244, 827.975988078887099 ], [ -973.845939275586375, 823.95809481534252 ], [ -970.753212002859073, 821.380822088069749 ], [ -927.955227779864003, 821.881969444310926 ], [ -853.62166442108196, 822.752385877083498 ], [ -814.674073728622943, 823.20844665802565 ] ] ] ] } },
{ "type": "Feature", "properties": { "visible": 1, "color": -32768, "chunks": [ ], "minimapNameVisible": 1, "personal": 0, "announceInChat": 0, "mode": "Vertex", "fullscreenVisible": 1, "announceInTitle": 0, "id": "f17c2bb0-9806-47ab-9457-dd5cca6a2949", "name2": "4ha 83a 36ca", "fullscreenNameVisible": 1, "dimension": "minecraft:overworld", "name1": "45.X.", "minimapVisible": 1, "fullscreenOwnerVisible": 0, "minimapOwnerVisible": 0, "fid": 25, "TYPE": "X", "SSTYPE": null, "SPECIES": "minecraft:dirt", "SURF": null, "PARFOR": "45" }, "geometry": { "type": "MultiPolygon", "coordinates": [ [ [ [ -805.663276308387253, 826.110481664540316 ], [ -794.0, 826.041468195259881 ], [ -794.0, 816.0 ], [ -814.498674178794545, 816.0 ], [ -814.674073728622943, 823.20844665802565 ], [ -805.678893821039878, 823.313776633524299 ], [ -805.663276308387253, 826.110481664540316 ] ] ] ] } },
{ "type": "Feature", "properties": { "visible": 1, "color": -32768, "chunks": [ ], "minimapNameVisible": 1, "personal": 0, "announceInChat": 0, "mode": "Vertex", "fullscreenVisible": 1, "announceInTitle": 0, "id": "ea058490-9f0e-4c69-b0fe-3bdfc6cbb157", "name2": "8ha 51a 97ca", "fullscreenNameVisible": 1, "dimension": "minecraft:overworld", "name1": "41.X.", "minimapVisible": 1, "fullscreenOwnerVisible": 0, "minimapOwnerVisible": 0, "fid": 26, "TYPE": "X", "SSTYPE": null, "SPECIES": "minecraft:dirt", "SURF": null, "PARFOR": "41" }, "geometry": { "type": "MultiPolygon", "coordinates": [ [ [ [ -794.0, 826.041468195259881 ], [ -788.570506181325868, 826.009341012900904 ], [ -788.626959853649282, 819.781028251135695 ], [ -794.0, 816.0 ], [ -794.0, 826.041468195259881 ] ] ] ] } },
{ "type": "Feature", "properties": { "visible": 1, "color": -32768, "chunks": [ ], "minimapNameVisible": 1, "personal": 0, "announceInChat": 0, "mode": "Vertex", "fullscreenVisible": 1, "announceInTitle": 0, "id": "6ccadf7a-9584-420f-abff-fa338434b981", "name2": "8ha 22a 66ca", "fullscreenNameVisible": 1, "dimension": "minecraft:overworld", "name1": "43.V.2", "minimapVisible": 1, "fullscreenOwnerVisible": 0, "minimapOwnerVisible": 0, "fid": 50, "TYPE": "V", "SSTYPE": "2", "SPECIES": "dynamictrees:birch", "SURF": null, "PARFOR": "43" }, "geometry": { "type": "MultiPolygon", "coordinates": [ [ [ [ -985.221897512868509, 1129.236452186960378 ], [ -989.999375000004079, 1127.175579545450773 ], [ -992.507920454549662, 1125.921306818178209 ], [ -993.918977272731468, 1124.980602272723445 ], [ -994.702897727276877, 1123.56954545454164 ], [ -995.330034090913273, 1120.590647727269015 ], [ -995.173250000004145, 1116.514261363632613 ], [ -993.918977272731468, 1113.221795454541507 ], [ -990.94007954545873, 1108.675056818177836 ], [ -988.901886363640529, 1105.225806818177944 ], [ -985.452636363640408, 1101.306204545450555 ], [ -983.100875000004066, 1099.268011363632468 ], [ -979.181272727276792, 1095.975545454541361 ], [ -974.658413337368188, 1092.897877959478365 ], [ -973.380261363640216, 1088.449909090905066 ], [ -971.812420454549283, 1083.903170454541396 ], [ -968.363170454549277, 1076.22074999999586 ], [ -965.69784090909468, 1069.165465909086606 ], [ -961.307886363640137, 1057.720227272722923 ], [ -960.053613636367345, 1051.762431818177447 ], [ -958.64255681818554, 1042.041818181813596 ], [ -958.366203230797169, 1031.0 ], [ -967.734962318516523, 1031.0 ], [ -996.0, 1031.0 ], [ -995.089999999999804, 1046.15 ], [ -994.0, 1064.0 ], [ -996.0, 1078.0 ], [ -1004.0, 1091.0 ], [ -1008.0, 1098.0 ], [ -1014.0, 1120.0 ], [ -1012.0, 1122.0 ], [ -1011.0, 1136.0 ], [ -1003.482806818186077, 1135.64192045454206 ], [ -999.406420454549675, 1134.857999999996537 ], [ -992.664704545458676, 1134.074079545451241 ], [ -988.745102272731401, 1133.290159090905718 ], [ -986.079772727276804, 1131.095181818178389 ], [ -985.221897512868509, 1129.236452186960378 ] ] ] ] } },
{ "type": "Feature", "properties": { "visible": 1, "color": -32768, "chunks": [ ], "minimapNameVisible": 1, "personal": 0, "announceInChat": 0, "mode": "Vertex", "fullscreenVisible": 1, "announceInTitle": 0, "id": "6ccadf7a-9584-420f-abff-fa338434b981", "name2": "8ha 22a 66ca", "fullscreenNameVisible": 1, "dimension": "minecraft:overworld", "name1": "43.X.", "minimapVisible": 1, "fullscreenOwnerVisible": 0, "minimapOwnerVisible": 0, "fid": 50, "TYPE": "X", "SSTYPE": null, "SPECIES": "minecraft:dirt", "SURF": null, "PARFOR": "43" }, "geometry": { "type": "MultiPolygon", "coordinates": [ [ [ [ -974.658413337368188, 1092.897877959478365 ], [ -979.181272727276792, 1095.975545454541361 ], [ -983.100875000004066, 1099.268011363632468 ], [ -985.452636363640408, 1101.306204545450555 ], [ -988.901886363640529, 1105.225806818177944 ], [ -990.94007954545873, 1108.675056818177836 ], [ -993.918977272731468, 1113.221795454541507 ], [ -995.173250000004145, 1116.514261363632613 ], [ -995.330034090913273, 1120.590647727269015 ], [ -994.702897727276877, 1123.56954545454164 ], [ -993.918977272731468, 1124.980602272723445 ], [ -992.507920454549662, 1125.921306818178209 ], [ -989.999375000004079, 1127.175579545450773 ], [ -985.221897512868509, 1129.236452186960378 ], [ -982.316954545458543, 1122.942409090905585 ], [ -980.749113636367611, 1116.827829545450868 ], [ -979.181272727276678, 1110.870034090905392 ], [ -977.29986363636749, 1102.090124999996306 ], [ -974.658413337368188, 1092.897877959478365 ] ] ] ] } },
{ "type": "Feature", "properties": { "visible": 1, "color": -32768, "chunks": [ ], "minimapNameVisible": 1, "personal": 0, "announceInChat": 0, "mode": "Vertex", "fullscreenVisible": 1, "announceInTitle": 0, "id": "75e30976-06f9-480f-88dc-514f7f435140", "name2": "11ha 36a 604ca", "fullscreenNameVisible": 1, "dimension": "minecraft:overworld", "name1": "46.X.", "minimapVisible": 1, "fullscreenOwnerVisible": 0, "minimapOwnerVisible": 0, "fid": 43, "TYPE": "X", "SSTYPE": null, "SPECIES": "minecraft:dirt", "SURF": null, "PARFOR": "46" }, "geometry": { "type": "MultiPolygon", "coordinates": [ [ [ [ -1015.468893821042457, 1077.110708451707978 ], [ -996.0, 1078.0 ], [ -994.0, 1064.0 ], [ -995.089999999999804, 1046.15 ], [ -996.0, 1031.0 ], [ -1024.875939275587598, 1030.977526633526168 ], [ -1021.783212002860182, 1034.972299360798843 ], [ -1016.628666548314754, 1044.508208451707787 ], [ -1014.309121093769363, 1060.616162997162519 ], [ -1014.309121093769704, 1070.538662997162646 ], [ -1015.468893821042457, 1077.110708451707978 ] ] ] ] } },
{ "type": "Feature", "properties": { "visible": 1, "color": -32768, "chunks": [ ], "minimapNameVisible": 1, "personal": 0, "announceInChat": 0, "mode": "Vertex", "fullscreenVisible": 1, "announceInTitle": 0, "id": "06c96f5f-c6de-4467-9195-d2b591400b06", "name2": "11ha 47a 37ca", "fullscreenNameVisible": 1, "dimension": "minecraft:overworld", "name1": "51.II.5", "minimapVisible": 1, "fullscreenOwnerVisible": 0, "minimapOwnerVisible": 0, "fid": 51, "TYPE": "II", "SSTYPE": "5", "SPECIES": "dynamictrees:oak", "SURF": null, "PARFOR": "51" }, "geometry": null },
{ "type": "Feature", "properties": { "visible": 1, "color": -32768, "chunks": [ ], "minimapNameVisible": 1, "personal": 0, "announceInChat": 0, "mode": "Vertex", "fullscreenVisible": 1, "announceInTitle": 0, "id": "ae714732-272e-45f1-83c0-fe90d4835f0d", "name2": "13ha 56a 74ca", "fullscreenNameVisible": 1, "dimension": "minecraft:overworld", "name1": "36.II.5", "minimapVisible": 1, "fullscreenOwnerVisible": 0, "minimapOwnerVisible": 0, "fid": 21, "TYPE": "II", "SSTYPE": "5", "SPECIES": "dynamictrees:oak", "SURF": null, "PARFOR": "36" }, "geometry": { "type": "MultiPolygon", "coordinates": [ [ [ [ -910.0, 12.0 ], [ -903.743884508048495, 117.785225591181174 ], [ -882.67154278925932, 111.362332561967321 ], [ -863.410474690085493, 109.866327272711118 ], [ -850.133427747936594, 109.866327272711118 ], [ -832.555365599176071, 109.49232595039706 ], [ -813.668298822316387, 109.118324628083002 ], [ -801.326255185952618, 107.809319999983813 ], [ -786.366202293390188, 108.557322644611915 ], [ -774.024158657026419, 108.557322644611915 ], [ -762.804118987604852, 107.435318677669756 ], [ -746.348060805786417, 101.825298842958944 ], [ -734.380018491736678, 95.841277685934088 ], [ -726.899992045455633, 88.361251239653001 ], [ -720.167968243802648, 79.011218181801667 ], [ -712.313940475207573, 67.417177190065999 ], [ -704.833914028926415, 55.075133553702216 ], [ -695.483880971075109, 43.855093884280606 ], [ -687.629853202480035, 35.253063471057374 ], [ -675.287809566116152, 25.903030413206011 ], [ -664.441771219008615, 21.789015867751431 ], [ -645.36770378099186, 16.926998677668735 ], [ -634.147664111570293, 13.9349880991563 ], [ -623.675627086776785, 7.576965619817372 ], [ -615.821599318181597, 2.714948429734676 ], [ -610.959582128098873, -8.505091239686919 ], [ -607.219568904958351, -16.35911900828205 ], [ -604.69628802801401, -23.797745391913349 ], [ -614.0, -24.0 ], [ -650.0, -25.0 ], [ -757.0, -25.0 ], [ -816.0, -16.0 ], [ -878.0, 3.0 ], [ -910.0, 12.0 ] ] ] ] } },
{ "type": "Feature", "properties": { "visible": 1, "color": -32768, "chunks": [ ], "minimapNameVisible": 1, "personal": 0, "announceInChat": 0, "mode": "Vertex", "fullscreenVisible": 1, "announceInTitle": 0, "id": "ae714732-272e-45f1-83c0-fe90d4835f0d", "name2": "13ha 56a 74ca", "fullscreenNameVisible": 1, "dimension": "minecraft:overworld", "name1": "36.IX.", "minimapVisible": 1, "fullscreenOwnerVisible": 0, "minimapOwnerVisible": 0, "fid": 21, "TYPE": "IX", "SSTYPE": null, "SPECIES": "minecraft:water", "SURF": null, "PARFOR": "36" }, "geometry": { "type": "MultiPolygon", "coordinates": [ [ [ [ -901.666994514589305, 153.727891057818084 ], [ -883.606546095043996, 152.315477355356194 ], [ -874.443513698349761, 151.941476033042136 ], [ -865.654482623969443, 151.19347338841402 ], [ -861.35346741735782, 150.445470743785933 ], [ -856.117448904961066, 148.01446214874457 ], [ -847.889419814051962, 146.144455537174309 ], [ -837.978384772729441, 144.835450909075121 ], [ -829.750355681820338, 145.396452892546193 ], [ -824.514337169423584, 147.827461487587556 ], [ -815.912306756200337, 151.006472727257005 ], [ -810.115286260332482, 152.689478677670252 ], [ -803.570263119836568, 152.315477355356194 ], [ -799.269247913224945, 150.071469421471875 ], [ -793.846228739671119, 146.144455537174309 ], [ -785.992200971076045, 144.274448925604048 ], [ -778.886175847108916, 143.526446280975932 ], [ -776.642167913224625, 142.778443636347816 ], [ -776.081165929753524, 141.656439669405671 ], [ -776.081165929753524, 139.786433057835382 ], [ -778.138173202480857, 138.103427107422135 ], [ -781.13018378099332, 136.046419834694859 ], [ -785.618199648761902, 133.615411239653497 ], [ -792.911225433885988, 131.745404628083236 ], [ -799.269247913224945, 131.745404628083236 ], [ -805.440269731406829, 128.192392066099728 ], [ -813.294297500001903, 125.574382809901351 ], [ -822.083328574382222, 126.88338743800054 ], [ -831.433361632233527, 131.558403966926221 ], [ -834.79937353306002, 132.867408595025381 ], [ -843.401403946283267, 132.119405950397294 ], [ -852.938437665291644, 131.184402644612163 ], [ -865.654482623969443, 129.127395371884859 ], [ -880.801536177688604, 128.192392066099728 ], [ -888.281562623969762, 128.379392727256743 ], [ -894.265583780994575, 130.436399999984047 ], [ -896.696592376035937, 130.99740198345512 ], [ -902.967049053752817, 132.146985707703237 ], [ -902.227061493026213, 143.43332384519357 ], [ -901.666994514589305, 153.727891057818084 ] ] ] ] } },
{ "type": "Feature", "properties": { "visible": 1, "color": -32768, "chunks": [ ], "minimapNameVisible": 1, "personal": 0, "announceInChat": 0, "mode": "Vertex", "fullscreenVisible": 1, "announceInTitle": 0, "id": "ae714732-272e-45f1-83c0-fe90d4835f0d", "name2": "13ha 56a 74ca", "fullscreenNameVisible": 1, "dimension": "minecraft:overworld", "name1": "36.II.4", "minimapVisible": 1, "fullscreenOwnerVisible": 0, "minimapOwnerVisible": 0, "fid": 21, "TYPE": "II", "SSTYPE": "4", "SPECIES": "dynamictrees:oak", "SURF": null, "PARFOR": "36" }, "geometry": { "type": "MultiPolygon", "coordinates": [ [ [ [ -785.618199648761902, 133.615411239653497 ], [ -772.154152045456385, 133.428410578496596 ], [ -765.235127582646442, 132.119405950397436 ], [ -756.072095185952094, 130.436399999984189 ], [ -749.153070723142037, 128.379392727256885 ], [ -740.738040971075861, 123.517375537174189 ], [ -731.388007913224556, 117.907355702463377 ], [ -725.029985433885599, 113.419339834694725 ], [ -718.297961632232614, 107.248318016512826 ], [ -711.7529384917367, 100.32929355370284 ], [ -707.825924607439106, 95.280275702463101 ], [ -705.207915351240672, 88.548251900810129 ], [ -701.46790212810015, 80.694224132214998 ], [ -699.971896838843918, 70.409187768578505 ], [ -697.166886921488526, 61.994158016512294 ], [ -688.377855847108208, 53.392127603289055 ], [ -680.336827417356062, 47.595107107421214 ], [ -675.287809566116266, 43.29409190080959 ], [ -666.872779814050091, 39.554078677669054 ], [ -659.205752706611975, 35.814065454528517 ], [ -651.164724276859829, 29.269042314032575 ], [ -644.619701136363915, 24.407025123949865 ], [ -640.13168526859522, 21.602015206594452 ], [ -634.147664111570293, 17.113999338825806 ], [ -629.47264758264464, 15.43099338841256 ], [ -625.732634359504118, 12.812984132214183 ], [ -623.675627086776785, 7.576965619817372 ], [ -634.147664111570293, 13.9349880991563 ], [ -645.36770378099186, 16.926998677668735 ], [ -664.441771219008615, 21.789015867751431 ], [ -675.287809566116152, 25.903030413206011 ], [ -687.629853202480035, 35.253063471057374 ], [ -695.483880971075109, 43.855093884280606 ], [ -704.833914028926415, 55.075133553702216 ], [ -712.313940475207573, 67.417177190065999 ], [ -720.167968243802648, 79.011218181801667 ], [ -726.899992045455633, 88.361251239653001 ], [ -734.380018491736678, 95.841277685934088 ], [ -746.348060805786417, 101.825298842958944 ], [ -762.804118987604852, 107.435318677669756 ], [ -774.024158657026419, 108.557322644611915 ], [ -786.366202293390188, 108.557322644611915 ], [ -801.326255185952618, 107.809319999983813 ], [ -813.668298822316387, 109.118324628083002 ], [ -832.555365599176071, 109.49232595039706 ], [ -850.133427747936594, 109.866327272711118 ], [ -863.410474690085493, 109.866327272711118 ], [ -882.67154278925932, 111.362332561967321 ], [ -903.743884508048495, 117.785225591181174 ], [ -903.20371461849129, 126.91900736005671 ], [ -902.967049053752817, 132.146985707703237 ], [ -896.696592376035937, 130.99740198345512 ], [ -894.265583780994575, 130.436399999984047 ], [ -888.281562623969762, 128.379392727256743 ], [ -880.801536177688604, 128.192392066099728 ], [ -865.654482623969443, 129.127395371884859 ], [ -852.938437665291644, 131.184402644612163 ], [ -843.401403946283267, 132.119405950397294 ], [ -834.79937353306002, 132.867408595025381 ], [ -831.433361632233527, 131.558403966926221 ], [ -822.083328574382222, 126.88338743800054 ], [ -813.294297500001903, 125.574382809901351 ], [ -805.440269731406829, 128.192392066099728 ], [ -799.269247913224945, 131.745404628083236 ], [ -792.911225433885988, 131.745404628083236 ], [ -785.618199648761902, 133.615411239653497 ] ] ] ] } },
{ "type": "Feature", "properties": { "visible": 1, "color": -32768, "chunks": [ ], "minimapNameVisible": 1, "personal": 0, "announceInChat": 0, "mode": "Vertex", "fullscreenVisible": 1, "announceInTitle": 0, "id": "ae714732-272e-45f1-83c0-fe90d4835f0d", "name2": "13ha 56a 74ca", "fullscreenNameVisible": 1, "dimension": "minecraft:overworld", "name1": "36.II.4", "minimapVisible": 1, "fullscreenOwnerVisible": 0, "minimapOwnerVisible": 0, "fid": 21, "TYPE": "II", "SSTYPE": "4", "SPECIES": "dynamictrees:oak", "SURF": null, "PARFOR": "36" }, "geometry": { "type": "MultiPolygon", "coordinates": [ [ [ [ -619.655112871900656, 20.293010578495227 ], [ -624.984631714876059, 24.781026446263894 ], [ -627.976642293388522, 34.318060165272271 ], [ -631.529654855371973, 41.237084628082272 ], [ -635.643669400826639, 47.969108429735243 ], [ -639.009681301653131, 54.701132231388215 ], [ -644.245699814049885, 62.368159338826317 ], [ -648.359714359504437, 67.978179173537129 ], [ -662.945765929752497, 84.621238016512535 ], [ -669.116787747934495, 92.849267107421724 ], [ -675.474810227273338, 99.394290247917667 ], [ -684.637842623967686, 104.81730942147145 ], [ -690.247862458678469, 107.996320661140913 ], [ -702.215904772728209, 116.037349090893059 ], [ -711.565937830579628, 121.273367603289856 ], [ -720.728970227273976, 126.509386115686624 ], [ -727.27399336776989, 131.184402644612305 ], [ -734.754019814051048, 134.363413884281755 ], [ -743.543050888431253, 137.542425123951205 ], [ -751.397078657026441, 140.908437024777697 ], [ -757.755101136365283, 142.591442975190944 ], [ -768.788140144629892, 145.396452892546336 ], [ -778.886175847108916, 143.526446280975932 ], [ -785.992200971076045, 144.274448925604048 ], [ -793.846228739671119, 146.144455537174309 ], [ -799.269247913224945, 150.071469421471875 ], [ -803.570263119836568, 152.315477355356194 ], [ -810.115286260332482, 152.689478677670252 ], [ -815.912306756200337, 151.006472727257005 ], [ -824.514337169423584, 147.827461487587556 ], [ -829.750355681820338, 145.396452892546193 ], [ -837.978384772729441, 144.835450909075121 ], [ -847.889419814051962, 146.144455537174309 ], [ -856.117448904961066, 148.01446214874457 ], [ -861.35346741735782, 150.445470743785933 ], [ -865.654482623969443, 151.19347338841402 ], [ -874.443513698349761, 151.941476033042136 ], [ -883.606546095043996, 152.315477355356194 ], [ -901.666994514589305, 153.727891057818084 ], [ -900.385335820190448, 175.003425384839062 ], [ -899.839646235598934, 184.061872489058032 ], [ -890.525570557854053, 182.2355831404806 ], [ -873.695511053721702, 176.999564628083846 ], [ -856.117448904961179, 169.893539504116831 ], [ -846.019413202481701, 165.031522314034135 ], [ -833.677369566117932, 163.535517024777903 ], [ -820.961324607440019, 163.535517024777903 ], [ -815.351304772729236, 165.77952495866225 ], [ -808.245279648762335, 168.023532892546541 ], [ -801.139254524795206, 165.405523636348164 ], [ -791.7892214669439, 162.787514380149787 ], [ -773.837157995869347, 158.29949851238112 ], [ -758.503103780993115, 154.559485289240598 ], [ -743.917052210745055, 153.437481322298424 ], [ -733.445015185951434, 150.071469421471932 ], [ -720.354968904959605, 144.08744826444709 ], [ -712.874942458678561, 140.347435041306539 ], [ -706.890921301653634, 136.981423140480047 ], [ -697.166886921488299, 130.997401983455205 ], [ -691.556867086777402, 126.135384793372495 ], [ -687.06885121900882, 123.517375537174118 ], [ -682.206834028926096, 120.151363636347639 ], [ -672.482799648760647, 117.533354380149248 ], [ -659.392753367768819, 109.305325289240074 ], [ -654.156734855372065, 102.947302809901146 ], [ -647.798712376033109, 95.841277685934131 ], [ -638.822680640495832, 86.86524595039684 ], [ -631.342654194214788, 79.759220826429811 ], [ -627.976642293388295, 67.04317586775197 ], [ -626.854638326446093, 53.579128264446041 ], [ -623.488626425619714, 37.871072727255779 ], [ -619.655112871900656, 20.293010578495227 ] ] ] ] } },
{ "type": "Feature", "properties": { "visible": 1, "color": -32768, "chunks": [ ], "minimapNameVisible": 1, "personal": 0, "announceInChat": 0, "mode": "Vertex", "fullscreenVisible": 1, "announceInTitle": 0, "id": "ae714732-272e-45f1-83c0-fe90d4835f0d", "name2": "13ha 56a 74ca", "fullscreenNameVisible": 1, "dimension": "minecraft:overworld", "name1": "36.IX.", "minimapVisible": 1, "fullscreenOwnerVisible": 0, "minimapOwnerVisible": 0, "fid": 21, "TYPE": "IX", "SSTYPE": null, "SPECIES": "minecraft:mud", "SURF": null, "PARFOR": "36" }, "geometry": { "type": "MultiPolygon", "coordinates": [ [ [ [ -623.675627086776785, 7.576965619817372 ], [ -625.732634359504118, 12.812984132214183 ], [ -629.47264758264464, 15.43099338841256 ], [ -634.147664111570293, 17.113999338825806 ], [ -640.13168526859522, 21.602015206594452 ], [ -644.619701136363915, 24.407025123949865 ], [ -651.164724276859829, 29.269042314032575 ], [ -659.205752706611975, 35.814065454528517 ], [ -666.872779814050091, 39.554078677669054 ], [ -675.287809566116266, 43.29409190080959 ], [ -680.336827417356062, 47.595107107421214 ], [ -688.377855847108208, 53.392127603289055 ], [ -697.166886921488526, 61.994158016512294 ], [ -699.971896838843918, 70.409187768578505 ], [ -701.46790212810015, 80.694224132214998 ], [ -705.207915351240672, 88.548251900810129 ], [ -707.825924607439106, 95.280275702463101 ], [ -711.7529384917367, 100.32929355370284 ], [ -718.297961632232614, 107.248318016512826 ], [ -725.029985433885599, 113.419339834694725 ], [ -731.388007913224556, 117.907355702463377 ], [ -740.738040971075861, 123.517375537174189 ], [ -749.153070723142037, 128.379392727256885 ], [ -756.072095185952094, 130.436399999984189 ], [ -765.235127582646442, 132.119405950397436 ], [ -772.154152045456385, 133.428410578496596 ], [ -785.618199648761902, 133.615411239653497 ], [ -781.13018378099332, 136.046419834694859 ], [ -778.138173202480857, 138.103427107422135 ], [ -776.081165929753524, 139.786433057835382 ], [ -776.081165929753524, 141.656439669405671 ], [ -776.642167913224625, 142.778443636347816 ], [ -778.886175847108916, 143.526446280975932 ], [ -768.788140144629892, 145.396452892546336 ], [ -757.755101136365283, 142.591442975190944 ], [ -751.397078657026441, 140.908437024777697 ], [ -743.543050888431253, 137.542425123951205 ], [ -734.754019814051048, 134.363413884281755 ], [ -727.27399336776989, 131.184402644612305 ], [ -720.728970227273976, 126.509386115686624 ], [ -711.565937830579628, 121.273367603289856 ], [ -702.215904772728209, 116.037349090893059 ], [ -690.247862458678469, 107.996320661140913 ], [ -684.637842623967686, 104.81730942147145 ], [ -675.474810227273338, 99.394290247917667 ], [ -669.116787747934495, 92.849267107421724 ], [ -662.945765929752497, 84.621238016512535 ], [ -648.359714359504437, 67.978179173537129 ], [ -644.245699814049885, 62.368159338826317 ], [ -639.009681301653131, 54.701132231388215 ], [ -635.643669400826639, 47.969108429735243 ], [ -631.529654855371973, 41.237084628082272 ], [ -627.976642293388522, 34.318060165272271 ], [ -624.984631714876059, 24.781026446263894 ], [ -619.655112871900656, 20.293010578495227 ], [ -615.821599318181597, 2.714948429734676 ], [ -623.675627086776785, 7.576965619817372 ] ] ] ] } },
{ "type": "Feature", "properties": { "visible": 1, "color": -32768, "chunks": [ ], "minimapNameVisible": 1, "personal": 0, "announceInChat": 0, "mode": "Vertex", "fullscreenVisible": 1, "announceInTitle": 0, "id": "ea058490-9f0e-4c69-b0fe-3bdfc6cbb157", "name2": "8ha 51a 97ca", "fullscreenNameVisible": 1, "dimension": "minecraft:overworld", "name1": "41.X.", "minimapVisible": 1, "fullscreenOwnerVisible": 0, "minimapOwnerVisible": 0, "fid": 26, "TYPE": "X", "SSTYPE": null, "SPECIES": "minecraft:grass_block", "SURF": null, "PARFOR": "41" }, "geometry": { "type": "MultiPolygon", "coordinates": [ [ [ [ -611.146582789256627, 1049.357648925615194 ], [ -554.485382458677464, 1049.918650909086409 ], [ -553.17637783057819, 1021.307549752061277 ], [ -611.520584111570656, 1021.120549090904206 ], [ -611.146582789256627, 1049.357648925615194 ] ] ] ] } },
{ "type": "Feature", "properties": { "visible": 1, "color": -32768, "chunks": [ ], "minimapNameVisible": 1, "personal": 0, "announceInChat": 0, "mode": "Vertex", "fullscreenVisible": 1, "announceInTitle": 0, "id": "a36633be-7d04-47b0-af0f-8e53dfcc9f8e", "name2": "8ha 07a 23ca", "fullscreenNameVisible": 1, "dimension": "minecraft:overworld", "name1": "42.I.4", "minimapVisible": 1, "fullscreenOwnerVisible": 0, "minimapOwnerVisible": 0, "fid": 42, "TYPE": "I", "SSTYPE": "4", "SPECIES": "dynamictrees:oak", "SURF": null, "PARFOR": "42" }, "geometry": { "type": "MultiPolygon", "coordinates": [ [ [ [ -635.0, 1357.0 ], [ -617.0, 1331.0 ], [ -619.0, 1311.0 ], [ -619.0, 1295.0 ], [ -627.0, 1275.0 ], [ -626.0, 1265.0 ], [ -610.0, 1244.0 ], [ -609.319922105017895, 1130.871966245507792 ], [ -635.0, 1142.0 ], [ -670.0, 1159.0 ], [ -711.0, 1178.0 ], [ -751.0, 1192.0 ], [ -785.152365972080929, 1203.119374967654267 ], [ -794.0, 1206.0 ], [ -794.0, 1215.062267635344142 ], [ -794.0, 1352.0 ], [ -789.0, 1352.0 ], [ -781.0, 1353.0 ], [ -772.0, 1358.0 ], [ -765.0, 1367.0 ], [ -761.0, 1374.0 ], [ -757.0, 1386.0 ], [ -752.0, 1391.0 ], [ -748.0, 1391.0 ], [ -742.0, 1389.0 ], [ -737.0, 1383.0 ], [ -731.0, 1381.0 ], [ -728.0, 1375.0 ], [ -726.0, 1368.0 ], [ -723.0, 1360.0 ], [ -718.0, 1352.0 ], [ -712.0, 1347.0 ], [ -697.0, 1346.0 ], [ -688.0, 1347.0 ], [ -668.0, 1353.0 ], [ -658.0, 1354.0 ], [ -648.0, 1356.0 ], [ -635.0, 1357.0 ] ] ] ] } },
{ "type": "Feature", "properties": { "visible": 1, "color": -32768, "chunks": [ ], "minimapNameVisible": 1, "personal": 0, "announceInChat": 0, "mode": "Vertex", "fullscreenVisible": 1, "announceInTitle": 0, "id": "a36633be-7d04-47b0-af0f-8e53dfcc9f8e", "name2": "8ha 07a 23ca", "fullscreenNameVisible": 1, "dimension": "minecraft:overworld", "name1": "42.I.3", "minimapVisible": 1, "fullscreenOwnerVisible": 0, "minimapOwnerVisible": 0, "fid": 42, "TYPE": "I", "SSTYPE": "3", "SPECIES": "dynamictrees:oak", "SURF": null, "PARFOR": "42" }, "geometry": { "type": "MultiPolygon", "coordinates": [ [ [ [ -560.942543189590083, 1374.495211932465736 ], [ -559.721400971073535, 1360.713749752064587 ], [ -556.783325398832289, 1348.226928570039263 ], [ -560.0, 1346.0 ], [ -566.0, 1343.0 ], [ -575.0, 1343.0 ], [ -588.0, 1341.0 ], [ -599.0, 1342.0 ], [ -608.0, 1340.0 ], [ -611.0, 1337.0 ], [ -617.0, 1331.0 ], [ -635.0, 1357.0 ], [ -621.0, 1360.0 ], [ -611.0, 1364.0 ], [ -602.0, 1367.0 ], [ -595.0, 1371.0 ], [ -589.0, 1375.0 ], [ -567.0, 1375.0 ], [ -560.942543189590083, 1374.495211932465736 ] ] ] ] } },
{ "type": "Feature", "properties": { "visible": 1, "color": -32768, "chunks": [ ], "minimapNameVisible": 1, "personal": 0, "announceInChat": 0, "mode": "Vertex", "fullscreenVisible": 1, "announceInTitle": 0, "id": "a36633be-7d04-47b0-af0f-8e53dfcc9f8e", "name2": "8ha 07a 23ca", "fullscreenNameVisible": 1, "dimension": "minecraft:overworld", "name1": "42.III.3", "minimapVisible": 1, "fullscreenOwnerVisible": 0, "minimapOwnerVisible": 0, "fid": 42, "TYPE": "III", "SSTYPE": "3", "SPECIES": "dtru:pine", "SURF": null, "PARFOR": "42" }, "geometry": { "type": "MultiPolygon", "coordinates": [ [ [ [ -556.783325398832289, 1348.226928570039263 ], [ -559.721400971073535, 1360.713749752064587 ], [ -560.942543189590083, 1374.495211932465736 ], [ -555.0, 1374.0 ], [ -535.0, 1385.0 ], [ -525.0, 1389.0 ], [ -513.0, 1390.0 ], [ -505.0, 1394.0 ], [ -503.0, 1392.0 ], [ -499.0, 1389.0 ], [ -496.0, 1386.0 ], [ -497.0, 1385.0 ], [ -499.0, 1382.0 ], [ -508.0, 1373.0 ], [ -515.0, 1369.0 ], [ -525.0, 1366.0 ], [ -537.0, 1359.0 ], [ -547.0, 1355.0 ], [ -556.783325398832289, 1348.226928570039263 ] ] ] ] } },
{ "type": "Feature", "properties": { "visible": 1, "color": -32768, "chunks": [ ], "minimapNameVisible": 1, "personal": 0, "announceInChat": 0, "mode": "Vertex", "fullscreenVisible": 1, "announceInTitle": 0, "id": "ef5f0406-1042-4cb4-bf47-07226c8942b5", "name2": "8ha 96a 87ca", "fullscreenNameVisible": 1, "dimension": "minecraft:overworld", "name1": "33.III.6", "minimapVisible": 1, "fullscreenOwnerVisible": 0, "minimapOwnerVisible": 0, "fid": 45, "TYPE": "III", "SSTYPE": "6", "SPECIES": "dtbwg:fir", "SURF": null, "PARFOR": "33" }, "geometry": { "type": "MultiPolygon", "coordinates": [ [ [ [ -159.726986756193867, 311.0 ], [ -168.703018491731171, 302.103006942133675 ], [ -177.305048904954418, 290.882967272712051 ], [ -181.419063450408999, 285.646948760315297 ], [ -190.395095185946303, 275.548913057835819 ], [ -194.883111053714941, 269.938893223125035 ], [ -202.737138822310072, 261.336862809901788 ], [ -206.851153367764653, 251.23882710742231 ], [ -207.599156012392768, 242.262795371885034 ], [ -211.713170557847377, 235.904772892546134 ], [ -220.315200971070624, 226.92874115700883 ], [ -223.681212871897088, 219.074713388413699 ], [ -228.917231384293842, 206.732669752049901 ], [ -231.161239318178048, 201.122649917339032 ], [ -236.771259152888859, 190.650612892545524 ], [ -242.755280309913701, 183.170586446264451 ], [ -251.357310723136948, 171.950546776842828 ], [ -257.715333202475847, 162.226512396677435 ], [ -262.951351714872601, 151.38047404956987 ], [ -265.195359648756948, 139.412431735520158 ], [ -266.69136493801318, 131.184402644610969 ], [ -271.927383450409934, 123.330374876015838 ], [ -279.033408574376949, 115.850348429734765 ], [ -292.0, 110.0 ], [ -292.0, 215.0 ], [ -292.0, 311.0 ], [ -159.726986756193867, 311.0 ] ] ] ] } },
{ "type": "Feature", "properties": { "visible": 1, "color": -32768, "chunks": [ ], "minimapNameVisible": 1, "personal": 0, "announceInChat": 0, "mode": "Vertex", "fullscreenVisible": 1, "announceInTitle": 0, "id": "0c767db1-be06-4594-9fd8-684777b4a5dc", "name2": "12ha 32a 27ca", "fullscreenNameVisible": 1, "dimension": "minecraft:overworld", "name1": "28.III.3", "minimapVisible": 1, "fullscreenOwnerVisible": 0, "minimapOwnerVisible": 0, "fid": 15, "TYPE": "III", "SSTYPE": "3", "SPECIES": "dynamictrees:spruce", "SURF": null, "PARFOR": "28" }, "geometry": { "type": "MultiPolygon", "coordinates": [ [ [ [ 166.532810724413707, 989.354572088064174 ], [ 178.744209938025506, 988.395433388421452 ], [ 189.96424960744713, 989.517437355363541 ], [ 196.696273409100087, 988.769434710735482 ], [ 204.924302500009276, 988.021432066107309 ], [ 212.778330268604407, 985.777424132223018 ], [ 220.25835671488548, 979.045400330570033 ], [ 222.876365971083857, 972.68737785123119 ], [ 225.120373904968204, 965.207351404950032 ], [ 225.868376549596292, 954.735314380156524 ], [ 226.616379194224407, 948.377291900817681 ], [ 226.616379194224407, 939.027258842966262 ], [ 225.868376549596292, 929.677225785114956 ], [ 225.120373904968204, 921.823198016519882 ], [ 227.738383161166581, 912.099163636354433 ], [ 229.234388450422784, 899.150026633518678 ], [ 224.263719815322816, 899.150026633518678 ], [ 218.5937198153228, 898.119117542609615 ], [ 208.284628906231887, 896.572753906246021 ], [ 194.88281072441373, 896.572753906246021 ], [ 183.027356178959167, 897.603662997155084 ], [ 170.656447088050072, 898.634572088064147 ], [ 162.924628906231874, 903.273662997155043 ], [ 159.316447088050097, 904.820026633518751 ], [ 153.646447088050081, 908.428208451700584 ], [ 151.069174360777367, 910.49002663351871 ], [ 136.120992542595502, 913.582753906246012 ], [ 123.234628906231876, 913.582753906246012 ], [ 112.925537997140964, 913.582753906246012 ], [ 107.770992542595536, 915.644572088064137 ], [ 101.585537997140989, 921.314572088064097 ], [ 101.070083451686457, 923.891844815336867 ], [ 110.34826526986825, 932.139117542609597 ], [ 111.379174360777313, 933.685481178973305 ], [ 111.827102109884137, 934.973273457655409 ], [ 115.502810724413678, 945.540935724427754 ], [ 121.688265269868225, 957.911844815336849 ], [ 123.234628906231876, 966.159117542609579 ], [ 124.780992542595527, 967.705481178973287 ], [ 133.239185571539764, 973.675970375875067 ], [ 133.543719815322788, 973.890935724427777 ], [ 140.244628906231867, 975.952753906246016 ], [ 149.522810724413716, 979.56093572442785 ], [ 150.553719815322779, 979.56093572442785 ], [ 160.34735617895916, 984.200026633518746 ], [ 166.532810724413707, 989.354572088064174 ] ] ] ] } },
{ "type": "Feature", "properties": { "visible": 1, "color": -32768, "chunks": [ ], "minimapNameVisible": 1, "personal": 0, "announceInChat": 0, "mode": "Vertex", "fullscreenVisible": 1, "announceInTitle": 0, "id": "c0a3649b-708d-466f-b725-0f6014d65851", "name2": "8ha 04a 94ca", "fullscreenNameVisible": 1, "dimension": "minecraft:overworld", "name1": "22.III.1", "minimapVisible": 1, "fullscreenOwnerVisible": 0, "minimapOwnerVisible": 0, "fid": 10, "TYPE": "III", "SSTYPE": "1", "SPECIES": "dtru:pine", "SURF": null, "PARFOR": "22" }, "geometry": { "type": "MultiPolygon", "coordinates": [ [ [ [ 481.641831514932505, 811.561161587013089 ], [ 480.937278367780891, 798.028760330568389 ], [ 474.953257210755964, 783.816710082634359 ], [ 464.481220185962457, 775.962682314039171 ], [ 455.131187128111151, 772.222669090898648 ], [ 445.033151425631672, 769.604659834700328 ], [ 431.569103822325701, 768.856657190072156 ], [ 418.105056219019787, 768.856657190072156 ], [ 404.641008615713872, 766.986650578501894 ], [ 388.93295307852361, 761.002629421477081 ], [ 375.842906797531668, 754.644606942138125 ], [ 367.240876384308422, 751.278595041311632 ], [ 335.450763987613868, 744.920572561972676 ], [ 324.230724318192301, 744.920572561972676 ], [ 316.002695227283084, 744.920572561972676 ], [ 297.302629111580359, 746.416577851228908 ], [ 290.944606632241459, 753.896604297510066 ], [ 290.944606632241459, 764.742642644617604 ], [ 290.944606632241459, 774.840678347097082 ], [ 293.936617210753866, 788.304725950403054 ], [ 293.936617210753866, 799.52476561982462 ], [ 291.692609276869575, 807.752794710733838 ], [ 289.074600020671198, 817.102827768585144 ], [ 289.065376177168105, 836.793169237515144 ], [ 412.0, 819.0 ], [ 471.0, 812.0 ], [ 481.641831514932505, 811.561161587013089 ] ] ] ] } },
{ "type": "Feature", "properties": { "visible": 1, "color": -32768, "chunks": [ ], "minimapNameVisible": 1, "personal": 0, "announceInChat": 0, "mode": "Vertex", "fullscreenVisible": 1, "announceInTitle": 0, "id": "ab314668-8522-4039-92e0-69679e2c7ab6", "name2": "8ha 38a 32ca", "fullscreenNameVisible": 1, "dimension": "minecraft:overworld", "name1": "14.II.5", "minimapVisible": 1, "fullscreenOwnerVisible": 0, "minimapOwnerVisible": 0, "fid": 32, "TYPE": "II", "SSTYPE": "5", "SPECIES": "dynamictrees:oak", "SURF": null, "PARFOR": "14" }, "geometry": { "type": "MultiPolygon", "coordinates": [ [ [ [ 696.0, 476.0 ], [ 706.460075723153977, 470.964603966926859 ], [ 714.688104814063081, 463.110576198331728 ], [ 720.672125971088008, 453.760543140480365 ], [ 725.908144483484762, 448.150523305769582 ], [ 733.014169607451777, 442.914504793372828 ], [ 738.250188119848531, 441.418499504116596 ], [ 745.356213243815546, 438.052487603290103 ], [ 752.83623969009659, 429.450457190066913 ], [ 755.828250268609054, 418.604418842959319 ], [ 757.324255557865285, 411.498393718992304 ], [ 760.690267458691778, 406.63637652890958 ], [ 765.926285971088532, 401.026356694198796 ], [ 774.902317706625809, 393.172328925603665 ], [ 780.512337541336592, 387.562309090892882 ], [ 785.748356053733346, 383.448294545438216 ], [ 792.480379855386332, 381.204286611553925 ], [ 808.562436714890623, 380.082282644611723 ], [ 812.676451260345175, 380.082282644611723 ], [ 819.034473739684131, 380.45628396692581 ], [ 832.498521342990102, 383.074293223124187 ], [ 843.34455969009764, 386.814306446264709 ], [ 853.068594070263089, 389.432315702463143 ], [ 865.784639028940887, 392.050324958661463 ], [ 877.378680020676597, 393.920331570231724 ], [ 892.338732913238687, 399.156350082628535 ], [ 907.672787128114919, 402.896363305769057 ], [ 922.258838698362979, 405.888373884281464 ], [ 939.088898202495443, 407.758380495851725 ], [ 952.552945805801414, 411.498393718992304 ], [ 962.0, 422.5 ], [ 971.0, 416.0 ], [ 978.0, 409.0 ], [ 986.0, 399.0 ], [ 990.0, 384.0 ], [ 990.0, 352.0 ], [ 932.347643116908785, 352.0 ], [ 799.928661796028678, 352.0 ], [ 586.0, 352.0 ], [ 590.0, 357.0 ], [ 595.0, 367.0 ], [ 600.0, 374.0 ], [ 605.0, 380.0 ], [ 611.0, 386.0 ], [ 615.0, 388.0 ], [ 617.0, 393.0 ], [ 622.0, 396.0 ], [ 624.0, 399.0 ], [ 628.0, 404.0 ], [ 631.0, 406.0 ], [ 636.0, 406.0 ], [ 638.0, 411.0 ], [ 641.0, 418.0 ], [ 645.0, 425.0 ], [ 650.0, 429.0 ], [ 657.0, 431.0 ], [ 673.0, 449.0 ], [ 676.0, 457.0 ], [ 680.0, 460.0 ], [ 696.0, 476.0 ] ] ] ] } },
{ "type": "Feature", "properties": { "visible": 1, "color": -32768, "chunks": [ ], "minimapNameVisible": 1, "personal": 0, "announceInChat": 0, "mode": "Vertex", "fullscreenVisible": 1, "announceInTitle": 0, "id": "0bf595c5-3282-48fa-a164-4bd3a42187e9", "name2": "10ha 71a 91ca", "fullscreenNameVisible": 1, "dimension": "minecraft:overworld", "name1": "16.I.6", "minimapVisible": 1, "fullscreenOwnerVisible": 0, "minimapOwnerVisible": 0, "fid": 52, "TYPE": "I", "SSTYPE": "6", "SPECIES": "dynamictrees:oak", "SURF": null, "PARFOR": "16" }, "geometry": { "type": "MultiPolygon", "coordinates": [ [ [ [ 693.955225144648807, -147.0 ], [ 695.988038698360697, -140.901559338864644 ], [ 703.842066466955771, -133.421532892583571 ], [ 716.18411010331954, -130.803523636385194 ], [ 724.786140516542787, -130.055520991757078 ], [ 733.762172252080063, -129.30751834712899 ], [ 736.754182830592526, -122.575494545476019 ], [ 736.754182830592526, -112.477458842996555 ], [ 745.356213243815773, -106.493437685971699 ], [ 755.080247623981109, -102.753424462831163 ], [ 766.674288615716819, -102.753424462831163 ], [ 775.650320351254095, -102.753424462831163 ], [ 782.008342830593051, -100.509416528946844 ], [ 785.748356053733573, -99.013411239690626 ], [ 798.464401012411372, -87.045368925640901 ], [ 805.570426136378387, -81.809350413244147 ], [ 812.302449938031373, -76.947333223161451 ], [ 817.912469772742156, -75.077326611591175 ], [ 824.644493574395142, -75.825329256219277 ], [ 829.880512086791896, -78.443338512417654 ], [ 836.238534566130852, -80.687346446301987 ], [ 841.474553078527606, -81.435349090930089 ], [ 853.068594070263202, -82.557353057872248 ], [ 856.060604648775666, -82.557353057872248 ], [ 862.792628450428651, -75.825329256219277 ], [ 863.166629772742681, -70.215309421508479 ], [ 862.044625805800479, -58.621268429772812 ], [ 861.670624483486449, -49.271235371921463 ], [ 865.410637706626972, -37.677194380185796 ], [ 871.020657541337869, -23.839145454565806 ], [ 871.020657541337869, -10.749099173573928 ], [ 875.50867340910645, 13.934988099153628 ], [ 877.004678698362682, 20.293010578492527 ], [ 878.874685309932943, 23.65902247931902 ], [ 883.736702500015667, 31.887051570228209 ], [ 886.354711756214101, 37.123070082624963 ], [ 893.460736880181003, 50.96111900824495 ], [ 900.940763326462161, 59.93715074378224 ], [ 908.420789772743206, 65.92117190080711 ], [ 920.014830764478916, 73.401198347088183 ], [ 935.348884979355034, 83.499234049567633 ], [ 942.828911425636193, 90.231257851220604 ], [ 949.560935227289065, 95.841277685931402 ], [ 954.796953739685932, 100.703294876014112 ], [ 957.788964318198282, 103.321304132212489 ], [ 957.788964318198282, 106.31331471072491 ], [ 959.284969607454741, 107.809319999981071 ], [ 964.520988119851495, 115.289346446262158 ], [ 972.749017210760712, 120.525364958658912 ], [ 981.351047623983845, 127.257388760311869 ], [ 983.143393942143575, 127.974327287575775 ], [ 980.0, 111.0 ], [ 973.0, 86.0 ], [ 966.0, 62.0 ], [ 953.272913338658213, 30.601188099041394 ], [ 945.0, 10.0 ], [ 942.0, -7.0 ], [ 942.0, -15.0 ], [ 945.0, -32.0 ], [ 952.0, -57.0 ], [ 958.0, -80.0 ], [ 964.0, -107.0 ], [ 968.0, -132.0 ], [ 972.795758804998627, -154.608577223565163 ], [ 975.0, -165.0 ], [ 962.0, -164.0 ], [ 929.0, -160.0 ], [ 897.0, -155.0 ], [ 825.0, -147.0 ], [ 693.955225144648807, -147.0 ] ] ] ] } },
{ "type": "Feature", "properties": { "visible": 1, "color": -32768, "chunks": [ ], "minimapNameVisible": 1, "personal": 0, "announceInChat": 0, "mode": "Vertex", "fullscreenVisible": 1, "announceInTitle": 0, "id": "3d0b324b-336a-4dd2-919f-2d5900930121", "name2": "12ha 55a 04ca", "fullscreenNameVisible": 1, "dimension": "minecraft:overworld", "name1": "30.I.5", "minimapVisible": 1, "fullscreenOwnerVisible": 0, "minimapOwnerVisible": 0, "fid": 7, "TYPE": "I", "SSTYPE": "5", "SPECIES": "dynamictrees:oak", "SURF": null, "PARFOR": "30" }, "geometry": { "type": "MultiPolygon", "coordinates": [ [ [ [ 389.0, 516.363658174309535 ], [ 319.897306511128818, 515.660918918490552 ], [ 320.370602522574018, 629.883023013928891 ], [ 339.0, 632.0 ], [ 389.0, 640.0 ], [ 389.0, 516.363658174309535 ] ] ] ] } },
{ "type": "Feature", "properties": { "visible": 1, "color": -32768, "chunks": [ ], "minimapNameVisible": 1, "personal": 0, "announceInChat": 0, "mode": "Vertex", "fullscreenVisible": 1, "announceInTitle": 0, "id": "3d0b324b-336a-4dd2-919f-2d5900930121", "name2": "12ha 55a 04ca", "fullscreenNameVisible": 1, "dimension": "minecraft:overworld", "name1": "30.II.5", "minimapVisible": 1, "fullscreenOwnerVisible": 0, "minimapOwnerVisible": 0, "fid": 7, "TYPE": "II", "SSTYPE": "5", "SPECIES": "dynamictrees:oak", "SURF": null, "PARFOR": "30" }, "geometry": { "type": "MultiPolygon", "coordinates": [ [ [ [ 389.0, 388.777813388413961 ], [ 377.338912086787445, 395.509837190066889 ], [ 371.728892252076662, 400.371854380149614 ], [ 363.126861838853415, 407.103878181802543 ], [ 359.760849938026922, 412.339896694199297 ], [ 353.776828781002052, 419.071920495852282 ], [ 347.792807623977183, 424.681940330563123 ], [ 342.556789111580429, 432.909969421472283 ], [ 335.8247653099275, 437.397985289240978 ], [ 330.962748119844775, 441.886001157009559 ], [ 319.622810724413114, 449.415935724426902 ], [ 319.897306511128818, 515.660918918490552 ], [ 389.0, 516.363658174309535 ], [ 389.0, 388.777813388413961 ] ] ] ] } },
{ "type": "Feature", "properties": { "visible": 1, "color": -32768, "chunks": [ ], "minimapNameVisible": 1, "personal": 0, "announceInChat": 0, "mode": "Vertex", "fullscreenVisible": 1, "announceInTitle": 0, "id": "044fa54a-1c36-4f97-8b9b-5dc4947322d8", "name2": "7ha 63a 75ca", "fullscreenNameVisible": 1, "dimension": "minecraft:overworld", "name1": "21.I.5", "minimapVisible": 1, "fullscreenOwnerVisible": 0, "minimapOwnerVisible": 0, "fid": 27, "TYPE": "I", "SSTYPE": "5", "SPECIES": "dynamictrees:oak", "SURF": null, "PARFOR": "21" }, "geometry": { "type": "MultiPolygon", "coordinates": [ [ [ [ 586.0, 517.332906878658036 ], [ 389.0, 516.363658174309535 ], [ 389.0, 640.0 ], [ 454.0, 650.0 ], [ 506.0, 658.0 ], [ 542.0, 662.0 ], [ 575.288265269868248, 668.052411867248793 ], [ 586.0, 670.0 ], [ 586.0, 517.332906878658036 ] ] ] ] } },
{ "type": "Feature", "properties": { "visible": 1, "color": -32768, "chunks": [ ], "minimapNameVisible": 1, "personal": 0, "announceInChat": 0, "mode": "Vertex", "fullscreenVisible": 1, "announceInTitle": 0, "id": "0892050e-6e15-43ef-886c-13876b915e63", "name2": "11ha 86a 43ca", "fullscreenNameVisible": 1, "dimension": "minecraft:overworld", "name1": "9.II.5", "minimapVisible": 1, "fullscreenOwnerVisible": 0, "minimapOwnerVisible": 0, "fid": 48, "TYPE": "II", "SSTYPE": "5", "SPECIES": "dynamictrees:oak", "SURF": null, "PARFOR": "9" }, "geometry": { "type": "MultiPolygon", "coordinates": [ [ [ [ 1537.0, 1063.679384363946383 ], [ 1525.896972913246373, 1063.850200165281194 ], [ 1520.386908888508287, 1064.462429501363204 ], [ 1509.066913409113795, 1065.720206776851455 ], [ 1497.098871095064169, 1070.956225289248096 ], [ 1488.870842004154838, 1078.810253057843283 ], [ 1484.7568274587004, 1085.916278181810412 ], [ 1479.894810268617675, 1097.136317851231979 ], [ 1477.276801012419355, 1108.356357520653546 ], [ 1474.284790433906892, 1121.820405123959517 ], [ 1465.308758698369502, 1134.536450082637202 ], [ 1456.332726962832339, 1155.480524132224218 ], [ 1450.348705805807413, 1163.334551900819406 ], [ 1438.380663491757787, 1173.058586280984855 ], [ 1431.274638367790658, 1178.294604793381723 ], [ 1423.42061059919547, 1185.026628595034708 ], [ 1420.428600020683007, 1193.628659008257728 ], [ 1421.924605309939352, 1200.734684132224857 ], [ 1424.168613243823529, 1201.108685454539 ], [ 1431.648639690104574, 1198.864677520654595 ], [ 1445.860689938038831, 1199.986681487596798 ], [ 1453.714717706633792, 1203.72669471073732 ], [ 1456.706728285146255, 1211.580722479332508 ], [ 1461.56874547522898, 1218.312746280985493 ], [ 1468.300769276881965, 1220.930755537183813 ], [ 1478.024803657047414, 1223.548764793382134 ], [ 1484.7568274587004, 1226.540775371894597 ], [ 1492.0, 1233.0 ], [ 1506.0, 1227.0 ], [ 1537.0, 1208.0 ], [ 1537.0, 1063.679384363946383 ] ] ] ] } },
{ "type": "Feature", "properties": { "visible": 1, "color": -32768, "chunks": [ ], "minimapNameVisible": 1, "personal": 0, "announceInChat": 0, "mode": "Vertex", "fullscreenVisible": 1, "announceInTitle": 0, "id": "0892050e-6e15-43ef-886c-13876b915e63", "name2": "11ha 86a 43ca", "fullscreenNameVisible": 1, "dimension": "minecraft:overworld", "name1": "9.IX.", "minimapVisible": 1, "fullscreenOwnerVisible": 0, "minimapOwnerVisible": 0, "fid": 48, "TYPE": "IX", "SSTYPE": null, "SPECIES": "minecraft:water", "SURF": null, "PARFOR": "9" }, "geometry": { "type": "MultiPolygon", "coordinates": [ [ [ [ 1486.25283274795629, 1050.01215123966108 ], [ 1502.708890929774725, 1029.44207851238798 ], [ 1503.456893574402784, 1028.320074545445777 ], [ 1508.318910764485508, 1024.206059999991339 ], [ 1512.432925309940174, 1020.466046776850703 ], [ 1517.294942500022898, 1016.352032231396151 ], [ 1522.530961012419539, 1012.2380176859416 ], [ 1522.530961012419539, 988.30193305784212 ], [ 1515.424935888452637, 986.431926446271859 ], [ 1508.318910764485508, 987.179929090899918 ], [ 1503.830894896716927, 988.67593438015615 ], [ 1492.236853904981217, 990.919942314040441 ], [ 1485.130828781014316, 997.277964793379397 ], [ 1476.528798367791069, 1008.872005785115107 ], [ 1474.284790433906664, 1013.734022975197831 ], [ 1471.292779855394201, 1024.580061322305255 ], [ 1471.292779855394201, 1034.304095702470704 ], [ 1470.170775888452226, 1039.166112892553429 ], [ 1470.170775888452226, 1045.898136694206414 ], [ 1470.170775888452226, 1050.760153884289139 ], [ 1469.796774566138083, 1056.370173718999922 ], [ 1468.674770599195881, 1063.476198842966824 ], [ 1467.178765309939763, 1067.216212066107573 ], [ 1467.178765309939763, 1069.086218677677834 ], [ 1467.178765309939763, 1073.200233223132273 ], [ 1467.178765309939763, 1074.696238512388618 ], [ 1469.048771921510024, 1076.940246446272795 ], [ 1470.918778533080285, 1075.444241157016677 ], [ 1472.788785144650546, 1073.574234545446416 ], [ 1475.032793078534723, 1069.46021999999175 ], [ 1476.902799690104985, 1063.476198842966824 ], [ 1479.894810268617448, 1055.996172396685779 ], [ 1486.25283274795629, 1050.01215123966108 ] ] ] ] } },
{ "type": "Feature", "properties": { "visible": 1, "color": -32768, "chunks": [ ], "minimapNameVisible": 1, "personal": 0, "announceInChat": 0, "mode": "Vertex", "fullscreenVisible": 1, "announceInTitle": 0, "id": "0892050e-6e15-43ef-886c-13876b915e63", "name2": "11ha 86a 43ca", "fullscreenNameVisible": 1, "dimension": "minecraft:overworld", "name1": "9.X.", "minimapVisible": 1, "fullscreenOwnerVisible": 0, "minimapOwnerVisible": 0, "fid": 48, "TYPE": "X", "SSTYPE": null, "SPECIES": "minecraft:grass_block", "SURF": null, "PARFOR": "9" }, "geometry": { "type": "MultiPolygon", "coordinates": [ [ [ [ 1502.708890929774725, 1029.44207851238798 ], [ 1486.25283274795629, 1050.01215123966108 ], [ 1509.066913409113795, 1065.720206776851455 ], [ 1520.386908888508287, 1064.462429501363204 ], [ 1510.188917376055997, 1055.996172396685779 ], [ 1521.034955723163421, 1040.288116859495631 ], [ 1502.708890929774725, 1029.44207851238798 ] ] ] ] } }
]
}
