{
  "type": "FeatureCollection",
  "crs": {
    "type": "name",
    "properties": {
      "name": "urn:ogc:def:crs:OGC:1.3:CRS84"
    }
  },
  "features": [
    {
      "type": "Feature",
      "properties": {
        "owner": {
          "UUID": "71882b98-712c-4bbf-86ea-858112fa6c6f",
          "username": "balrog329"
        },
        "visible": 1,
        "color": -32768,
        "chunks": [],
        "created": 1775684825194,
        "minimapNameVisible": 1,
        "personal": 0,
        "announceInChat": 0,
        "mode": "Vertex",
        "fullscreenVisible": 1,
        "announceInTitle": 0,
        "modified": 1775689329565,
        "id": "517de907-b30c-4c2b-b92a-b109a922e85e",
        "name2": "0ha 06a 86ca",
        "fullscreenNameVisible": 1,
        "dimension": "minecraft:overworld",
        "name1": "III.5",
        "minimapVisible": 1,
        "fullscreenOwnerVisible": 0,
        "minimapOwnerVisible": 0
      },
      "geometry": {
        "type": "Polygon",
        "coordinates": [
          [
            [
              -272.0,
              1040.0
            ],
            [
              -290.0,
              1040.0
            ],
            [
              -289.0,
              1012.0
            ],
            [
              -258.0,
              1012.0
            ],
            [
              -272.0,
              1040.0
            ]
          ]
        ]
      }
    },
    {
      "type": "Feature",
      "properties": {
        "owner": {
          "UUID": "71882b98-712c-4bbf-86ea-858112fa6c6f",
          "username": "balrog329"
        },
        "visible": 1,
        "color": -32768,
        "chunks": [],
        "created": 1778710156284,
        "minimapNameVisible": 1,
        "personal": 0,
        "announceInChat": 0,
        "mode": "Vertex",
        "fullscreenVisible": 1,
        "announceInTitle": 0,
        "modified": 1780955887264,
        "id": "686094c7-932c-4fa8-be28-ed060bf02c7f",
        "name2": "13ha 50a 38ca",
        "fullscreenNameVisible": 1,
        "dimension": "minecraft:overworld",
        "name1": "23",
        "minimapVisible": 1,
        "fullscreenOwnerVisible": 0,
        "minimapOwnerVisible": 0
      },
      "geometry": {
        "type": "Polygon",
        "coordinates": [
          [
            [
              260.0,
              1119.0
            ],
            [
              260.0,
              841.0
            ],
            [
              412.0,
              819.0
            ],
            [
              471.0,
              812.0
            ],
            [
              568.0,
              808.0
            ],
            [
              730.0,
              779.0
            ],
            [
              731.0,
              800.0
            ],
            [
              732.0,
              818.0
            ],
            [
              734.0,
              841.0
            ],
            [
              739.0,
              861.0
            ],
            [
              746.0,
              883.0
            ],
            [
              751.0,
              900.0
            ],
            [
              763.0,
              931.0
            ],
            [
              772.0,
              951.0
            ],
            [
              787.0,
              983.0
            ],
            [
              793.0,
              993.0
            ],
            [
              799.0,
              1000.0
            ],
            [
              805.0,
              1006.0
            ],
            [
              819.0,
              1014.0
            ],
            [
              841.0,
              1022.0
            ],
            [
              794.0,
              1027.0
            ],
            [
              713.0,
              1045.0
            ],
            [
              677.0,
              1053.0
            ],
            [
              653.0,
              1058.0
            ],
            [
              612.0,
              1066.0
            ],
            [
              584.0,
              1070.0
            ],
            [
              463.0,
              1092.0
            ],
            [
              272.0,
              1119.0
            ],
            [
              260.0,
              1119.0
            ]
          ]
        ]
      }
    },
    {
      "type": "Feature",
      "properties": {
        "owner": {
          "UUID": "71882b98-712c-4bbf-86ea-858112fa6c6f",
          "username": "balrog329"
        },
        "visible": 1,
        "color": -32768,
        "chunks": [],
        "created": 1779307417922,
        "minimapNameVisible": 1,
        "personal": 0,
        "announceInChat": 0,
        "mode": "Vertex",
        "fullscreenVisible": 1,
        "announceInTitle": 0,
        "modified": 1780955749138,
        "id": "9179aee7-7e2e-484b-924e-b745ff9dec6f",
        "name2": "8ha 84a 24ca",
        "fullscreenNameVisible": 1,
        "dimension": "minecraft:overworld",
        "name1": "11",
        "minimapVisible": 1,
        "fullscreenOwnerVisible": 0,
        "minimapOwnerVisible": 0
      },
      "geometry": {
        "type": "Polygon",
        "coordinates": [
          [
            [
              713.0,
              1309.0
            ],
            [
              713.0,
              1291.0
            ],
            [
              710.0,
              1290.0
            ],
            [
              713.0,
              1275.0
            ],
            [
              841.0,
              1022.0
            ],
            [
              862.0,
              1026.0
            ],
            [
              887.0,
              1029.0
            ],
            [
              921.0,
              1033.0
            ],
            [
              951.0,
              1035.0
            ],
            [
              985.0,
              1043.0
            ],
            [
              1014.0,
              1052.0
            ],
            [
              1040.0,
              1063.0
            ],
            [
              1073.0,
              1080.0
            ],
            [
              1093.0,
              1093.0
            ],
            [
              1110.0,
              1108.0
            ],
            [
              1131.0,
              1121.0
            ],
            [
              1173.0,
              1142.0
            ],
            [
              1166.0,
              1150.0
            ],
            [
              1155.0,
              1160.0
            ],
            [
              1152.0,
              1166.0
            ],
            [
              1125.0,
              1184.0
            ],
            [
              1116.0,
              1191.0
            ],
            [
              1095.0,
              1202.0
            ],
            [
              1090.0,
              1205.0
            ],
            [
              1063.0,
              1219.0
            ],
            [
              1057.0,
              1223.0
            ],
            [
              1045.0,
              1230.0
            ],
            [
              1031.0,
              1237.0
            ],
            [
              1017.0,
              1245.0
            ],
            [
              997.0,
              1254.0
            ],
            [
              975.0,
              1263.0
            ],
            [
              957.0,
              1270.0
            ],
            [
              924.0,
              1285.0
            ],
            [
              863.0,
              1321.0
            ],
            [
              835.0,
              1336.0
            ],
            [
              808.0,
              1349.0
            ],
            [
              728.0,
              1394.0
            ],
            [
              710.0,
              1394.0
            ],
            [
              705.0,
              1388.0
            ],
            [
              703.0,
              1369.0
            ],
            [
              719.0,
              1329.0
            ],
            [
              713.0,
              1309.0
            ]
          ]
        ]
      }
    },
    {
      "type": "Feature",
      "properties": {
        "owner": {
          "UUID": "71882b98-712c-4bbf-86ea-858112fa6c6f",
          "username": "balrog329"
        },
        "visible": 1,
        "color": -32768,
        "chunks": [],
        "created": 1776894540522,
        "minimapNameVisible": 1,
        "personal": 0,
        "announceInChat": 0,
        "mode": "Vertex",
        "fullscreenVisible": 1,
        "announceInTitle": 0,
        "modified": 1780957695592,
        "id": "f2747ead-33f8-4bb1-a3a9-b73ebdeb9f6f",
        "name2": "7ha 20a 22ca",
        "fullscreenNameVisible": 1,
        "dimension": "minecraft:overworld",
        "name1": "44",
        "minimapVisible": 1,
        "fullscreenOwnerVisible": 0,
        "minimapOwnerVisible": 0
      },
      "geometry": {
        "type": "Polygon",
        "coordinates": [
          [
            [
              -1070.0,
              1383.0
            ],
            [
              -1084.0,
              1408.0
            ],
            [
              -1342.0,
              1408.0
            ],
            [
              -1342.0,
              1396.0
            ],
            [
              -1340.0,
              1384.0
            ],
            [
              -1336.0,
              1381.0
            ],
            [
              -1328.0,
              1377.0
            ],
            [
              -1309.0,
              1375.0
            ],
            [
              -1313.0,
              1368.0
            ],
            [
              -1324.0,
              1369.0
            ],
            [
              -1330.0,
              1371.0
            ],
            [
              -1334.0,
              1372.0
            ],
            [
              -1342.0,
              1373.0
            ],
            [
              -1347.0,
              1378.0
            ],
            [
              -1350.0,
              1409.0
            ],
            [
              -1364.0,
              1409.0
            ],
            [
              -1364.0,
              1372.0
            ],
            [
              -1365.0,
              1366.0
            ],
            [
              -1365.0,
              1335.0
            ],
            [
              -1372.0,
              1317.0
            ],
            [
              -1378.0,
              1315.0
            ],
            [
              -1382.0,
              1312.0
            ],
            [
              -1388.0,
              1310.0
            ],
            [
              -1393.0,
              1307.0
            ],
            [
              -1398.0,
              1303.0
            ],
            [
              -1397.0,
              1289.0
            ],
            [
              -1399.0,
              1273.0
            ],
            [
              -1399.0,
              1254.0
            ],
            [
              -1400.0,
              1240.0
            ],
            [
              -1395.0,
              1211.0
            ],
            [
              -1386.0,
              1205.0
            ],
            [
              -1376.0,
              1200.0
            ],
            [
              -1361.0,
              1191.0
            ],
            [
              -1355.0,
              1183.0
            ],
            [
              -1340.0,
              1179.0
            ],
            [
              -1334.0,
              1161.0
            ],
            [
              -1337.0,
              1136.0
            ],
            [
              -1343.0,
              1124.0
            ],
            [
              -1344.0,
              1109.0
            ],
            [
              -1349.0,
              1097.0
            ],
            [
              -1363.0,
              1088.0
            ],
            [
              -1377.0,
              1075.0
            ],
            [
              -1380.0,
              1061.0
            ],
            [
              -1391.0,
              1047.0
            ],
            [
              -1391.0,
              982.0
            ],
            [
              -1381.0,
              982.0
            ],
            [
              -1381.0,
              1024.0
            ],
            [
              -1379.0,
              1038.0
            ],
            [
              -1363.0,
              1065.0
            ],
            [
              -1334.0,
              1097.0
            ],
            [
              -1324.0,
              1112.0
            ],
            [
              -1316.0,
              1119.0
            ],
            [
              -1304.0,
              1123.0
            ],
            [
              -1292.0,
              1126.0
            ],
            [
              -1274.0,
              1134.0
            ],
            [
              -1266.0,
              1140.0
            ],
            [
              -1259.0,
              1152.0
            ],
            [
              -1254.0,
              1164.0
            ],
            [
              -1246.0,
              1187.0
            ],
            [
              -1237.0,
              1219.0
            ],
            [
              -1233.0,
              1234.0
            ],
            [
              -1228.0,
              1242.0
            ],
            [
              -1218.0,
              1253.0
            ],
            [
              -1215.0,
              1255.0
            ],
            [
              -1211.0,
              1256.0
            ],
            [
              -1202.0,
              1254.0
            ],
            [
              -1190.0,
              1248.0
            ],
            [
              -1180.0,
              1239.0
            ],
            [
              -1171.0,
              1229.0
            ],
            [
              -1156.0,
              1215.0
            ],
            [
              -1151.0,
              1212.0
            ],
            [
              -1124.0,
              1211.0
            ],
            [
              -1108.0,
              1214.0
            ],
            [
              -1082.0,
              1220.0
            ],
            [
              -1070.0,
              1232.0
            ],
            [
              -1051.0,
              1247.0
            ],
            [
              -1046.0,
              1247.0
            ],
            [
              -1043.0,
              1246.0
            ],
            [
              -1036.0,
              1242.0
            ],
            [
              -1031.0,
              1236.0
            ],
            [
              -1024.0,
              1225.0
            ],
            [
              -1022.0,
              1220.0
            ],
            [
              -1015.0,
              1220.0
            ],
            [
              -1016.0,
              1226.0
            ],
            [
              -1020.0,
              1240.0
            ],
            [
              -1027.0,
              1256.0
            ],
            [
              -1033.0,
              1272.0
            ],
            [
              -1042.0,
              1292.0
            ],
            [
              -1045.0,
              1305.0
            ],
            [
              -1048.0,
              1321.0
            ],
            [
              -1053.0,
              1344.0
            ],
            [
              -1057.0,
              1356.0
            ],
            [
              -1070.0,
              1383.0
            ]
          ]
        ]
      }
    },
    {
      "type": "Feature",
      "properties": {
        "owner": {
          "UUID": "71882b98-712c-4bbf-86ea-858112fa6c6f",
          "username": "balrog329"
        },
        "visible": 1,
        "color": -48569,
        "chunks": [],
        "created": 1775682814084,
        "minimapNameVisible": 1,
        "personal": 0,
        "announceInChat": 0,
        "mode": "Vertex",
        "fullscreenVisible": 1,
        "announceInTitle": 0,
        "modified": 1778094458800,
        "id": "d49eef24-ac34-45af-943d-e689a8c63e5b",
        "name2": "8ha 09a 79ca",
        "fullscreenNameVisible": 1,
        "dimension": "minecraft:overworld",
        "name1": "III.6",
        "minimapVisible": 1,
        "fullscreenOwnerVisible": 0,
        "minimapOwnerVisible": 0
      },
      "geometry": {
        "type": "Polygon",
        "coordinates": [
          [
            [
              -5.0,
              712.0
            ],
            [
              -14.0,
              711.0
            ],
            [
              -34.0,
              724.0
            ],
            [
              -38.0,
              744.0
            ],
            [
              -38.0,
              766.0
            ],
            [
              -40.0,
              792.0
            ],
            [
              -31.0,
              808.0
            ],
            [
              -39.0,
              814.0
            ],
            [
              -42.0,
              827.0
            ],
            [
              -37.0,
              841.0
            ],
            [
              -38.0,
              858.0
            ],
            [
              -32.0,
              884.0
            ],
            [
              -27.0,
              894.0
            ],
            [
              -70.0,
              900.0
            ],
            [
              -167.0,
              902.0
            ],
            [
              -180.0,
              919.0
            ],
            [
              -290.0,
              919.0
            ],
            [
              -291.0,
              606.0
            ],
            [
              -5.0,
              606.0
            ],
            [
              -5.0,
              712.0
            ]
          ]
        ]
      }
    },
    {
      "type": "Feature",
      "properties": {
        "owner": {
          "UUID": "71882b98-712c-4bbf-86ea-858112fa6c6f",
          "username": "balrog329"
        },
        "visible": 1,
        "color": -32768,
        "chunks": [],
        "created": 1775679459968,
        "minimapNameVisible": 1,
        "personal": 0,
        "announceInChat": 0,
        "mode": "Vertex",
        "fullscreenVisible": 1,
        "announceInTitle": 0,
        "modified": 1780956035137,
        "id": "396c1231-8d2c-4154-9377-035605f6757b",
        "name2": "10ha 36a 83ca",
        "fullscreenNameVisible": 1,
        "dimension": "minecraft:overworld",
        "name1": "39",
        "minimapVisible": 1,
        "fullscreenOwnerVisible": 0,
        "minimapOwnerVisible": 0
      },
      "geometry": {
        "type": "Polygon",
        "coordinates": [
          [
            [
              -290.0,
              806.0
            ],
            [
              -794.0,
              805.0
            ],
            [
              -809.0,
              751.0
            ],
            [
              -836.0,
              651.0
            ],
            [
              -848.0,
              606.0
            ],
            [
              -291.0,
              606.0
            ],
            [
              -290.0,
              806.0
            ]
          ]
        ]
      }
    },
    {
      "type": "Feature",
      "properties": {
        "owner": {
          "UUID": "71882b98-712c-4bbf-86ea-858112fa6c6f",
          "username": "balrog329"
        },
        "visible": 1,
        "color": -32768,
        "chunks": [],
        "created": 1775679630517,
        "minimapNameVisible": 1,
        "personal": 0,
        "announceInChat": 0,
        "mode": "Vertex",
        "fullscreenVisible": 1,
        "announceInTitle": 0,
        "modified": 1780955941652,
        "id": "9b38ebee-f949-45e2-a78a-cadda163de40",
        "name2": "14ha 72a 53ca",
        "fullscreenNameVisible": 1,
        "dimension": "minecraft:overworld",
        "name1": "29",
        "minimapVisible": 1,
        "fullscreenOwnerVisible": 0,
        "minimapOwnerVisible": 0
      },
      "geometry": {
        "type": "Polygon",
        "coordinates": [
          [
            [
              -290.0,
              1108.0
            ],
            [
              -291.0,
              606.0
            ],
            [
              1.0,
              604.0
            ],
            [
              1.0,
              949.0
            ],
            [
              2.0,
              1114.0
            ],
            [
              -19.0,
              1114.0
            ],
            [
              -63.0,
              1112.0
            ],
            [
              -88.0,
              1109.0
            ],
            [
              -172.0,
              1109.0
            ],
            [
              -290.0,
              1108.0
            ]
          ]
        ]
      }
    },
    {
      "type": "Feature",
      "properties": {
        "owner": {
          "UUID": "71882b98-712c-4bbf-86ea-858112fa6c6f",
          "username": "balrog329"
        },
        "visible": 1,
        "color": -32768,
        "chunks": [],
        "created": 1776195227794,
        "minimapNameVisible": 1,
        "personal": 0,
        "announceInChat": 0,
        "mode": "Vertex",
        "fullscreenVisible": 1,
        "announceInTitle": 0,
        "modified": 1780956042322,
        "id": "f5a4a6ae-1f9e-461f-8fa4-035d45726c0a",
        "name2": "7ha 97a 22ca",
        "fullscreenNameVisible": 1,
        "dimension": "minecraft:overworld",
        "name1": "40",
        "minimapVisible": 1,
        "fullscreenOwnerVisible": 0,
        "minimapOwnerVisible": 0
      },
      "geometry": {
        "type": "Polygon",
        "coordinates": [
          [
            [
              -290.0,
              1108.0
            ],
            [
              -767.0,
              835.0
            ],
            [
              -794.0,
              816.0
            ],
            [
              -794.0,
              805.0
            ],
            [
              -290.0,
              806.0
            ],
            [
              -290.0,
              1108.0
            ]
          ]
        ]
      }
    },
    {
      "type": "Feature",
      "properties": {
        "owner": {
          "UUID": "71882b98-712c-4bbf-86ea-858112fa6c6f",
          "username": "balrog329"
        },
        "visible": 1,
        "color": -32768,
        "chunks": [],
        "created": 1780266883070,
        "minimapNameVisible": 1,
        "personal": 0,
        "announceInChat": 0,
        "mode": "Vertex",
        "fullscreenVisible": 1,
        "announceInTitle": 0,
        "modified": 1780267053373,
        "id": "28e80332-351c-4d5d-ae47-8a3528fb1999",
        "name2": "4ha 52a 51ca",
        "fullscreenNameVisible": 1,
        "dimension": "minecraft:overworld",
        "name1": "2",
        "minimapVisible": 1,
        "fullscreenOwnerVisible": 0,
        "minimapOwnerVisible": 0
      },
      "geometry": {
        "type": "Polygon",
        "coordinates": [
          [
            [
              1248.0,
              -7.0
            ],
            [
              1248.0,
              -278.0
            ],
            [
              1302.0,
              -278.0
            ],
            [
              1315.0,
              -272.0
            ],
            [
              1318.0,
              -269.0
            ],
            [
              1327.0,
              -258.0
            ],
            [
              1333.0,
              -250.0
            ],
            [
              1337.0,
              -232.0
            ],
            [
              1338.0,
              -215.0
            ],
            [
              1341.0,
              -191.0
            ],
            [
              1346.0,
              -171.0
            ],
            [
              1351.0,
              -155.0
            ],
            [
              1362.0,
              -145.0
            ],
            [
              1373.0,
              -139.0
            ],
            [
              1398.0,
              -128.0
            ],
            [
              1458.0,
              -105.0
            ],
            [
              1481.0,
              -95.0
            ],
            [
              1505.0,
              -85.0
            ],
            [
              1537.0,
              -69.0
            ],
            [
              1537.0,
              -7.0
            ],
            [
              1248.0,
              -7.0
            ]
          ]
        ]
      }
    },
    {
      "type": "Feature",
      "properties": {
        "owner": {
          "UUID": "71882b98-712c-4bbf-86ea-858112fa6c6f",
          "username": "balrog329"
        },
        "visible": 1,
        "color": -16711936,
        "chunks": [],
        "created": 1775774304492,
        "minimapNameVisible": 1,
        "personal": 0,
        "announceInChat": 0,
        "mode": "Vertex",
        "fullscreenVisible": 1,
        "announceInTitle": 0,
        "modified": 1775774628304,
        "id": "0ba6215e-5803-4325-97f6-f15fca14f0ef",
        "name2": "1ha 88a 09ca",
        "fullscreenNameVisible": 1,
        "dimension": "minecraft:overworld",
        "name1": "II.4",
        "minimapVisible": 1,
        "fullscreenOwnerVisible": 0,
        "minimapOwnerVisible": 0
      },
      "geometry": {
        "type": "Polygon",
        "coordinates": [
          [
            [
              -1407.0,
              253.0
            ],
            [
              -1406.0,
              223.0
            ],
            [
              -1386.0,
              199.0
            ],
            [
              -1381.0,
              176.0
            ],
            [
              -1381.0,
              167.0
            ],
            [
              -1379.0,
              161.0
            ],
            [
              -1377.0,
              148.0
            ],
            [
              -1380.0,
              104.0
            ],
            [
              -1382.0,
              91.0
            ],
            [
              -1382.0,
              81.0
            ],
            [
              -1381.0,
              74.0
            ],
            [
              -1363.0,
              68.0
            ],
            [
              -1348.0,
              61.0
            ],
            [
              -1347.0,
              39.0
            ],
            [
              -1353.0,
              -13.0
            ],
            [
              -1352.0,
              -32.0
            ],
            [
              -1359.0,
              -50.0
            ],
            [
              -1365.0,
              -71.0
            ],
            [
              -1375.0,
              -89.0
            ],
            [
              -1377.0,
              -103.0
            ],
            [
              -1377.0,
              -144.0
            ],
            [
              -1376.0,
              -162.0
            ],
            [
              -1375.0,
              -170.0
            ],
            [
              -1363.0,
              -201.0
            ],
            [
              -1349.0,
              -223.0
            ],
            [
              -1342.0,
              -228.0
            ],
            [
              -1328.0,
              -232.0
            ],
            [
              -1320.0,
              -232.0
            ],
            [
              -1296.0,
              -230.0
            ],
            [
              -1272.0,
              -224.0
            ],
            [
              -1255.0,
              -221.0
            ],
            [
              -1254.0,
              -219.0
            ],
            [
              -1253.0,
              -218.0
            ],
            [
              -1252.0,
              -186.0
            ],
            [
              -1257.0,
              -188.0
            ],
            [
              -1266.0,
              -199.0
            ],
            [
              -1280.0,
              -207.0
            ],
            [
              -1305.0,
              -211.0
            ],
            [
              -1333.0,
              -210.0
            ],
            [
              -1351.0,
              -199.0
            ],
            [
              -1354.0,
              -187.0
            ],
            [
              -1354.0,
              -174.0
            ],
            [
              -1355.0,
              -148.0
            ],
            [
              -1357.0,
              -114.0
            ],
            [
              -1352.0,
              -77.0
            ],
            [
              -1337.0,
              -47.0
            ],
            [
              -1331.0,
              -24.0
            ],
            [
              -1329.0,
              14.0
            ],
            [
              -1325.0,
              42.0
            ],
            [
              -1327.0,
              61.0
            ],
            [
              -1337.0,
              77.0
            ],
            [
              -1349.0,
              85.0
            ],
            [
              -1359.0,
              90.0
            ],
            [
              -1361.0,
              106.0
            ],
            [
              -1362.0,
              164.0
            ],
            [
              -1351.0,
              174.0
            ],
            [
              -1340.0,
              185.0
            ],
            [
              -1331.0,
              198.0
            ],
            [
              -1315.0,
              193.0
            ],
            [
              -1296.0,
              181.0
            ],
            [
              -1253.0,
              153.0
            ],
            [
              -1242.0,
              141.0
            ],
            [
              -1209.0,
              109.0
            ],
            [
              -1187.0,
              83.0
            ],
            [
              -1164.0,
              62.0
            ],
            [
              -1145.0,
              46.0
            ],
            [
              -1149.0,
              34.0
            ],
            [
              -1122.0,
              47.0
            ],
            [
              -1133.0,
              58.0
            ],
            [
              -1141.0,
              67.0
            ],
            [
              -1175.0,
              107.0
            ],
            [
              -1206.0,
              140.0
            ],
            [
              -1219.0,
              150.0
            ],
            [
              -1244.0,
              164.0
            ],
            [
              -1279.0,
              186.0
            ],
            [
              -1325.0,
              215.0
            ],
            [
              -1344.0,
              226.0
            ],
            [
              -1358.0,
              233.0
            ],
            [
              -1407.0,
              253.0
            ]
          ]
        ]
      }
    },
    {
      "type": "Feature",
      "properties": {
        "owner": {
          "UUID": "71882b98-712c-4bbf-86ea-858112fa6c6f",
          "username": "balrog329"
        },
        "visible": 1,
        "color": -32768,
        "chunks": [],
        "created": 1778877797514,
        "minimapNameVisible": 1,
        "personal": 0,
        "announceInChat": 0,
        "mode": "Vertex",
        "fullscreenVisible": 1,
        "announceInTitle": 0,
        "modified": 1780955957457,
        "id": "3d0b324b-336a-4dd2-919f-2d5900930121",
        "name2": "12ha 55a 04ca",
        "fullscreenNameVisible": 1,
        "dimension": "minecraft:overworld",
        "name1": "30",
        "minimapVisible": 1,
        "fullscreenOwnerVisible": 0,
        "minimapOwnerVisible": 0
      },
      "geometry": {
        "type": "Polygon",
        "coordinates": [
          [
            [
              389.0,
              282.0
            ],
            [
              389.0,
              640.0
            ],
            [
              375.0,
              638.0
            ],
            [
              358.0,
              635.0
            ],
            [
              339.0,
              632.0
            ],
            [
              328.0,
              631.0
            ],
            [
              310.0,
              629.0
            ],
            [
              295.0,
              627.0
            ],
            [
              274.0,
              626.0
            ],
            [
              256.0,
              625.0
            ],
            [
              231.0,
              623.0
            ],
            [
              208.0,
              621.0
            ],
            [
              184.0,
              619.0
            ],
            [
              157.0,
              615.0
            ],
            [
              84.0,
              609.0
            ],
            [
              1.0,
              604.0
            ],
            [
              0.0,
              310.0
            ],
            [
              389.0,
              282.0
            ]
          ]
        ]
      }
    },
    {
      "type": "Feature",
      "properties": {
        "owner": {
          "UUID": "71882b98-712c-4bbf-86ea-858112fa6c6f",
          "username": "balrog329"
        },
        "visible": 1,
        "color": -32768,
        "chunks": [],
        "created": 1779644408085,
        "minimapNameVisible": 1,
        "personal": 0,
        "announceInChat": 0,
        "mode": "Vertex",
        "fullscreenVisible": 1,
        "announceInTitle": 0,
        "modified": 1780955742414,
        "id": "ede537c8-f501-4c33-ba41-f03d690617eb",
        "name2": "6ha 50a 04ca",
        "fullscreenNameVisible": 1,
        "dimension": "minecraft:overworld",
        "name1": "10",
        "minimapVisible": 1,
        "fullscreenOwnerVisible": 0,
        "minimapOwnerVisible": 0
      },
      "geometry": {
        "type": "Polygon",
        "coordinates": [
          [
            [
              1061.0,
              1233.0
            ],
            [
              1104.0,
              1209.0
            ],
            [
              1142.0,
              1184.0
            ],
            [
              1171.0,
              1157.0
            ],
            [
              1179.0,
              1146.0
            ],
            [
              1246.0,
              1184.0
            ],
            [
              1330.0,
              1226.0
            ],
            [
              1419.0,
              1303.0
            ],
            [
              1412.0,
              1316.0
            ],
            [
              1406.0,
              1325.0
            ],
            [
              1396.0,
              1334.0
            ],
            [
              1384.0,
              1353.0
            ],
            [
              1369.0,
              1358.0
            ],
            [
              1335.0,
              1356.0
            ],
            [
              1315.0,
              1357.0
            ],
            [
              1277.0,
              1354.0
            ],
            [
              1260.0,
              1351.0
            ],
            [
              1232.0,
              1339.0
            ],
            [
              1205.0,
              1323.0
            ],
            [
              1191.0,
              1320.0
            ],
            [
              1129.0,
              1320.0
            ],
            [
              1106.0,
              1339.0
            ],
            [
              1058.0,
              1339.0
            ],
            [
              1004.0,
              1364.0
            ],
            [
              960.0,
              1364.0
            ],
            [
              918.0,
              1365.0
            ],
            [
              869.0,
              1377.0
            ],
            [
              806.0,
              1390.0
            ],
            [
              770.0,
              1390.0
            ],
            [
              768.0,
              1383.0
            ],
            [
              804.0,
              1364.0
            ],
            [
              869.0,
              1335.0
            ],
            [
              893.0,
              1317.0
            ],
            [
              930.0,
              1294.0
            ],
            [
              972.0,
              1276.0
            ],
            [
              1005.0,
              1260.0
            ],
            [
              1061.0,
              1233.0
            ]
          ]
        ]
      }
    },
    {
      "type": "Feature",
      "properties": {
        "owner": {
          "UUID": "71882b98-712c-4bbf-86ea-858112fa6c6f",
          "username": "balrog329"
        },
        "visible": 1,
        "color": -65536,
        "chunks": [],
        "created": 1775765736995,
        "minimapNameVisible": 1,
        "personal": 0,
        "announceInChat": 0,
        "mode": "Vertex",
        "fullscreenVisible": 1,
        "announceInTitle": 0,
        "modified": 1775775281187,
        "id": "1a7e9e10-2688-478b-b84e-c89c15a58a8a",
        "name2": "1ha 43a 53ca",
        "fullscreenNameVisible": 1,
        "dimension": "minecraft:overworld",
        "name1": "III.5",
        "minimapVisible": 1,
        "fullscreenOwnerVisible": 0,
        "minimapOwnerVisible": 0
      },
      "geometry": {
        "type": "Polygon",
        "coordinates": [
          [
            [
              -904.0,
              115.0
            ],
            [
              -946.0,
              122.0
            ],
            [
              -977.0,
              124.0
            ],
            [
              -1027.0,
              125.0
            ],
            [
              -1031.0,
              114.0
            ],
            [
              -1034.0,
              100.0
            ],
            [
              -1044.0,
              95.0
            ],
            [
              -1056.0,
              85.0
            ],
            [
              -1055.0,
              66.0
            ],
            [
              -1055.0,
              35.0
            ],
            [
              -1047.0,
              32.0
            ],
            [
              -1021.0,
              26.0
            ],
            [
              -990.0,
              20.0
            ],
            [
              -959.0,
              18.0
            ],
            [
              -910.0,
              12.0
            ],
            [
              -904.0,
              115.0
            ]
          ]
        ]
      }
    },
    {
      "type": "Feature",
      "properties": {
        "owner": {
          "UUID": "71882b98-712c-4bbf-86ea-858112fa6c6f",
          "username": "balrog329"
        },
        "visible": 1,
        "color": -65281,
        "chunks": [],
        "created": 1775765489526,
        "minimapNameVisible": 1,
        "personal": 0,
        "announceInChat": 0,
        "mode": "Vertex",
        "fullscreenVisible": 1,
        "announceInTitle": 0,
        "modified": 1780956118999,
        "id": "f4dde4c6-233f-4f6f-bdaa-590f26778c88",
        "name2": "6ha 61a 60ca",
        "fullscreenNameVisible": 1,
        "dimension": "minecraft:overworld",
        "name1": "II.4",
        "minimapVisible": 1,
        "fullscreenOwnerVisible": 0,
        "minimapOwnerVisible": 0
      },
      "geometry": {
        "type": "Polygon",
        "coordinates": [
          [
            [
              -792.0,
              812.0
            ],
            [
              -999.0,
              812.0
            ],
            [
              -1007.0,
              806.0
            ],
            [
              -1026.0,
              791.0
            ],
            [
              -1039.0,
              777.0
            ],
            [
              -1057.0,
              762.0
            ],
            [
              -1072.0,
              755.0
            ],
            [
              -1105.0,
              753.0
            ],
            [
              -1128.0,
              750.0
            ],
            [
              -1140.0,
              746.0
            ],
            [
              -1149.0,
              742.0
            ],
            [
              -1158.0,
              736.0
            ],
            [
              -1167.0,
              726.0
            ],
            [
              -1172.0,
              717.0
            ],
            [
              -1179.0,
              701.0
            ],
            [
              -1184.0,
              683.0
            ],
            [
              -1194.0,
              653.0
            ],
            [
              -1197.0,
              642.0
            ],
            [
              -1205.0,
              629.0
            ],
            [
              -1209.0,
              619.0
            ],
            [
              -1209.0,
              605.0
            ],
            [
              -848.0,
              606.0
            ],
            [
              -792.0,
              812.0
            ]
          ]
        ]
      }
    },
    {
      "type": "Feature",
      "properties": {
        "owner": {
          "UUID": "71882b98-712c-4bbf-86ea-858112fa6c6f",
          "username": "balrog329"
        },
        "visible": 1,
        "color": -32768,
        "chunks": [],
        "created": 1780957735208,
        "minimapNameVisible": 1,
        "personal": 0,
        "announceInChat": 0,
        "mode": "Vertex",
        "fullscreenVisible": 1,
        "announceInTitle": 0,
        "modified": 1780957805522,
        "id": "6d514d2f-98a7-4fb2-97b5-d89f35c8629b",
        "name2": "",
        "fullscreenNameVisible": 1,
        "dimension": "minecraft:overworld",
        "name1": "Le Patrouielle",
        "minimapVisible": 1,
        "fullscreenOwnerVisible": 0,
        "minimapOwnerVisible": 0
      },
      "geometry": {
        "type": "Polygon",
        "coordinates": [
          [
            [
              -1258.0,
              1321.0
            ]
          ]
        ]
      }
    },
    {
      "type": "Feature",
      "properties": {
        "owner": {
          "UUID": "71882b98-712c-4bbf-86ea-858112fa6c6f",
          "username": "balrog329"
        },
        "visible": 0,
        "color": -32768,
        "chunks": [],
        "created": 1779390119580,
        "minimapNameVisible": 1,
        "personal": 0,
        "announceInChat": 0,
        "mode": "Vertex",
        "fullscreenVisible": 1,
        "announceInTitle": 0,
        "modified": 1779398971546,
        "id": "76046146-2971-4676-8b7d-eafcae4bd49b",
        "name2": "Frontier",
        "fullscreenNameVisible": 1,
        "dimension": "minecraft:overworld",
        "name1": "New",
        "minimapVisible": 1,
        "fullscreenOwnerVisible": 0,
        "minimapOwnerVisible": 0
      },
      "geometry": {
        "type": "Polygon",
        "coordinates": [
          [
            [
              987.0,
              352.0
            ],
            [
              937.0,
              450.0
            ],
            [
              934.0,
              485.0
            ],
            [
              942.0,
              510.0
            ],
            [
              949.0,
              522.0
            ],
            [
              961.0,
              538.0
            ],
            [
              969.0,
              561.0
            ],
            [
              979.0,
              586.0
            ],
            [
              984.0,
              611.0
            ],
            [
              987.0,
              630.0
            ],
            [
              997.0,
              647.0
            ],
            [
              1020.0,
              691.0
            ],
            [
              1029.0,
              709.0
            ],
            [
              1040.0,
              747.0
            ],
            [
              1022.0,
              744.0
            ],
            [
              997.0,
              739.0
            ],
            [
              984.0,
              737.0
            ],
            [
              958.0,
              735.0
            ],
            [
              949.0,
              725.0
            ],
            [
              902.0,
              683.0
            ],
            [
              887.0,
              667.0
            ],
            [
              858.0,
              645.0
            ],
            [
              842.0,
              627.0
            ],
            [
              834.0,
              619.0
            ],
            [
              823.0,
              614.0
            ],
            [
              802.0,
              594.0
            ],
            [
              783.0,
              569.0
            ],
            [
              780.0,
              562.0
            ],
            [
              771.0,
              568.0
            ],
            [
              766.0,
              566.0
            ],
            [
              762.0,
              560.0
            ],
            [
              764.0,
              549.0
            ],
            [
              757.0,
              544.0
            ],
            [
              754.0,
              540.0
            ],
            [
              745.0,
              537.0
            ],
            [
              738.0,
              526.0
            ],
            [
              733.0,
              524.0
            ],
            [
              727.0,
              523.0
            ],
            [
              724.0,
              516.0
            ],
            [
              722.0,
              507.0
            ],
            [
              710.0,
              498.0
            ],
            [
              709.0,
              492.0
            ],
            [
              704.0,
              492.0
            ],
            [
              697.0,
              485.0
            ],
            [
              696.0,
              476.0
            ],
            [
              680.0,
              460.0
            ],
            [
              676.0,
              457.0
            ],
            [
              673.0,
              449.0
            ],
            [
              657.0,
              431.0
            ],
            [
              650.0,
              429.0
            ],
            [
              645.0,
              425.0
            ],
            [
              641.0,
              418.0
            ],
            [
              636.0,
              406.0
            ],
            [
              631.0,
              406.0
            ],
            [
              628.0,
              404.0
            ],
            [
              624.0,
              399.0
            ],
            [
              622.0,
              396.0
            ],
            [
              617.0,
              393.0
            ],
            [
              615.0,
              388.0
            ],
            [
              611.0,
              386.0
            ],
            [
              605.0,
              380.0
            ],
            [
              600.0,
              374.0
            ],
            [
              595.0,
              367.0
            ],
            [
              590.0,
              357.0
            ],
            [
              586.0,
              352.0
            ],
            [
              987.0,
              352.0
            ]
          ]
        ]
      }
    },
    {
      "type": "Feature",
      "properties": {
        "owner": {
          "UUID": "71882b98-712c-4bbf-86ea-858112fa6c6f",
          "username": "balrog329"
        },
        "visible": 1,
        "color": -3473505,
        "chunks": [],
        "created": 1776197127006,
        "minimapNameVisible": 1,
        "personal": 0,
        "announceInChat": 0,
        "mode": "Vertex",
        "fullscreenVisible": 1,
        "announceInTitle": 0,
        "modified": 1776290943882,
        "id": "a834bf62-6a74-4eae-886e-d90927494037",
        "name2": "2ha 29a 79ca",
        "fullscreenNameVisible": 1,
        "dimension": "minecraft:overworld",
        "name1": "I.5-(bb-bd)",
        "minimapVisible": 1,
        "fullscreenOwnerVisible": 0,
        "minimapOwnerVisible": 0
      },
      "geometry": {
        "type": "Polygon",
        "coordinates": [
          [
            [
              -1175.0,
              595.0
            ],
            [
              -1205.0,
              577.0
            ],
            [
              -1206.0,
              518.0
            ],
            [
              -1206.0,
              463.0
            ],
            [
              -1206.0,
              416.0
            ],
            [
              -1208.0,
              403.0
            ],
            [
              -1029.0,
              403.0
            ],
            [
              -1054.0,
              465.0
            ],
            [
              -1084.0,
              507.0
            ],
            [
              -1104.0,
              537.0
            ],
            [
              -1116.0,
              550.0
            ],
            [
              -1175.0,
              595.0
            ]
          ]
        ]
      }
    },
    {
      "type": "Feature",
      "properties": {
        "owner": {
          "UUID": "71882b98-712c-4bbf-86ea-858112fa6c6f",
          "username": "balrog329"
        },
        "visible": 1,
        "color": -31437,
        "chunks": [],
        "created": 1775679075623,
        "minimapNameVisible": 1,
        "personal": 0,
        "announceInChat": 0,
        "mode": "Vertex",
        "fullscreenVisible": 1,
        "announceInTitle": 0,
        "modified": 1782340848284,
        "id": "5ee642e1-9ffb-45e0-b63e-8011fd1b383e",
        "name2": "7ha 38a 80ca",
        "fullscreenNameVisible": 1,
        "dimension": "minecraft:overworld",
        "name1": "1",
        "minimapVisible": 1,
        "fullscreenOwnerVisible": 0,
        "minimapOwnerVisible": 0
      },
      "geometry": {
        "type": "Polygon",
        "coordinates": [
          [
            [
              1536.0,
              -255.0
            ],
            [
              1537.0,
              -81.0
            ],
            [
              1515.0,
              -93.0
            ],
            [
              1396.0,
              -139.0
            ],
            [
              1374.0,
              -151.0
            ],
            [
              1366.0,
              -156.0
            ],
            [
              1360.0,
              -163.0
            ],
            [
              1356.0,
              -174.0
            ],
            [
              1349.0,
              -211.0
            ],
            [
              1349.0,
              -213.0
            ],
            [
              1348.0,
              -229.0
            ],
            [
              1345.0,
              -241.0
            ],
            [
              1337.0,
              -262.0
            ],
            [
              1325.0,
              -277.0
            ],
            [
              1310.0,
              -286.0
            ],
            [
              1311.0,
              -294.0
            ],
            [
              1327.0,
              -314.0
            ],
            [
              1334.0,
              -330.0
            ],
            [
              1342.0,
              -368.0
            ],
            [
              1349.0,
              -390.0
            ],
            [
              1355.0,
              -405.0
            ],
            [
              1358.0,
              -421.0
            ],
            [
              1364.0,
              -435.0
            ],
            [
              1366.0,
              -450.0
            ],
            [
              1296.0,
              -450.0
            ],
            [
              1294.0,
              -509.0
            ],
            [
              1351.0,
              -508.0
            ],
            [
              1408.0,
              -508.0
            ],
            [
              1437.0,
              -507.0
            ],
            [
              1467.0,
              -508.0
            ],
            [
              1479.0,
              -501.0
            ],
            [
              1484.0,
              -490.0
            ],
            [
              1488.0,
              -482.0
            ],
            [
              1495.0,
              -468.0
            ],
            [
              1500.0,
              -454.0
            ],
            [
              1505.0,
              -448.0
            ],
            [
              1514.0,
              -436.0
            ],
            [
              1524.0,
              -431.0
            ],
            [
              1537.0,
              -420.0
            ],
            [
              1536.0,
              -255.0
            ]
          ]
        ]
      }
    },
    {
      "type": "Feature",
      "properties": {
        "owner": {
          "UUID": "71882b98-712c-4bbf-86ea-858112fa6c6f",
          "username": "balrog329"
        },
        "visible": 1,
        "color": -32768,
        "chunks": [],
        "created": 1778878008793,
        "minimapNameVisible": 1,
        "personal": 0,
        "announceInChat": 0,
        "mode": "Vertex",
        "fullscreenVisible": 1,
        "announceInTitle": 0,
        "modified": 1780955878620,
        "id": "c0a3649b-708d-466f-b725-0f6014d65851",
        "name2": "8ha 04a 94ca",
        "fullscreenNameVisible": 1,
        "dimension": "minecraft:overworld",
        "name1": "22",
        "minimapVisible": 1,
        "fullscreenOwnerVisible": 0,
        "minimapOwnerVisible": 0
      },
      "geometry": {
        "type": "Polygon",
        "coordinates": [
          [
            [
              226.0,
              716.0
            ],
            [
              184.0,
              619.0
            ],
            [
              256.0,
              625.0
            ],
            [
              295.0,
              627.0
            ],
            [
              339.0,
              632.0
            ],
            [
              389.0,
              640.0
            ],
            [
              429.0,
              646.0
            ],
            [
              459.0,
              651.0
            ],
            [
              506.0,
              658.0
            ],
            [
              542.0,
              662.0
            ],
            [
              566.0,
              666.0
            ],
            [
              586.0,
              670.0
            ],
            [
              596.0,
              671.0
            ],
            [
              640.0,
              676.0
            ],
            [
              689.0,
              683.0
            ],
            [
              739.0,
              691.0
            ],
            [
              737.0,
              701.0
            ],
            [
              730.0,
              779.0
            ],
            [
              568.0,
              808.0
            ],
            [
              471.0,
              812.0
            ],
            [
              412.0,
              819.0
            ],
            [
              260.0,
              841.0
            ],
            [
              250.0,
              786.0
            ],
            [
              226.0,
              716.0
            ]
          ]
        ]
      }
    },
    {
      "type": "Feature",
      "properties": {
        "owner": {
          "UUID": "71882b98-712c-4bbf-86ea-858112fa6c6f",
          "username": "balrog329"
        },
        "visible": 1,
        "color": -3473505,
        "chunks": [],
        "created": 1776290574781,
        "minimapNameVisible": 1,
        "personal": 0,
        "announceInChat": 0,
        "mode": "Vertex",
        "fullscreenVisible": 1,
        "announceInTitle": 0,
        "modified": 1776290958705,
        "id": "3733a45e-d9a2-4b5d-abb7-2298db1924bd",
        "name2": "4ha 86a 44ca",
        "fullscreenNameVisible": 1,
        "dimension": "minecraft:overworld",
        "name1": "I.5",
        "minimapVisible": 1,
        "fullscreenOwnerVisible": 0,
        "minimapOwnerVisible": 0
      },
      "geometry": {
        "type": "Polygon",
        "coordinates": [
          [
            [
              -1407.0,
              574.0
            ],
            [
              -1407.0,
              503.0
            ],
            [
              -1390.0,
              502.0
            ],
            [
              -1363.0,
              471.0
            ],
            [
              -1364.0,
              426.0
            ],
            [
              -1360.0,
              404.0
            ],
            [
              -1359.0,
              360.0
            ],
            [
              -1315.0,
              306.0
            ],
            [
              -1283.0,
              273.0
            ],
            [
              -1249.0,
              264.0
            ],
            [
              -1222.0,
              257.0
            ],
            [
              -1224.0,
              330.0
            ],
            [
              -1222.0,
              365.0
            ],
            [
              -1213.0,
              403.0
            ],
            [
              -1210.0,
              470.0
            ],
            [
              -1209.0,
              619.0
            ],
            [
              -1223.0,
              612.0
            ],
            [
              -1237.0,
              607.0
            ],
            [
              -1294.0,
              596.0
            ],
            [
              -1336.0,
              586.0
            ],
            [
              -1385.0,
              577.0
            ],
            [
              -1407.0,
              574.0
            ]
          ]
        ]
      }
    },
    {
      "type": "Feature",
      "properties": {
        "owner": {
          "UUID": "71882b98-712c-4bbf-86ea-858112fa6c6f",
          "username": "balrog329"
        },
        "visible": 0,
        "color": -65536,
        "chunks": [],
        "created": 1782338550801,
        "minimapNameVisible": 1,
        "personal": 0,
        "announceInChat": 0,
        "mode": "Vertex",
        "fullscreenVisible": 1,
        "announceInTitle": 0,
        "modified": 1782340862395,
        "id": "2d34ce4e-3054-4a1c-88f0-17cbfe995609",
        "name2": "1ha 95a 94ca",
        "fullscreenNameVisible": 1,
        "dimension": "minecraft:overworld",
        "name1": "1.III.6",
        "minimapVisible": 1,
        "fullscreenOwnerVisible": 0,
        "minimapOwnerVisible": 0
      },
      "geometry": {
        "type": "Polygon",
        "coordinates": [
          [
            [
              1310.0,
              -286.0
            ],
            [
              1311.0,
              -294.0
            ],
            [
              1327.0,
              -314.0
            ],
            [
              1334.0,
              -330.0
            ],
            [
              1342.0,
              -368.0
            ],
            [
              1349.0,
              -390.0
            ],
            [
              1355.0,
              -405.0
            ],
            [
              1358.0,
              -421.0
            ],
            [
              1364.0,
              -435.0
            ],
            [
              1366.0,
              -450.0
            ],
            [
              1377.0,
              -508.0
            ],
            [
              1408.0,
              -508.0
            ],
            [
              1437.0,
              -507.0
            ],
            [
              1440.0,
              -507.0
            ],
            [
              1440.0,
              -289.0
            ],
            [
              1401.0,
              -289.0
            ],
            [
              1372.0,
              -291.0
            ],
            [
              1338.0,
              -289.0
            ],
            [
              1310.0,
              -286.0
            ]
          ]
        ]
      }
    },
    {
      "type": "Feature",
      "properties": {
        "owner": {
          "UUID": "71882b98-712c-4bbf-86ea-858112fa6c6f",
          "username": "balrog329"
        },
        "visible": 1,
        "color": -32768,
        "chunks": [],
        "created": 1779830359602,
        "minimapNameVisible": 1,
        "personal": 0,
        "announceInChat": 0,
        "mode": "Vertex",
        "fullscreenVisible": 1,
        "announceInTitle": 0,
        "modified": 1780955802021,
        "id": "8657bdb9-971d-4677-a837-4f6211bc4cf6",
        "name2": "8ha 36a 78ca",
        "fullscreenNameVisible": 1,
        "dimension": "minecraft:overworld",
        "name1": "15",
        "minimapVisible": 1,
        "fullscreenOwnerVisible": 0,
        "minimapOwnerVisible": 0
      },
      "geometry": {
        "type": "Polygon",
        "coordinates": [
          [
            [
              990.0,
              352.0
            ],
            [
              586.0,
              352.0
            ],
            [
              586.0,
              138.0
            ],
            [
              985.0,
              138.0
            ],
            [
              986.0,
              173.0
            ],
            [
              983.0,
              181.0
            ],
            [
              976.0,
              200.0
            ],
            [
              968.0,
              216.0
            ],
            [
              965.0,
              228.0
            ],
            [
              965.0,
              237.0
            ],
            [
              969.0,
              260.0
            ],
            [
              976.0,
              301.0
            ],
            [
              987.0,
              338.0
            ],
            [
              990.0,
              352.0
            ]
          ]
        ]
      }
    },
    {
      "type": "Feature",
      "properties": {
        "owner": {
          "UUID": "71882b98-712c-4bbf-86ea-858112fa6c6f",
          "username": "balrog329"
        },
        "visible": 1,
        "color": -8388353,
        "chunks": [],
        "created": 1775683880728,
        "minimapNameVisible": 1,
        "personal": 0,
        "announceInChat": 0,
        "mode": "Vertex",
        "fullscreenVisible": 1,
        "announceInTitle": 0,
        "modified": 1775689338536,
        "id": "173eeb92-c80d-4930-9c6b-f0eb1a6ce963",
        "name2": "4ha 77a 58ca",
        "fullscreenNameVisible": 1,
        "dimension": "minecraft:overworld",
        "name1": "III.5",
        "minimapVisible": 1,
        "fullscreenOwnerVisible": 0,
        "minimapOwnerVisible": 0
      },
      "geometry": {
        "type": "Polygon",
        "coordinates": [
          [
            [
              -55.0,
              1060.0
            ],
            [
              -94.0,
              1067.0
            ],
            [
              -135.0,
              1108.0
            ],
            [
              -274.0,
              1108.0
            ],
            [
              -283.0,
              1097.0
            ],
            [
              -228.0,
              1007.0
            ],
            [
              -205.0,
              960.0
            ],
            [
              -193.0,
              945.0
            ],
            [
              -189.0,
              931.0
            ],
            [
              -180.0,
              919.0
            ],
            [
              -167.0,
              902.0
            ],
            [
              -70.0,
              900.0
            ],
            [
              -27.0,
              894.0
            ],
            [
              -32.0,
              884.0
            ],
            [
              -38.0,
              858.0
            ],
            [
              -37.0,
              841.0
            ],
            [
              -42.0,
              827.0
            ],
            [
              -39.0,
              814.0
            ],
            [
              -31.0,
              808.0
            ],
            [
              -40.0,
              792.0
            ],
            [
              -38.0,
              766.0
            ],
            [
              -38.0,
              744.0
            ],
            [
              -34.0,
              724.0
            ],
            [
              -14.0,
              711.0
            ],
            [
              -5.0,
              712.0
            ],
            [
              -4.0,
              895.0
            ],
            [
              -4.0,
              918.0
            ],
            [
              -3.0,
              1069.0
            ],
            [
              -55.0,
              1060.0
            ]
          ]
        ]
      }
    },
    {
      "type": "Feature",
      "properties": {
        "owner": {
          "UUID": "71882b98-712c-4bbf-86ea-858112fa6c6f",
          "username": "balrog329"
        },
        "visible": 1,
        "color": -32768,
        "chunks": [],
        "created": 1775684762427,
        "minimapNameVisible": 1,
        "personal": 0,
        "announceInChat": 0,
        "mode": "Vertex",
        "fullscreenVisible": 1,
        "announceInTitle": 0,
        "modified": 1775689311669,
        "id": "296eaeb7-ddfe-4336-b384-65e06e91f57a",
        "name2": "0ha 12a 66ca",
        "fullscreenNameVisible": 1,
        "dimension": "minecraft:overworld",
        "name1": "III.6",
        "minimapVisible": 1,
        "fullscreenOwnerVisible": 0,
        "minimapOwnerVisible": 0
      },
      "geometry": {
        "type": "Polygon",
        "coordinates": [
          [
            [
              -189.0,
              931.0
            ],
            [
              -290.0,
              931.0
            ],
            [
              -290.0,
              919.0
            ],
            [
              -180.0,
              919.0
            ],
            [
              -189.0,
              931.0
            ]
          ]
        ]
      }
    },
    {
      "type": "Feature",
      "properties": {
        "owner": {
          "UUID": "71882b98-712c-4bbf-86ea-858112fa6c6f",
          "username": "balrog329"
        },
        "visible": 1,
        "color": -32768,
        "chunks": [],
        "created": 1778944308204,
        "minimapNameVisible": 1,
        "personal": 0,
        "announceInChat": 0,
        "mode": "Vertex",
        "fullscreenVisible": 1,
        "announceInTitle": 0,
        "modified": 1780955849716,
        "id": "ccad3fba-d8f7-49f1-b555-1636c6855a69",
        "name2": "7ha 30a 18ca",
        "fullscreenNameVisible": 1,
        "dimension": "minecraft:overworld",
        "name1": "19",
        "minimapVisible": 1,
        "fullscreenOwnerVisible": 0,
        "minimapOwnerVisible": 0
      },
      "geometry": {
        "type": "Polygon",
        "coordinates": [
          [
            [
              619.0,
              -307.0
            ],
            [
              626.0,
              -307.0
            ],
            [
              625.0,
              -146.0
            ],
            [
              597.0,
              -139.0
            ],
            [
              540.0,
              -126.0
            ],
            [
              501.0,
              -116.0
            ],
            [
              477.0,
              -104.0
            ],
            [
              414.0,
              -32.0
            ],
            [
              397.0,
              -17.0
            ],
            [
              391.0,
              -13.0
            ],
            [
              390.0,
              -409.0
            ],
            [
              412.0,
              -402.0
            ],
            [
              436.0,
              -405.0
            ],
            [
              456.0,
              -414.0
            ],
            [
              475.0,
              -419.0
            ],
            [
              488.0,
              -424.0
            ],
            [
              506.0,
              -425.0
            ],
            [
              526.0,
              -420.0
            ],
            [
              538.0,
              -414.0
            ],
            [
              560.0,
              -413.0
            ],
            [
              573.0,
              -417.0
            ],
            [
              590.0,
              -420.0
            ],
            [
              604.0,
              -422.0
            ],
            [
              617.0,
              -422.0
            ],
            [
              619.0,
              -307.0
            ]
          ]
        ]
      }
    },
    {
      "type": "Feature",
      "properties": {
        "owner": {
          "UUID": "71882b98-712c-4bbf-86ea-858112fa6c6f",
          "username": "balrog329"
        },
        "visible": 1,
        "color": -48569,
        "chunks": [],
        "created": 1775683072146,
        "minimapNameVisible": 1,
        "personal": 0,
        "announceInChat": 0,
        "mode": "Vertex",
        "fullscreenVisible": 1,
        "announceInTitle": 0,
        "modified": 1775689303756,
        "id": "426d18c2-6448-4f38-a273-7690821f0f03",
        "name2": "0ha 14a 20ca",
        "fullscreenNameVisible": 1,
        "dimension": "minecraft:overworld",
        "name1": "III.6",
        "minimapVisible": 1,
        "fullscreenOwnerVisible": 0,
        "minimapOwnerVisible": 0
      },
      "geometry": {
        "type": "Polygon",
        "coordinates": [
          [
            [
              -189.0,
              931.0
            ],
            [
              -193.0,
              945.0
            ],
            [
              -290.0,
              946.0
            ],
            [
              -290.0,
              931.0
            ],
            [
              -189.0,
              931.0
            ]
          ]
        ]
      }
    },
    {
      "type": "Feature",
      "properties": {
        "owner": {
          "UUID": "71882b98-712c-4bbf-86ea-858112fa6c6f",
          "username": "balrog329"
        },
        "visible": 1,
        "color": -32768,
        "chunks": [],
        "created": 1776111116306,
        "minimapNameVisible": 1,
        "personal": 0,
        "announceInChat": 0,
        "mode": "Vertex",
        "fullscreenVisible": 1,
        "announceInTitle": 0,
        "modified": 1780956027232,
        "id": "5cb30495-d86f-4a03-a2c5-c6a4dce0e6eb",
        "name2": "11ha 41a 66ca",
        "fullscreenNameVisible": 1,
        "dimension": "minecraft:overworld",
        "name1": "38",
        "minimapVisible": 1,
        "fullscreenOwnerVisible": 0,
        "minimapOwnerVisible": 0
      },
      "geometry": {
        "type": "Polygon",
        "coordinates": [
          [
            [
              -848.0,
              606.0
            ],
            [
              -858.0,
              403.0
            ],
            [
              -293.0,
              402.0
            ],
            [
              -291.0,
              606.0
            ],
            [
              -614.0,
              606.0
            ],
            [
              -848.0,
              606.0
            ]
          ]
        ]
      }
    },
    {
      "type": "Feature",
      "properties": {
        "owner": {
          "UUID": "71882b98-712c-4bbf-86ea-858112fa6c6f",
          "username": "balrog329"
        },
        "visible": 1,
        "color": -32768,
        "chunks": [],
        "created": 1776889072825,
        "minimapNameVisible": 1,
        "personal": 0,
        "announceInChat": 0,
        "mode": "Vertex",
        "fullscreenVisible": 1,
        "announceInTitle": 0,
        "modified": 1780955962589,
        "id": "442c5826-c582-4b09-9c80-463b1feb6f71",
        "name2": "8ha 60a 42ca",
        "fullscreenNameVisible": 1,
        "dimension": "minecraft:overworld",
        "name1": "31",
        "minimapVisible": 1,
        "fullscreenOwnerVisible": 0,
        "minimapOwnerVisible": 0
      },
      "geometry": {
        "type": "Polygon",
        "coordinates": [
          [
            [
              -293.0,
              402.0
            ],
            [
              -292.0,
              311.0
            ],
            [
              0.0,
              311.0
            ],
            [
              1.0,
              604.0
            ],
            [
              -291.0,
              606.0
            ],
            [
              -293.0,
              402.0
            ]
          ]
        ]
      }
    },
    {
      "type": "Feature",
      "properties": {
        "owner": {
          "UUID": "71882b98-712c-4bbf-86ea-858112fa6c6f",
          "username": "balrog329"
        },
        "visible": 1,
        "color": -32768,
        "chunks": [],
        "created": 1775686559582,
        "minimapNameVisible": 1,
        "personal": 0,
        "announceInChat": 0,
        "mode": "Vertex",
        "fullscreenVisible": 1,
        "announceInTitle": 0,
        "modified": 1780956228114,
        "id": "001bcde1-3fad-4dd0-b4b7-aa70375dcbbc",
        "name2": "7ha 23a 22ca",
        "fullscreenNameVisible": 1,
        "dimension": "minecraft:overworld",
        "name1": "49",
        "minimapVisible": 1,
        "fullscreenOwnerVisible": 0,
        "minimapOwnerVisible": 0
      },
      "geometry": {
        "type": "Polygon",
        "coordinates": [
          [
            [
              -1210.0,
              470.0
            ],
            [
              -1213.0,
              403.0
            ],
            [
              -858.0,
              403.0
            ],
            [
              -848.0,
              606.0
            ],
            [
              -1209.0,
              605.0
            ],
            [
              -1210.0,
              470.0
            ]
          ]
        ]
      }
    },
    {
      "type": "Feature",
      "properties": {
        "owner": {
          "UUID": "71882b98-712c-4bbf-86ea-858112fa6c6f",
          "username": "balrog329"
        },
        "visible": 1,
        "color": -32768,
        "chunks": [],
        "created": 1778709923973,
        "minimapNameVisible": 1,
        "personal": 0,
        "announceInChat": 0,
        "mode": "Vertex",
        "fullscreenVisible": 1,
        "announceInTitle": 0,
        "modified": 1780955933703,
        "id": "0c767db1-be06-4594-9fd8-684777b4a5dc",
        "name2": "12ha 32a 27ca",
        "fullscreenNameVisible": 1,
        "dimension": "minecraft:overworld",
        "name1": "28",
        "minimapVisible": 1,
        "fullscreenOwnerVisible": 0,
        "minimapOwnerVisible": 0
      },
      "geometry": {
        "type": "Polygon",
        "coordinates": [
          [
            [
              260.0,
              1119.0
            ],
            [
              2.0,
              1114.0
            ],
            [
              1.0,
              949.0
            ],
            [
              1.0,
              604.0
            ],
            [
              37.0,
              606.0
            ],
            [
              84.0,
              609.0
            ],
            [
              157.0,
              615.0
            ],
            [
              184.0,
              619.0
            ],
            [
              226.0,
              716.0
            ],
            [
              250.0,
              786.0
            ],
            [
              260.0,
              841.0
            ],
            [
              260.0,
              1119.0
            ]
          ]
        ]
      }
    },
    {
      "type": "Feature",
      "properties": {
        "owner": {
          "UUID": "71882b98-712c-4bbf-86ea-858112fa6c6f",
          "username": "balrog329"
        },
        "visible": 1,
        "color": -32768,
        "chunks": [],
        "created": 1775684674424,
        "minimapNameVisible": 1,
        "personal": 0,
        "announceInChat": 0,
        "mode": "Vertex",
        "fullscreenVisible": 1,
        "announceInTitle": 0,
        "modified": 1775689296622,
        "id": "33a5e4c7-9b98-4b51-b07a-43f8e4938f9e",
        "name2": "0ha 13a 09ca",
        "fullscreenNameVisible": 1,
        "dimension": "minecraft:overworld",
        "name1": "III.5",
        "minimapVisible": 1,
        "fullscreenOwnerVisible": 0,
        "minimapOwnerVisible": 0
      },
      "geometry": {
        "type": "Polygon",
        "coordinates": [
          [
            [
              -205.0,
              960.0
            ],
            [
              -289.0,
              960.0
            ],
            [
              -290.0,
              946.0
            ],
            [
              -193.0,
              945.0
            ],
            [
              -205.0,
              960.0
            ]
          ]
        ]
      }
    },
    {
      "type": "Feature",
      "properties": {
        "owner": {
          "UUID": "71882b98-712c-4bbf-86ea-858112fa6c6f",
          "username": "balrog329"
        },
        "visible": 1,
        "color": -32768,
        "chunks": [],
        "created": 1775684908834,
        "minimapNameVisible": 1,
        "personal": 0,
        "announceInChat": 0,
        "mode": "Vertex",
        "fullscreenVisible": 1,
        "announceInTitle": 0,
        "modified": 1775689348279,
        "id": "150f5ec0-6d10-4dd1-bdf3-bf478887d699",
        "name2": "0ha 46a 73ca",
        "fullscreenNameVisible": 1,
        "dimension": "minecraft:overworld",
        "name1": "III.6",
        "minimapVisible": 1,
        "fullscreenOwnerVisible": 0,
        "minimapOwnerVisible": 0
      },
      "geometry": {
        "type": "Polygon",
        "coordinates": [
          [
            [
              -70.0,
              1107.0
            ],
            [
              -135.0,
              1108.0
            ],
            [
              -94.0,
              1067.0
            ],
            [
              -55.0,
              1060.0
            ],
            [
              -8.0,
              1068.0
            ],
            [
              -8.0,
              1111.0
            ],
            [
              -39.0,
              1109.0
            ],
            [
              -70.0,
              1107.0
            ]
          ]
        ]
      }
    },
    {
      "type": "Feature",
      "properties": {
        "owner": {
          "UUID": "71882b98-712c-4bbf-86ea-858112fa6c6f",
          "username": "balrog329"
        },
        "visible": 1,
        "color": -16711936,
        "chunks": [],
        "created": 1775687100023,
        "minimapNameVisible": 1,
        "personal": 0,
        "announceInChat": 0,
        "mode": "Vertex",
        "fullscreenVisible": 1,
        "announceInTitle": 0,
        "modified": 1775687870587,
        "id": "996fbf25-3c3c-4eca-a90e-aa68b3b09acf",
        "name2": "3ha 15a 86ca",
        "fullscreenNameVisible": 1,
        "dimension": "minecraft:overworld",
        "name1": "II.5",
        "minimapVisible": 1,
        "fullscreenOwnerVisible": 0,
        "minimapOwnerVisible": 0
      },
      "geometry": {
        "type": "Polygon",
        "coordinates": [
          [
            [
              -882.0,
              267.0
            ],
            [
              -858.0,
              403.0
            ],
            [
              -1029.0,
              403.0
            ],
            [
              -1030.0,
              383.0
            ],
            [
              -1029.0,
              368.0
            ],
            [
              -1035.0,
              354.0
            ],
            [
              -1029.0,
              336.0
            ],
            [
              -1044.0,
              325.0
            ],
            [
              -1039.0,
              291.0
            ],
            [
              -1036.0,
              263.0
            ],
            [
              -1020.0,
              250.0
            ],
            [
              -985.0,
              217.0
            ],
            [
              -954.0,
              189.0
            ],
            [
              -930.0,
              176.0
            ],
            [
              -902.0,
              150.0
            ],
            [
              -901.0,
              165.0
            ],
            [
              -899.0,
              198.0
            ],
            [
              -882.0,
              267.0
            ]
          ]
        ]
      }
    },
    {
      "type": "Feature",
      "properties": {
        "owner": {
          "UUID": "71882b98-712c-4bbf-86ea-858112fa6c6f",
          "username": "balrog329"
        },
        "visible": 1,
        "color": -16711936,
        "chunks": [],
        "created": 1776290580726,
        "minimapNameVisible": 1,
        "personal": 0,
        "announceInChat": 0,
        "mode": "Vertex",
        "fullscreenVisible": 1,
        "announceInTitle": 0,
        "modified": 1776290912203,
        "id": "b7d30d46-7659-4289-b510-f34ea670944c",
        "name2": "2ha 29a 90ca",
        "fullscreenNameVisible": 1,
        "dimension": "minecraft:overworld",
        "name1": "II.4",
        "minimapVisible": 1,
        "fullscreenOwnerVisible": 0,
        "minimapOwnerVisible": 0
      },
      "geometry": {
        "type": "Polygon",
        "coordinates": [
          [
            [
              -1359.0,
              360.0
            ],
            [
              -1360.0,
              404.0
            ],
            [
              -1364.0,
              426.0
            ],
            [
              -1363.0,
              471.0
            ],
            [
              -1390.0,
              502.0
            ],
            [
              -1407.0,
              503.0
            ],
            [
              -1407.0,
              383.0
            ],
            [
              -1407.0,
              259.0
            ],
            [
              -1391.0,
              259.0
            ],
            [
              -1375.0,
              254.0
            ],
            [
              -1346.0,
              241.0
            ],
            [
              -1323.0,
              229.0
            ],
            [
              -1285.0,
              206.0
            ],
            [
              -1253.0,
              184.0
            ],
            [
              -1208.0,
              156.0
            ],
            [
              -1213.0,
              175.0
            ],
            [
              -1219.0,
              204.0
            ],
            [
              -1221.0,
              219.0
            ],
            [
              -1222.0,
              257.0
            ],
            [
              -1249.0,
              264.0
            ],
            [
              -1283.0,
              273.0
            ],
            [
              -1315.0,
              306.0
            ],
            [
              -1359.0,
              360.0
            ]
          ]
        ]
      }
    },
    {
      "type": "Feature",
      "properties": {
        "owner": {
          "UUID": "71882b98-712c-4bbf-86ea-858112fa6c6f",
          "username": "balrog329"
        },
        "visible": 1,
        "color": -32768,
        "chunks": [],
        "created": 1776292042863,
        "minimapNameVisible": 1,
        "personal": 0,
        "announceInChat": 0,
        "mode": "Vertex",
        "fullscreenVisible": 1,
        "announceInTitle": 0,
        "modified": 1780956346330,
        "id": "8fe1f306-56eb-4874-b8bd-cce24eb54335",
        "name2": "10ha 73a 27ca",
        "fullscreenNameVisible": 1,
        "dimension": "minecraft:overworld",
        "name1": "52",
        "minimapVisible": 1,
        "fullscreenOwnerVisible": 0,
        "minimapOwnerVisible": 0
      },
      "geometry": {
        "type": "Polygon",
        "coordinates": [
          [
            [
              -697.0,
              -289.0
            ],
            [
              -697.0,
              -34.0
            ],
            [
              -739.0,
              -34.0
            ],
            [
              -775.0,
              -32.0
            ],
            [
              -831.0,
              -24.0
            ],
            [
              -864.0,
              -14.0
            ],
            [
              -916.0,
              4.0
            ],
            [
              -959.0,
              9.0
            ],
            [
              -1011.0,
              14.0
            ],
            [
              -1016.0,
              15.0
            ],
            [
              -1034.0,
              19.0
            ],
            [
              -1062.0,
              27.0
            ],
            [
              -1088.0,
              37.0
            ],
            [
              -1110.0,
              41.0
            ],
            [
              -1119.0,
              37.0
            ],
            [
              -1146.0,
              24.0
            ],
            [
              -1175.0,
              11.0
            ],
            [
              -1210.0,
              -3.0
            ],
            [
              -1224.0,
              -13.0
            ],
            [
              -1228.0,
              -20.0
            ],
            [
              -1232.0,
              -30.0
            ],
            [
              -1241.0,
              -67.0
            ],
            [
              -1244.0,
              -209.0
            ],
            [
              -1215.0,
              -197.0
            ],
            [
              -1176.0,
              -175.0
            ],
            [
              -1116.0,
              -150.0
            ],
            [
              -1039.0,
              -118.0
            ],
            [
              -986.0,
              -121.0
            ],
            [
              -976.0,
              -127.0
            ],
            [
              -959.0,
              -127.0
            ],
            [
              -958.0,
              -183.0
            ],
            [
              -916.0,
              -188.0
            ],
            [
              -867.0,
              -226.0
            ],
            [
              -833.0,
              -269.0
            ],
            [
              -759.0,
              -290.0
            ],
            [
              -697.0,
              -289.0
            ]
          ]
        ]
      }
    },
    {
      "type": "Feature",
      "properties": {
        "owner": {
          "UUID": "71882b98-712c-4bbf-86ea-858112fa6c6f",
          "username": "balrog329"
        },
        "visible": 1,
        "color": -13767697,
        "chunks": [],
        "created": 1775667462640,
        "minimapNameVisible": 1,
        "personal": 0,
        "announceInChat": 0,
        "mode": "Vertex",
        "fullscreenVisible": 1,
        "announceInTitle": 0,
        "modified": 1775667475930,
        "id": "a6b03c24-98ca-42b6-86cb-66451f107add",
        "name2": "Frontier",
        "fullscreenNameVisible": 1,
        "dimension": "minecraft:overworld",
        "name1": "New",
        "minimapVisible": 1,
        "fullscreenOwnerVisible": 0,
        "minimapOwnerVisible": 0
      },
      "geometry": {
        "type": "Polygon",
        "coordinates": [
          [
            [
              -374.0,
              679.0
            ]
          ]
        ]
      }
    },
    {
      "type": "Feature",
      "properties": {
        "owner": {
          "UUID": "71882b98-712c-4bbf-86ea-858112fa6c6f",
          "username": "balrog329"
        },
        "visible": 1,
        "color": -65536,
        "chunks": [],
        "created": 1775775067215,
        "minimapNameVisible": 1,
        "personal": 0,
        "announceInChat": 0,
        "mode": "Vertex",
        "fullscreenVisible": 1,
        "announceInTitle": 0,
        "modified": 1775775268242,
        "id": "a0a9de1c-6423-40d0-b93e-5e72b3f16d57",
        "name2": "4ha 62a 94ca",
        "fullscreenNameVisible": 1,
        "dimension": "minecraft:overworld",
        "name1": "III.2",
        "minimapVisible": 1,
        "fullscreenOwnerVisible": 0,
        "minimapOwnerVisible": 0
      },
      "geometry": {
        "type": "Polygon",
        "coordinates": [
          [
            [
              -1187.0,
              83.0
            ],
            [
              -1209.0,
              109.0
            ],
            [
              -1253.0,
              153.0
            ],
            [
              -1315.0,
              193.0
            ],
            [
              -1331.0,
              198.0
            ],
            [
              -1340.0,
              185.0
            ],
            [
              -1351.0,
              174.0
            ],
            [
              -1362.0,
              164.0
            ],
            [
              -1361.0,
              106.0
            ],
            [
              -1359.0,
              90.0
            ],
            [
              -1349.0,
              85.0
            ],
            [
              -1337.0,
              77.0
            ],
            [
              -1327.0,
              61.0
            ],
            [
              -1325.0,
              42.0
            ],
            [
              -1329.0,
              14.0
            ],
            [
              -1331.0,
              -24.0
            ],
            [
              -1337.0,
              -47.0
            ],
            [
              -1352.0,
              -77.0
            ],
            [
              -1357.0,
              -114.0
            ],
            [
              -1354.0,
              -187.0
            ],
            [
              -1351.0,
              -199.0
            ],
            [
              -1333.0,
              -210.0
            ],
            [
              -1317.0,
              -211.0
            ],
            [
              -1305.0,
              -211.0
            ],
            [
              -1280.0,
              -207.0
            ],
            [
              -1266.0,
              -199.0
            ],
            [
              -1257.0,
              -188.0
            ],
            [
              -1252.0,
              -186.0
            ],
            [
              -1251.0,
              -99.0
            ],
            [
              -1249.0,
              -60.0
            ],
            [
              -1240.0,
              -28.0
            ],
            [
              -1233.0,
              -11.0
            ],
            [
              -1224.0,
              -0.0
            ],
            [
              -1193.0,
              14.0
            ],
            [
              -1149.0,
              34.0
            ],
            [
              -1145.0,
              46.0
            ],
            [
              -1163.0,
              61.0
            ],
            [
              -1187.0,
              83.0
            ]
          ]
        ]
      }
    },
    {
      "type": "Feature",
      "properties": {
        "owner": {
          "UUID": "71882b98-712c-4bbf-86ea-858112fa6c6f",
          "username": "balrog329"
        },
        "visible": 1,
        "color": -32768,
        "chunks": [],
        "created": 1778094586726,
        "minimapNameVisible": 1,
        "personal": 0,
        "announceInChat": 0,
        "mode": "Vertex",
        "fullscreenVisible": 1,
        "announceInTitle": 0,
        "modified": 1780955988931,
        "id": "10150082-63d5-46c2-a75f-d741bd94fe24",
        "name2": "12ha 32a 29ca",
        "fullscreenNameVisible": 1,
        "dimension": "minecraft:overworld",
        "name1": "34",
        "minimapVisible": 1,
        "fullscreenOwnerVisible": 0,
        "minimapOwnerVisible": 0
      },
      "geometry": {
        "type": "Polygon",
        "coordinates": [
          [
            [
              3.0,
              -5.0
            ],
            [
              2.0,
              -208.0
            ],
            [
              2.0,
              -232.0
            ],
            [
              3.0,
              -244.0
            ],
            [
              10.0,
              -246.0
            ],
            [
              79.0,
              -258.0
            ],
            [
              100.0,
              -263.0
            ],
            [
              118.0,
              -271.0
            ],
            [
              148.0,
              -304.0
            ],
            [
              165.0,
              -350.0
            ],
            [
              180.0,
              -370.0
            ],
            [
              206.0,
              -371.0
            ],
            [
              237.0,
              -371.0
            ],
            [
              258.0,
              -360.0
            ],
            [
              284.0,
              -352.0
            ],
            [
              337.0,
              -351.0
            ],
            [
              377.0,
              -353.0
            ],
            [
              377.0,
              -398.0
            ],
            [
              339.0,
              -400.0
            ],
            [
              364.0,
              -409.0
            ],
            [
              373.0,
              -410.0
            ],
            [
              383.0,
              -411.0
            ],
            [
              390.0,
              -409.0
            ],
            [
              391.0,
              -13.0
            ],
            [
              388.0,
              -11.0
            ],
            [
              374.0,
              -7.0
            ],
            [
              114.0,
              -6.0
            ],
            [
              3.0,
              -5.0
            ]
          ]
        ]
      }
    },
    {
      "type": "Feature",
      "properties": {
        "owner": {
          "UUID": "71882b98-712c-4bbf-86ea-858112fa6c6f",
          "username": "balrog329"
        },
        "visible": 1,
        "color": -32768,
        "chunks": [],
        "created": 1780826550507,
        "minimapNameVisible": 1,
        "personal": 0,
        "announceInChat": 0,
        "mode": "Vertex",
        "fullscreenVisible": 1,
        "announceInTitle": 0,
        "modified": 1780956201385,
        "id": "ad9307d4-1282-4c63-b9f3-1ae57a389a3b",
        "name2": "8ha 42a 57ca",
        "fullscreenNameVisible": 1,
        "dimension": "minecraft:overworld",
        "name1": "48",
        "minimapVisible": 1,
        "fullscreenOwnerVisible": 0,
        "minimapOwnerVisible": 0
      },
      "geometry": {
        "type": "Polygon",
        "coordinates": [
          [
            [
              -1077.0,
              863.0
            ],
            [
              -1288.0,
              888.0
            ],
            [
              -1325.0,
              886.0
            ],
            [
              -1342.0,
              888.0
            ],
            [
              -1362.0,
              885.0
            ],
            [
              -1407.0,
              885.0
            ],
            [
              -1407.0,
              861.0
            ],
            [
              -1395.0,
              856.0
            ],
            [
              -1390.0,
              847.0
            ],
            [
              -1393.0,
              803.0
            ],
            [
              -1406.0,
              771.0
            ],
            [
              -1407.0,
              574.0
            ],
            [
              -1336.0,
              586.0
            ],
            [
              -1294.0,
              596.0
            ],
            [
              -1237.0,
              607.0
            ],
            [
              -1223.0,
              612.0
            ],
            [
              -1209.0,
              619.0
            ],
            [
              -1205.0,
              629.0
            ],
            [
              -1197.0,
              642.0
            ],
            [
              -1194.0,
              653.0
            ],
            [
              -1184.0,
              683.0
            ],
            [
              -1179.0,
              701.0
            ],
            [
              -1172.0,
              717.0
            ],
            [
              -1167.0,
              726.0
            ],
            [
              -1158.0,
              736.0
            ],
            [
              -1149.0,
              742.0
            ],
            [
              -1140.0,
              746.0
            ],
            [
              -1128.0,
              750.0
            ],
            [
              -1105.0,
              753.0
            ],
            [
              -1072.0,
              755.0
            ],
            [
              -1057.0,
              762.0
            ],
            [
              -1039.0,
              777.0
            ],
            [
              -1026.0,
              791.0
            ],
            [
              -999.0,
              812.0
            ],
            [
              -978.0,
              827.0
            ],
            [
              -956.0,
              841.0
            ],
            [
              -947.0,
              851.0
            ],
            [
              -941.0,
              863.0
            ],
            [
              -1077.0,
              863.0
            ]
          ]
        ]
      }
    },
    {
      "type": "Feature",
      "properties": {
        "owner": {
          "UUID": "71882b98-712c-4bbf-86ea-858112fa6c6f",
          "username": "balrog329"
        },
        "visible": 1,
        "color": -32768,
        "chunks": [],
        "created": 1780256388863,
        "minimapNameVisible": 1,
        "personal": 0,
        "announceInChat": 0,
        "mode": "Vertex",
        "fullscreenVisible": 1,
        "announceInTitle": 0,
        "modified": 1780955840794,
        "id": "b105058f-5b57-46b5-a479-6ac730532031",
        "name2": "7ha 14a 73ca",
        "fullscreenNameVisible": 1,
        "dimension": "minecraft:overworld",
        "name1": "18",
        "minimapVisible": 1,
        "fullscreenOwnerVisible": 0,
        "minimapOwnerVisible": 0
      },
      "geometry": {
        "type": "Polygon",
        "coordinates": [
          [
            [
              849.0,
              -527.0
            ],
            [
              849.0,
              -160.0
            ],
            [
              815.0,
              -158.0
            ],
            [
              755.0,
              -159.0
            ],
            [
              661.0,
              -155.0
            ],
            [
              625.0,
              -146.0
            ],
            [
              626.0,
              -307.0
            ],
            [
              627.0,
              -431.0
            ],
            [
              678.0,
              -431.0
            ],
            [
              717.0,
              -433.0
            ],
            [
              718.0,
              -497.0
            ],
            [
              772.0,
              -502.0
            ],
            [
              803.0,
              -503.0
            ],
            [
              807.0,
              -524.0
            ],
            [
              849.0,
              -527.0
            ]
          ]
        ]
      }
    },
    {
      "type": "Feature",
      "properties": {
        "owner": {
          "UUID": "71882b98-712c-4bbf-86ea-858112fa6c6f",
          "username": "balrog329"
        },
        "visible": 1,
        "color": -48569,
        "chunks": [],
        "created": 1775683313516,
        "minimapNameVisible": 1,
        "personal": 0,
        "announceInChat": 0,
        "mode": "Vertex",
        "fullscreenVisible": 1,
        "announceInTitle": 0,
        "modified": 1775689319632,
        "id": "a34d0b93-86ba-482d-8c3f-1698a7e6403d",
        "name2": "0ha 58a 06ca",
        "fullscreenNameVisible": 1,
        "dimension": "minecraft:overworld",
        "name1": "III.6",
        "minimapVisible": 1,
        "fullscreenOwnerVisible": 0,
        "minimapOwnerVisible": 0
      },
      "geometry": {
        "type": "Polygon",
        "coordinates": [
          [
            [
              -290.0,
              1097.0
            ],
            [
              -290.0,
              1040.0
            ],
            [
              -272.0,
              1040.0
            ],
            [
              -258.0,
              1012.0
            ],
            [
              -289.0,
              1012.0
            ],
            [
              -289.0,
              960.0
            ],
            [
              -205.0,
              960.0
            ],
            [
              -228.0,
              1007.0
            ],
            [
              -244.0,
              1033.0
            ],
            [
              -283.0,
              1097.0
            ],
            [
              -286.0,
              1098.0
            ],
            [
              -290.0,
              1097.0
            ]
          ]
        ]
      }
    },
    {
      "type": "Feature",
      "properties": {
        "owner": {
          "UUID": "71882b98-712c-4bbf-86ea-858112fa6c6f",
          "username": "balrog329"
        },
        "visible": 1,
        "color": -16711936,
        "chunks": [],
        "created": 1775682388030,
        "minimapNameVisible": 1,
        "personal": 0,
        "announceInChat": 0,
        "mode": "Vertex",
        "fullscreenVisible": 1,
        "announceInTitle": 0,
        "modified": 1776196805193,
        "id": "802a555a-8fa5-43b9-9aff-f22ead5d1257",
        "name2": "6ha 43a 14ca",
        "fullscreenNameVisible": 1,
        "dimension": "minecraft:overworld",
        "name1": "II.6",
        "minimapVisible": 1,
        "fullscreenOwnerVisible": 0,
        "minimapOwnerVisible": 0
      },
      "geometry": {
        "type": "Polygon",
        "coordinates": [
          [
            [
              -290.0,
              806.0
            ],
            [
              -614.0,
              805.0
            ],
            [
              -610.0,
              722.0
            ],
            [
              -617.0,
              606.0
            ],
            [
              -291.0,
              606.0
            ],
            [
              -290.0,
              806.0
            ]
          ]
        ]
      }
    },
    {
      "type": "Feature",
      "properties": {
        "owner": {
          "UUID": "71882b98-712c-4bbf-86ea-858112fa6c6f",
          "username": "balrog329"
        },
        "visible": 1,
        "color": -32768,
        "chunks": [],
        "created": 1779999035904,
        "minimapNameVisible": 1,
        "personal": 0,
        "announceInChat": 0,
        "mode": "Vertex",
        "fullscreenVisible": 1,
        "announceInTitle": 0,
        "modified": 1780955808603,
        "id": "0bf595c5-3282-48fa-a164-4bd3a42187e9",
        "name2": "10ha 71a 91ca",
        "fullscreenNameVisible": 1,
        "dimension": "minecraft:overworld",
        "name1": "16",
        "minimapVisible": 1,
        "fullscreenOwnerVisible": 0,
        "minimapOwnerVisible": 0
      },
      "geometry": {
        "type": "Polygon",
        "coordinates": [
          [
            [
              942.0,
              -15.0
            ],
            [
              942.0,
              -7.0
            ],
            [
              945.0,
              10.0
            ],
            [
              954.0,
              33.0
            ],
            [
              966.0,
              62.0
            ],
            [
              973.0,
              86.0
            ],
            [
              980.0,
              111.0
            ],
            [
              985.0,
              138.0
            ],
            [
              586.0,
              138.0
            ],
            [
              586.0,
              -127.0
            ],
            [
              611.0,
              -131.0
            ],
            [
              671.0,
              -147.0
            ],
            [
              825.0,
              -147.0
            ],
            [
              897.0,
              -155.0
            ],
            [
              929.0,
              -160.0
            ],
            [
              962.0,
              -164.0
            ],
            [
              975.0,
              -165.0
            ],
            [
              972.0,
              -151.0
            ],
            [
              968.0,
              -132.0
            ],
            [
              964.0,
              -107.0
            ],
            [
              958.0,
              -80.0
            ],
            [
              952.0,
              -57.0
            ],
            [
              945.0,
              -32.0
            ],
            [
              942.0,
              -15.0
            ]
          ]
        ]
      }
    },
    {
      "type": "Feature",
      "properties": {
        "owner": {
          "UUID": "71882b98-712c-4bbf-86ea-858112fa6c6f",
          "username": "balrog329"
        },
        "visible": 1,
        "color": -16711936,
        "chunks": [],
        "created": 1775686883018,
        "minimapNameVisible": 1,
        "personal": 0,
        "announceInChat": 0,
        "mode": "Vertex",
        "fullscreenVisible": 1,
        "announceInTitle": 0,
        "modified": 1775687085862,
        "id": "0580d732-9f04-4034-9f52-572468ae01e7",
        "name2": "1ha 96a 61ca",
        "fullscreenNameVisible": 1,
        "dimension": "minecraft:overworld",
        "name1": "II.5",
        "minimapVisible": 1,
        "fullscreenOwnerVisible": 0,
        "minimapOwnerVisible": 0
      },
      "geometry": {
        "type": "Polygon",
        "coordinates": [
          [
            [
              -1221.0,
              241.0
            ],
            [
              -1221.0,
              219.0
            ],
            [
              -1219.0,
              204.0
            ],
            [
              -1213.0,
              175.0
            ],
            [
              -1208.0,
              156.0
            ],
            [
              -1181.0,
              133.0
            ],
            [
              -1162.0,
              112.0
            ],
            [
              -1143.0,
              91.0
            ],
            [
              -1123.0,
              68.0
            ],
            [
              -1111.0,
              55.0
            ],
            [
              -1094.0,
              48.0
            ],
            [
              -1087.0,
              47.0
            ],
            [
              -1071.0,
              41.0
            ],
            [
              -1055.0,
              35.0
            ],
            [
              -1055.0,
              66.0
            ],
            [
              -1056.0,
              85.0
            ],
            [
              -1044.0,
              95.0
            ],
            [
              -1034.0,
              100.0
            ],
            [
              -1031.0,
              114.0
            ],
            [
              -1027.0,
              125.0
            ],
            [
              -1093.0,
              146.0
            ],
            [
              -1108.0,
              162.0
            ],
            [
              -1120.0,
              180.0
            ],
            [
              -1130.0,
              194.0
            ],
            [
              -1132.0,
              207.0
            ],
            [
              -1133.0,
              218.0
            ],
            [
              -1138.0,
              236.0
            ],
            [
              -1134.0,
              260.0
            ],
            [
              -1182.0,
              252.0
            ],
            [
              -1221.0,
              241.0
            ]
          ]
        ]
      }
    },
    {
      "type": "Feature",
      "properties": {
        "owner": {
          "UUID": "71882b98-712c-4bbf-86ea-858112fa6c6f",
          "username": "balrog329"
        },
        "visible": 1,
        "color": -32768,
        "chunks": [],
        "created": 1776195614986,
        "minimapNameVisible": 1,
        "personal": 0,
        "announceInChat": 0,
        "mode": "Vertex",
        "fullscreenVisible": 1,
        "announceInTitle": 0,
        "modified": 1781025085442,
        "id": "6ccadf7a-9584-420f-abff-fa338434b981",
        "name2": "8ha 22a 66ca",
        "fullscreenNameVisible": 1,
        "dimension": "minecraft:overworld",
        "name1": "43",
        "minimapVisible": 1,
        "fullscreenOwnerVisible": 0,
        "minimapOwnerVisible": 0
      },
      "geometry": {
        "type": "Polygon",
        "coordinates": [
          [
            [
              -794.0,
              1206.0
            ],
            [
              -794.0,
              1342.0
            ],
            [
              -794.0,
              1352.0
            ],
            [
              -802.0,
              1353.0
            ],
            [
              -817.0,
              1357.0
            ],
            [
              -833.0,
              1364.0
            ],
            [
              -844.0,
              1370.0
            ],
            [
              -852.0,
              1377.0
            ],
            [
              -872.0,
              1388.0
            ],
            [
              -886.0,
              1394.0
            ],
            [
              -906.0,
              1400.0
            ],
            [
              -919.0,
              1403.0
            ],
            [
              -931.0,
              1404.0
            ],
            [
              -950.0,
              1404.0
            ],
            [
              -963.0,
              1402.0
            ],
            [
              -969.0,
              1407.0
            ],
            [
              -1075.0,
              1406.0
            ],
            [
              -1069.0,
              1389.0
            ],
            [
              -1055.0,
              1362.0
            ],
            [
              -1041.0,
              1317.0
            ],
            [
              -1036.0,
              1309.0
            ],
            [
              -1039.0,
              1302.0
            ],
            [
              -1036.0,
              1292.0
            ],
            [
              -1027.0,
              1268.0
            ],
            [
              -1016.0,
              1242.0
            ],
            [
              -1011.0,
              1224.0
            ],
            [
              -1009.0,
              1198.0
            ],
            [
              -1008.0,
              1159.0
            ],
            [
              -1011.0,
              1136.0
            ],
            [
              -1012.0,
              1122.0
            ],
            [
              -1014.0,
              1120.0
            ],
            [
              -1008.0,
              1098.0
            ],
            [
              -1004.0,
              1091.0
            ],
            [
              -996.0,
              1078.0
            ],
            [
              -994.0,
              1064.0
            ],
            [
              -996.0,
              1031.0
            ],
            [
              -794.0,
              1031.0
            ],
            [
              -794.0,
              1206.0
            ]
          ]
        ]
      }
    },
    {
      "type": "Feature",
      "properties": {
        "owner": {
          "UUID": "71882b98-712c-4bbf-86ea-858112fa6c6f",
          "username": "balrog329"
        },
        "visible": 1,
        "color": -32768,
        "chunks": [],
        "created": 1776294617488,
        "minimapNameVisible": 1,
        "personal": 0,
        "announceInChat": 0,
        "mode": "Vertex",
        "fullscreenVisible": 1,
        "announceInTitle": 0,
        "modified": 1780956015666,
        "id": "ae714732-272e-45f1-83c0-fe90d4835f0d",
        "name2": "13ha 56a 74ca",
        "fullscreenNameVisible": 1,
        "dimension": "minecraft:overworld",
        "name1": "36",
        "minimapVisible": 1,
        "fullscreenOwnerVisible": 0,
        "minimapOwnerVisible": 0
      },
      "geometry": {
        "type": "Polygon",
        "coordinates": [
          [
            [
              -904.0,
              115.0
            ],
            [
              -910.0,
              12.0
            ],
            [
              -878.0,
              3.0
            ],
            [
              -816.0,
              -16.0
            ],
            [
              -757.0,
              -25.0
            ],
            [
              -650.0,
              -25.0
            ],
            [
              -614.0,
              -24.0
            ],
            [
              -568.0,
              -23.0
            ],
            [
              -466.0,
              -14.0
            ],
            [
              -365.0,
              2.0
            ],
            [
              -325.0,
              5.0
            ],
            [
              -292.0,
              5.0
            ],
            [
              -292.0,
              215.0
            ],
            [
              -614.0,
              214.0
            ],
            [
              -630.0,
              211.0
            ],
            [
              -653.0,
              205.0
            ],
            [
              -682.0,
              198.0
            ],
            [
              -706.0,
              195.0
            ],
            [
              -728.0,
              195.0
            ],
            [
              -751.0,
              197.0
            ],
            [
              -768.0,
              200.0
            ],
            [
              -786.0,
              203.0
            ],
            [
              -811.0,
              204.0
            ],
            [
              -828.0,
              204.0
            ],
            [
              -848.0,
              202.0
            ],
            [
              -866.0,
              198.0
            ],
            [
              -883.0,
              195.0
            ],
            [
              -899.0,
              198.0
            ],
            [
              -904.0,
              115.0
            ]
          ]
        ]
      }
    },
    {
      "type": "Feature",
      "properties": {
        "owner": {
          "UUID": "71882b98-712c-4bbf-86ea-858112fa6c6f",
          "username": "balrog329"
        },
        "visible": 1,
        "color": -32768,
        "chunks": [],
        "created": 1776378322122,
        "minimapNameVisible": 1,
        "personal": 0,
        "announceInChat": 0,
        "mode": "Vertex",
        "fullscreenVisible": 1,
        "announceInTitle": 0,
        "modified": 1780955918085,
        "id": "a79b17c8-66a3-4965-91b8-56bdf5396b6b",
        "name2": "6ha 64a 61ca",
        "fullscreenNameVisible": 1,
        "dimension": "minecraft:overworld",
        "name1": "26",
        "minimapVisible": 1,
        "fullscreenOwnerVisible": 0,
        "minimapOwnerVisible": 0
      },
      "geometry": {
        "type": "Polygon",
        "coordinates": [
          [
            [
              275.0,
              1358.0
            ],
            [
              265.0,
              1355.0
            ],
            [
              249.0,
              1352.0
            ],
            [
              242.0,
              1351.0
            ],
            [
              210.0,
              1351.0
            ],
            [
              190.0,
              1352.0
            ],
            [
              114.0,
              1364.0
            ],
            [
              76.0,
              1367.0
            ],
            [
              55.0,
              1367.0
            ],
            [
              43.0,
              1366.0
            ],
            [
              32.0,
              1364.0
            ],
            [
              13.0,
              1362.0
            ],
            [
              -3.0,
              1357.0
            ],
            [
              2.0,
              1114.0
            ],
            [
              272.0,
              1119.0
            ],
            [
              275.0,
              1358.0
            ]
          ]
        ]
      }
    },
    {
      "type": "Feature",
      "properties": {
        "owner": {
          "UUID": "71882b98-712c-4bbf-86ea-858112fa6c6f",
          "username": "balrog329"
        },
        "visible": 1,
        "color": -32768,
        "chunks": [],
        "created": 1776110526420,
        "minimapNameVisible": 1,
        "personal": 0,
        "announceInChat": 0,
        "mode": "Vertex",
        "fullscreenVisible": 1,
        "announceInTitle": 0,
        "modified": 1780956316445,
        "id": "3648f32e-4e71-498d-b71f-dc760eeb8e5d",
        "name2": "7ha 16a 42ca",
        "fullscreenNameVisible": 1,
        "dimension": "minecraft:overworld",
        "name1": "50",
        "minimapVisible": 1,
        "fullscreenOwnerVisible": 0,
        "minimapOwnerVisible": 0
      },
      "geometry": {
        "type": "Polygon",
        "coordinates": [
          [
            [
              -1407.0,
              574.0
            ],
            [
              -1407.0,
              397.0
            ],
            [
              -1407.0,
              259.0
            ],
            [
              -1391.0,
              259.0
            ],
            [
              -1375.0,
              254.0
            ],
            [
              -1346.0,
              241.0
            ],
            [
              -1323.0,
              229.0
            ],
            [
              -1285.0,
              206.0
            ],
            [
              -1256.0,
              186.0
            ],
            [
              -1208.0,
              156.0
            ],
            [
              -1213.0,
              175.0
            ],
            [
              -1219.0,
              204.0
            ],
            [
              -1221.0,
              219.0
            ],
            [
              -1221.0,
              241.0
            ],
            [
              -1223.0,
              286.0
            ],
            [
              -1224.0,
              330.0
            ],
            [
              -1222.0,
              365.0
            ],
            [
              -1213.0,
              403.0
            ],
            [
              -1210.0,
              470.0
            ],
            [
              -1209.0,
              619.0
            ],
            [
              -1223.0,
              612.0
            ],
            [
              -1237.0,
              607.0
            ],
            [
              -1294.0,
              596.0
            ],
            [
              -1336.0,
              586.0
            ],
            [
              -1385.0,
              577.0
            ],
            [
              -1407.0,
              574.0
            ]
          ]
        ]
      }
    },
    {
      "type": "Feature",
      "properties": {
        "owner": {
          "UUID": "71882b98-712c-4bbf-86ea-858112fa6c6f",
          "username": "balrog329"
        },
        "visible": 1,
        "color": -32768,
        "chunks": [],
        "created": 1776974929384,
        "minimapNameVisible": 1,
        "personal": 0,
        "announceInChat": 0,
        "mode": "Vertex",
        "fullscreenVisible": 1,
        "announceInTitle": 0,
        "modified": 1780955894961,
        "id": "1c6901ff-55a7-4b57-b2bb-a4d314df3394",
        "name2": "7ha 47a 00ca",
        "fullscreenNameVisible": 1,
        "dimension": "minecraft:overworld",
        "name1": "24",
        "minimapVisible": 1,
        "fullscreenOwnerVisible": 0,
        "minimapOwnerVisible": 0
      },
      "geometry": {
        "type": "Polygon",
        "coordinates": [
          [
            [
              512.0,
              1399.0
            ],
            [
              512.0,
              1083.0
            ],
            [
              584.0,
              1070.0
            ],
            [
              612.0,
              1066.0
            ],
            [
              677.0,
              1053.0
            ],
            [
              749.0,
              1037.0
            ],
            [
              794.0,
              1027.0
            ],
            [
              841.0,
              1022.0
            ],
            [
              713.0,
              1275.0
            ],
            [
              710.0,
              1290.0
            ],
            [
              696.0,
              1298.0
            ],
            [
              687.0,
              1305.0
            ],
            [
              678.0,
              1311.0
            ],
            [
              672.0,
              1318.0
            ],
            [
              667.0,
              1326.0
            ],
            [
              659.0,
              1348.0
            ],
            [
              624.0,
              1349.0
            ],
            [
              624.0,
              1385.0
            ],
            [
              607.0,
              1385.0
            ],
            [
              591.0,
              1386.0
            ],
            [
              584.0,
              1387.0
            ],
            [
              581.0,
              1388.0
            ],
            [
              567.0,
              1396.0
            ],
            [
              560.0,
              1397.0
            ],
            [
              549.0,
              1398.0
            ],
            [
              539.0,
              1398.0
            ],
            [
              527.0,
              1399.0
            ],
            [
              512.0,
              1399.0
            ]
          ]
        ]
      }
    },
    {
      "type": "Feature",
      "properties": {
        "owner": {
          "UUID": "71882b98-712c-4bbf-86ea-858112fa6c6f",
          "username": "balrog329"
        },
        "visible": 1,
        "color": -32768,
        "chunks": [],
        "created": 1775771361015,
        "minimapNameVisible": 1,
        "personal": 0,
        "announceInChat": 0,
        "mode": "Vertex",
        "fullscreenVisible": 1,
        "announceInTitle": 0,
        "modified": 1780956378787,
        "id": "e48a74d3-16a0-4ed3-9873-aacd5d232a7f",
        "name2": "6ha 61a 39ca",
        "fullscreenNameVisible": 1,
        "dimension": "minecraft:overworld",
        "name1": "53",
        "minimapVisible": 1,
        "fullscreenOwnerVisible": 0,
        "minimapOwnerVisible": 0
      },
      "geometry": {
        "type": "Polygon",
        "coordinates": [
          [
            [
              -1219.0,
              150.0
            ],
            [
              -1244.0,
              164.0
            ],
            [
              -1325.0,
              215.0
            ],
            [
              -1344.0,
              226.0
            ],
            [
              -1358.0,
              233.0
            ],
            [
              -1407.0,
              253.0
            ],
            [
              -1406.0,
              223.0
            ],
            [
              -1386.0,
              199.0
            ],
            [
              -1381.0,
              176.0
            ],
            [
              -1381.0,
              167.0
            ],
            [
              -1379.0,
              161.0
            ],
            [
              -1377.0,
              148.0
            ],
            [
              -1380.0,
              104.0
            ],
            [
              -1382.0,
              91.0
            ],
            [
              -1382.0,
              81.0
            ],
            [
              -1381.0,
              74.0
            ],
            [
              -1373.0,
              71.0
            ],
            [
              -1363.0,
              68.0
            ],
            [
              -1348.0,
              61.0
            ],
            [
              -1347.0,
              39.0
            ],
            [
              -1353.0,
              -13.0
            ],
            [
              -1352.0,
              -32.0
            ],
            [
              -1359.0,
              -50.0
            ],
            [
              -1362.0,
              -62.0
            ],
            [
              -1365.0,
              -71.0
            ],
            [
              -1375.0,
              -89.0
            ],
            [
              -1377.0,
              -103.0
            ],
            [
              -1377.0,
              -144.0
            ],
            [
              -1376.0,
              -162.0
            ],
            [
              -1375.0,
              -170.0
            ],
            [
              -1363.0,
              -201.0
            ],
            [
              -1349.0,
              -223.0
            ],
            [
              -1342.0,
              -228.0
            ],
            [
              -1328.0,
              -232.0
            ],
            [
              -1320.0,
              -232.0
            ],
            [
              -1296.0,
              -230.0
            ],
            [
              -1272.0,
              -224.0
            ],
            [
              -1255.0,
              -221.0
            ],
            [
              -1253.0,
              -218.0
            ],
            [
              -1249.0,
              -60.0
            ],
            [
              -1240.0,
              -28.0
            ],
            [
              -1233.0,
              -11.0
            ],
            [
              -1224.0,
              -0.0
            ],
            [
              -1174.0,
              22.0
            ],
            [
              -1122.0,
              47.0
            ],
            [
              -1133.0,
              58.0
            ],
            [
              -1175.0,
              107.0
            ],
            [
              -1206.0,
              140.0
            ],
            [
              -1219.0,
              150.0
            ]
          ]
        ]
      }
    },
    {
      "type": "Feature",
      "properties": {
        "owner": {
          "UUID": "71882b98-712c-4bbf-86ea-858112fa6c6f",
          "username": "balrog329"
        },
        "visible": 1,
        "color": -32768,
        "chunks": [],
        "created": 1775686175263,
        "minimapNameVisible": 1,
        "personal": 0,
        "announceInChat": 0,
        "mode": "Vertex",
        "fullscreenVisible": 1,
        "announceInTitle": 0,
        "modified": 1780956268830,
        "id": "06c96f5f-c6de-4467-9195-d2b591400b06",
        "name2": "11ha 47a 37ca",
        "fullscreenNameVisible": 1,
        "dimension": "minecraft:overworld",
        "name1": "51",
        "minimapVisible": 1,
        "fullscreenOwnerVisible": 0,
        "minimapOwnerVisible": 0
      },
      "geometry": {
        "type": "Polygon",
        "coordinates": [
          [
            [
              -882.0,
              267.0
            ],
            [
              -872.0,
              324.0
            ],
            [
              -858.0,
              403.0
            ],
            [
              -1073.0,
              403.0
            ],
            [
              -1213.0,
              403.0
            ],
            [
              -1218.0,
              382.0
            ],
            [
              -1222.0,
              365.0
            ],
            [
              -1224.0,
              330.0
            ],
            [
              -1223.0,
              286.0
            ],
            [
              -1221.0,
              241.0
            ],
            [
              -1221.0,
              219.0
            ],
            [
              -1219.0,
              204.0
            ],
            [
              -1215.0,
              186.0
            ],
            [
              -1213.0,
              175.0
            ],
            [
              -1208.0,
              156.0
            ],
            [
              -1181.0,
              133.0
            ],
            [
              -1157.0,
              107.0
            ],
            [
              -1111.0,
              55.0
            ],
            [
              -1094.0,
              48.0
            ],
            [
              -1087.0,
              47.0
            ],
            [
              -1047.0,
              32.0
            ],
            [
              -990.0,
              20.0
            ],
            [
              -959.0,
              18.0
            ],
            [
              -910.0,
              12.0
            ],
            [
              -899.0,
              198.0
            ],
            [
              -882.0,
              267.0
            ]
          ]
        ]
      }
    },
    {
      "type": "Feature",
      "properties": {
        "owner": {
          "UUID": "71882b98-712c-4bbf-86ea-858112fa6c6f",
          "username": "balrog329"
        },
        "visible": 1,
        "color": -32768,
        "chunks": [],
        "created": 1776196039568,
        "minimapNameVisible": 1,
        "personal": 0,
        "announceInChat": 0,
        "mode": "Vertex",
        "fullscreenVisible": 1,
        "announceInTitle": 0,
        "modified": 1780956101959,
        "id": "f17c2bb0-9806-47ab-9457-dd5cca6a2949",
        "name2": "4ha 83a 36ca",
        "fullscreenNameVisible": 1,
        "dimension": "minecraft:overworld",
        "name1": "45",
        "minimapVisible": 1,
        "fullscreenOwnerVisible": 0,
        "minimapOwnerVisible": 0
      },
      "geometry": {
        "type": "Polygon",
        "coordinates": [
          [
            [
              -1077.0,
              863.0
            ],
            [
              -941.0,
              863.0
            ],
            [
              -947.0,
              851.0
            ],
            [
              -956.0,
              841.0
            ],
            [
              -978.0,
              827.0
            ],
            [
              -993.0,
              816.0
            ],
            [
              -794.0,
              816.0
            ],
            [
              -794.0,
              1031.0
            ],
            [
              -996.0,
              1031.0
            ],
            [
              -996.0,
              1024.0
            ],
            [
              -1000.0,
              1005.0
            ],
            [
              -1006.0,
              989.0
            ],
            [
              -1024.0,
              962.0
            ],
            [
              -1047.0,
              922.0
            ],
            [
              -1077.0,
              887.0
            ],
            [
              -1077.0,
              863.0
            ]
          ]
        ]
      }
    },
    {
      "type": "Feature",
      "properties": {
        "owner": {
          "UUID": "71882b98-712c-4bbf-86ea-858112fa6c6f",
          "username": "balrog329"
        },
        "visible": 1,
        "color": -32768,
        "chunks": [],
        "created": 1776195387744,
        "minimapNameVisible": 1,
        "personal": 0,
        "announceInChat": 0,
        "mode": "Vertex",
        "fullscreenVisible": 1,
        "announceInTitle": 0,
        "modified": 1780956047931,
        "id": "ea058490-9f0e-4c69-b0fe-3bdfc6cbb157",
        "name2": "8ha 51a 97ca",
        "fullscreenNameVisible": 1,
        "dimension": "minecraft:overworld",
        "name1": "41",
        "minimapVisible": 1,
        "fullscreenOwnerVisible": 0,
        "minimapOwnerVisible": 0
      },
      "geometry": {
        "type": "Polygon",
        "coordinates": [
          [
            [
              -794.0,
              1206.0
            ],
            [
              -794.0,
              816.0
            ],
            [
              -767.0,
              835.0
            ],
            [
              -290.0,
              1108.0
            ],
            [
              -454.0,
              1106.0
            ],
            [
              -485.0,
              1107.0
            ],
            [
              -522.0,
              1110.0
            ],
            [
              -551.0,
              1115.0
            ],
            [
              -585.0,
              1123.0
            ],
            [
              -605.0,
              1129.0
            ],
            [
              -635.0,
              1142.0
            ],
            [
              -649.0,
              1149.0
            ],
            [
              -683.0,
              1165.0
            ],
            [
              -711.0,
              1178.0
            ],
            [
              -751.0,
              1192.0
            ],
            [
              -794.0,
              1206.0
            ]
          ]
        ]
      }
    },
    {
      "type": "Feature",
      "properties": {
        "owner": {
          "UUID": "71882b98-712c-4bbf-86ea-858112fa6c6f",
          "username": "balrog329"
        },
        "visible": 1,
        "color": -32768,
        "chunks": [],
        "created": 1778941335666,
        "minimapNameVisible": 1,
        "personal": 0,
        "announceInChat": 0,
        "mode": "Vertex",
        "fullscreenVisible": 1,
        "announceInTitle": 0,
        "modified": 1780955870113,
        "id": "044fa54a-1c36-4f97-8b9b-5dc4947322d8",
        "name2": "7ha 63a 75ca",
        "fullscreenNameVisible": 1,
        "dimension": "minecraft:overworld",
        "name1": "21",
        "minimapVisible": 1,
        "fullscreenOwnerVisible": 0,
        "minimapOwnerVisible": 0
      },
      "geometry": {
        "type": "Polygon",
        "coordinates": [
          [
            [
              389.0,
              640.0
            ],
            [
              389.0,
              295.0
            ],
            [
              414.0,
              289.0
            ],
            [
              450.0,
              278.0
            ],
            [
              469.0,
              273.0
            ],
            [
              480.0,
              270.0
            ],
            [
              522.0,
              258.0
            ],
            [
              556.0,
              243.0
            ],
            [
              586.0,
              243.0
            ],
            [
              586.0,
              670.0
            ],
            [
              542.0,
              662.0
            ],
            [
              506.0,
              658.0
            ],
            [
              454.0,
              650.0
            ],
            [
              389.0,
              640.0
            ]
          ]
        ]
      }
    },
    {
      "type": "Feature",
      "properties": {
        "owner": {
          "UUID": "71882b98-712c-4bbf-86ea-858112fa6c6f",
          "username": "balrog329"
        },
        "visible": 0,
        "color": -13379452,
        "chunks": [],
        "created": 1775667501600,
        "minimapNameVisible": 1,
        "personal": 0,
        "announceInChat": 0,
        "mode": "Vertex",
        "fullscreenVisible": 1,
        "announceInTitle": 0,
        "modified": 1781728837203,
        "id": "1a550f02-2d56-49d4-a370-152cb5324268",
        "name2": "483ha 36a 34ca",
        "fullscreenNameVisible": 1,
        "dimension": "minecraft:overworld",
        "name1": "Palissonais",
        "minimapVisible": 1,
        "fullscreenOwnerVisible": 0,
        "minimapOwnerVisible": 0
      },
      "geometry": {
        "type": "Polygon",
        "coordinates": [
          [
            [
              -1386.0,
              199.0
            ],
            [
              -1384.0,
              190.0
            ],
            [
              -1381.0,
              176.0
            ],
            [
              -1381.0,
              167.0
            ],
            [
              -1379.0,
              161.0
            ],
            [
              -1377.0,
              148.0
            ],
            [
              -1380.0,
              104.0
            ],
            [
              -1382.0,
              91.0
            ],
            [
              -1382.0,
              81.0
            ],
            [
              -1381.0,
              74.0
            ],
            [
              -1373.0,
              71.0
            ],
            [
              -1363.0,
              68.0
            ],
            [
              -1348.0,
              61.0
            ],
            [
              -1347.0,
              39.0
            ],
            [
              -1353.0,
              -13.0
            ],
            [
              -1352.0,
              -32.0
            ],
            [
              -1359.0,
              -50.0
            ],
            [
              -1362.0,
              -62.0
            ],
            [
              -1365.0,
              -71.0
            ],
            [
              -1370.0,
              -80.0
            ],
            [
              -1375.0,
              -89.0
            ],
            [
              -1377.0,
              -103.0
            ],
            [
              -1377.0,
              -118.0
            ],
            [
              -1377.0,
              -144.0
            ],
            [
              -1376.0,
              -162.0
            ],
            [
              -1375.0,
              -170.0
            ],
            [
              -1371.0,
              -180.0
            ],
            [
              -1363.0,
              -201.0
            ],
            [
              -1353.0,
              -217.0
            ],
            [
              -1349.0,
              -223.0
            ],
            [
              -1342.0,
              -228.0
            ],
            [
              -1328.0,
              -232.0
            ],
            [
              -1320.0,
              -232.0
            ],
            [
              -1308.0,
              -231.0
            ],
            [
              -1296.0,
              -230.0
            ],
            [
              -1287.0,
              -228.0
            ],
            [
              -1272.0,
              -224.0
            ],
            [
              -1255.0,
              -221.0
            ],
            [
              -1253.0,
              -218.0
            ],
            [
              -1251.0,
              -101.0
            ],
            [
              -1249.0,
              -60.0
            ],
            [
              -1240.0,
              -28.0
            ],
            [
              -1233.0,
              -11.0
            ],
            [
              -1224.0,
              -0.0
            ],
            [
              -1193.0,
              14.0
            ],
            [
              -1174.0,
              22.0
            ],
            [
              -1122.0,
              47.0
            ],
            [
              -1133.0,
              58.0
            ],
            [
              -1142.0,
              68.0
            ],
            [
              -1166.0,
              96.0
            ],
            [
              -1175.0,
              107.0
            ],
            [
              -1184.0,
              117.0
            ],
            [
              -1195.0,
              129.0
            ],
            [
              -1206.0,
              140.0
            ],
            [
              -1219.0,
              150.0
            ],
            [
              -1244.0,
              164.0
            ],
            [
              -1273.0,
              182.0
            ],
            [
              -1305.0,
              202.0
            ],
            [
              -1325.0,
              215.0
            ],
            [
              -1344.0,
              226.0
            ],
            [
              -1358.0,
              233.0
            ],
            [
              -1384.0,
              244.0
            ],
            [
              -1407.0,
              253.0
            ],
            [
              -1407.0,
              259.0
            ],
            [
              -1391.0,
              259.0
            ],
            [
              -1385.0,
              257.0
            ],
            [
              -1375.0,
              254.0
            ],
            [
              -1346.0,
              241.0
            ],
            [
              -1323.0,
              229.0
            ],
            [
              -1285.0,
              206.0
            ],
            [
              -1266.0,
              193.0
            ],
            [
              -1256.0,
              186.0
            ],
            [
              -1230.0,
              170.0
            ],
            [
              -1208.0,
              156.0
            ],
            [
              -1180.0,
              132.0
            ],
            [
              -1162.0,
              112.0
            ],
            [
              -1111.0,
              55.0
            ],
            [
              -1094.0,
              48.0
            ],
            [
              -1087.0,
              47.0
            ],
            [
              -1047.0,
              32.0
            ],
            [
              -1021.0,
              26.0
            ],
            [
              -990.0,
              20.0
            ],
            [
              -959.0,
              18.0
            ],
            [
              -910.0,
              12.0
            ],
            [
              -878.0,
              3.0
            ],
            [
              -816.0,
              -16.0
            ],
            [
              -757.0,
              -25.0
            ],
            [
              -650.0,
              -25.0
            ],
            [
              -568.0,
              -23.0
            ],
            [
              -518.0,
              -19.0
            ],
            [
              -466.0,
              -14.0
            ],
            [
              -430.0,
              -8.0
            ],
            [
              -365.0,
              2.0
            ],
            [
              -325.0,
              5.0
            ],
            [
              -210.0,
              4.0
            ],
            [
              -87.0,
              3.0
            ],
            [
              13.0,
              4.0
            ],
            [
              41.0,
              3.0
            ],
            [
              292.0,
              4.0
            ],
            [
              392.0,
              1.0
            ],
            [
              407.0,
              -10.0
            ],
            [
              427.0,
              -27.0
            ],
            [
              447.0,
              -51.0
            ],
            [
              458.0,
              -68.0
            ],
            [
              471.0,
              -88.0
            ],
            [
              488.0,
              -97.0
            ],
            [
              501.0,
              -104.0
            ],
            [
              528.0,
              -112.0
            ],
            [
              586.0,
              -127.0
            ],
            [
              611.0,
              -131.0
            ],
            [
              638.0,
              -138.0
            ],
            [
              671.0,
              -147.0
            ],
            [
              788.0,
              -147.0
            ],
            [
              825.0,
              -147.0
            ],
            [
              868.0,
              -152.0
            ],
            [
              897.0,
              -155.0
            ],
            [
              929.0,
              -160.0
            ],
            [
              962.0,
              -164.0
            ],
            [
              975.0,
              -165.0
            ],
            [
              984.0,
              -165.0
            ],
            [
              1002.0,
              -170.0
            ],
            [
              1023.0,
              -180.0
            ],
            [
              1037.0,
              -202.0
            ],
            [
              1038.0,
              -251.0
            ],
            [
              1042.0,
              -261.0
            ],
            [
              1063.0,
              -281.0
            ],
            [
              1094.0,
              -283.0
            ],
            [
              1120.0,
              -284.0
            ],
            [
              1169.0,
              -284.0
            ],
            [
              1185.0,
              -280.0
            ],
            [
              1206.0,
              -278.0
            ],
            [
              1243.0,
              -278.0
            ],
            [
              1302.0,
              -278.0
            ],
            [
              1315.0,
              -272.0
            ],
            [
              1318.0,
              -269.0
            ],
            [
              1327.0,
              -258.0
            ],
            [
              1333.0,
              -250.0
            ],
            [
              1337.0,
              -232.0
            ],
            [
              1338.0,
              -215.0
            ],
            [
              1341.0,
              -191.0
            ],
            [
              1346.0,
              -171.0
            ],
            [
              1351.0,
              -155.0
            ],
            [
              1362.0,
              -145.0
            ],
            [
              1373.0,
              -139.0
            ],
            [
              1398.0,
              -128.0
            ],
            [
              1458.0,
              -105.0
            ],
            [
              1481.0,
              -95.0
            ],
            [
              1505.0,
              -85.0
            ],
            [
              1537.0,
              -69.0
            ],
            [
              1537.0,
              -81.0
            ],
            [
              1515.0,
              -93.0
            ],
            [
              1483.0,
              -106.0
            ],
            [
              1396.0,
              -139.0
            ],
            [
              1374.0,
              -151.0
            ],
            [
              1366.0,
              -156.0
            ],
            [
              1360.0,
              -163.0
            ],
            [
              1356.0,
              -174.0
            ],
            [
              1349.0,
              -211.0
            ],
            [
              1348.0,
              -229.0
            ],
            [
              1345.0,
              -241.0
            ],
            [
              1337.0,
              -262.0
            ],
            [
              1325.0,
              -277.0
            ],
            [
              1310.0,
              -286.0
            ],
            [
              1245.0,
              -286.0
            ],
            [
              1230.0,
              -286.0
            ],
            [
              1196.0,
              -285.0
            ],
            [
              1176.0,
              -290.0
            ],
            [
              1137.0,
              -293.0
            ],
            [
              1132.0,
              -293.0
            ],
            [
              1105.0,
              -292.0
            ],
            [
              1059.0,
              -289.0
            ],
            [
              1038.0,
              -272.0
            ],
            [
              1030.0,
              -258.0
            ],
            [
              1030.0,
              -211.0
            ],
            [
              1024.0,
              -199.0
            ],
            [
              1015.0,
              -189.0
            ],
            [
              1003.0,
              -183.0
            ],
            [
              984.0,
              -176.0
            ],
            [
              952.0,
              -174.0
            ],
            [
              921.0,
              -170.0
            ],
            [
              867.0,
              -163.0
            ],
            [
              849.0,
              -160.0
            ],
            [
              815.0,
              -158.0
            ],
            [
              755.0,
              -159.0
            ],
            [
              661.0,
              -155.0
            ],
            [
              597.0,
              -139.0
            ],
            [
              540.0,
              -126.0
            ],
            [
              501.0,
              -116.0
            ],
            [
              477.0,
              -104.0
            ],
            [
              436.0,
              -57.0
            ],
            [
              414.0,
              -32.0
            ],
            [
              397.0,
              -17.0
            ],
            [
              388.0,
              -11.0
            ],
            [
              374.0,
              -7.0
            ],
            [
              43.0,
              -6.0
            ],
            [
              3.0,
              -5.0
            ],
            [
              3.0,
              -21.0
            ],
            [
              2.0,
              -232.0
            ],
            [
              -7.0,
              -232.0
            ],
            [
              -7.0,
              -204.0
            ],
            [
              -6.0,
              -4.0
            ],
            [
              -319.0,
              -4.0
            ],
            [
              -348.0,
              -8.0
            ],
            [
              -371.0,
              -9.0
            ],
            [
              -383.0,
              -11.0
            ],
            [
              -396.0,
              -13.0
            ],
            [
              -405.0,
              -15.0
            ],
            [
              -417.0,
              -17.0
            ],
            [
              -433.0,
              -20.0
            ],
            [
              -450.0,
              -22.0
            ],
            [
              -467.0,
              -26.0
            ],
            [
              -493.0,
              -28.0
            ],
            [
              -531.0,
              -29.0
            ],
            [
              -561.0,
              -32.0
            ],
            [
              -597.0,
              -34.0
            ],
            [
              -629.0,
              -34.0
            ],
            [
              -679.0,
              -34.0
            ],
            [
              -739.0,
              -34.0
            ],
            [
              -775.0,
              -32.0
            ],
            [
              -797.0,
              -29.0
            ],
            [
              -831.0,
              -24.0
            ],
            [
              -864.0,
              -14.0
            ],
            [
              -916.0,
              4.0
            ],
            [
              -959.0,
              9.0
            ],
            [
              -1011.0,
              14.0
            ],
            [
              -1034.0,
              19.0
            ],
            [
              -1062.0,
              27.0
            ],
            [
              -1088.0,
              37.0
            ],
            [
              -1110.0,
              41.0
            ],
            [
              -1119.0,
              37.0
            ],
            [
              -1146.0,
              24.0
            ],
            [
              -1175.0,
              11.0
            ],
            [
              -1210.0,
              -3.0
            ],
            [
              -1224.0,
              -13.0
            ],
            [
              -1228.0,
              -20.0
            ],
            [
              -1232.0,
              -30.0
            ],
            [
              -1241.0,
              -67.0
            ],
            [
              -1244.0,
              -209.0
            ],
            [
              -1215.0,
              -197.0
            ],
            [
              -1176.0,
              -175.0
            ],
            [
              -1039.0,
              -118.0
            ],
            [
              -986.0,
              -121.0
            ],
            [
              -976.0,
              -127.0
            ],
            [
              -959.0,
              -127.0
            ],
            [
              -958.0,
              -183.0
            ],
            [
              -916.0,
              -188.0
            ],
            [
              -867.0,
              -226.0
            ],
            [
              -833.0,
              -269.0
            ],
            [
              -799.0,
              -279.0
            ],
            [
              -759.0,
              -290.0
            ],
            [
              -697.0,
              -289.0
            ],
            [
              -600.0,
              -299.0
            ],
            [
              -595.0,
              -290.0
            ],
            [
              -521.0,
              -254.0
            ],
            [
              -472.0,
              -208.0
            ],
            [
              -474.0,
              -156.0
            ],
            [
              -472.0,
              -122.0
            ],
            [
              -451.0,
              -125.0
            ],
            [
              -423.0,
              -126.0
            ],
            [
              -397.0,
              -124.0
            ],
            [
              -375.0,
              -125.0
            ],
            [
              -349.0,
              -124.0
            ],
            [
              -331.0,
              -128.0
            ],
            [
              -298.0,
              -143.0
            ],
            [
              -279.0,
              -157.0
            ],
            [
              -267.0,
              -168.0
            ],
            [
              -252.0,
              -189.0
            ],
            [
              -242.0,
              -202.0
            ],
            [
              -227.0,
              -204.0
            ],
            [
              -214.0,
              -207.0
            ],
            [
              -191.0,
              -211.0
            ],
            [
              -178.0,
              -211.0
            ],
            [
              -154.0,
              -211.0
            ],
            [
              -119.0,
              -213.0
            ],
            [
              -103.0,
              -215.0
            ],
            [
              -81.0,
              -220.0
            ],
            [
              -67.0,
              -221.0
            ],
            [
              -54.0,
              -224.0
            ],
            [
              -37.0,
              -227.0
            ],
            [
              -28.0,
              -228.0
            ],
            [
              -17.0,
              -230.0
            ],
            [
              -7.0,
              -232.0
            ],
            [
              2.0,
              -232.0
            ],
            [
              3.0,
              -244.0
            ],
            [
              10.0,
              -246.0
            ],
            [
              34.0,
              -250.0
            ],
            [
              79.0,
              -258.0
            ],
            [
              100.0,
              -263.0
            ],
            [
              118.0,
              -271.0
            ],
            [
              130.0,
              -285.0
            ],
            [
              148.0,
              -304.0
            ],
            [
              165.0,
              -350.0
            ],
            [
              180.0,
              -370.0
            ],
            [
              206.0,
              -371.0
            ],
            [
              237.0,
              -371.0
            ],
            [
              258.0,
              -360.0
            ],
            [
              284.0,
              -352.0
            ],
            [
              337.0,
              -351.0
            ],
            [
              377.0,
              -353.0
            ],
            [
              377.0,
              -386.0
            ],
            [
              377.0,
              -398.0
            ],
            [
              339.0,
              -400.0
            ],
            [
              364.0,
              -409.0
            ],
            [
              383.0,
              -411.0
            ],
            [
              412.0,
              -402.0
            ],
            [
              436.0,
              -405.0
            ],
            [
              456.0,
              -414.0
            ],
            [
              475.0,
              -419.0
            ],
            [
              488.0,
              -424.0
            ],
            [
              506.0,
              -425.0
            ],
            [
              526.0,
              -420.0
            ],
            [
              538.0,
              -414.0
            ],
            [
              560.0,
              -413.0
            ],
            [
              573.0,
              -417.0
            ],
            [
              590.0,
              -420.0
            ],
            [
              604.0,
              -422.0
            ],
            [
              617.0,
              -422.0
            ],
            [
              619.0,
              -307.0
            ],
            [
              626.0,
              -307.0
            ],
            [
              626.0,
              -325.0
            ],
            [
              627.0,
              -422.0
            ],
            [
              627.0,
              -431.0
            ],
            [
              678.0,
              -431.0
            ],
            [
              717.0,
              -433.0
            ],
            [
              718.0,
              -497.0
            ],
            [
              772.0,
              -502.0
            ],
            [
              803.0,
              -503.0
            ],
            [
              807.0,
              -524.0
            ],
            [
              849.0,
              -527.0
            ],
            [
              854.0,
              -528.0
            ],
            [
              900.0,
              -536.0
            ],
            [
              1000.0,
              -538.0
            ],
            [
              1024.0,
              -527.0
            ],
            [
              1041.0,
              -519.0
            ],
            [
              1040.0,
              -426.0
            ],
            [
              1065.0,
              -425.0
            ],
            [
              1072.0,
              -417.0
            ],
            [
              1093.0,
              -417.0
            ],
            [
              1100.0,
              -405.0
            ],
            [
              1100.0,
              -393.0
            ],
            [
              1113.0,
              -393.0
            ],
            [
              1113.0,
              -386.0
            ],
            [
              1128.0,
              -386.0
            ],
            [
              1133.0,
              -336.0
            ],
            [
              1134.0,
              -318.0
            ],
            [
              1134.0,
              -293.0
            ],
            [
              1137.0,
              -293.0
            ],
            [
              1137.0,
              -338.0
            ],
            [
              1135.0,
              -372.0
            ],
            [
              1153.0,
              -376.0
            ],
            [
              1157.0,
              -376.0
            ],
            [
              1162.0,
              -377.0
            ],
            [
              1165.0,
              -379.0
            ],
            [
              1172.0,
              -380.0
            ],
            [
              1190.0,
              -376.0
            ],
            [
              1219.0,
              -345.0
            ],
            [
              1236.0,
              -332.0
            ],
            [
              1244.0,
              -328.0
            ],
            [
              1246.0,
              -313.0
            ],
            [
              1246.0,
              -286.0
            ],
            [
              1310.0,
              -286.0
            ],
            [
              1311.0,
              -294.0
            ],
            [
              1327.0,
              -314.0
            ],
            [
              1334.0,
              -330.0
            ],
            [
              1339.0,
              -352.0
            ],
            [
              1342.0,
              -368.0
            ],
            [
              1349.0,
              -390.0
            ],
            [
              1355.0,
              -405.0
            ],
            [
              1358.0,
              -421.0
            ],
            [
              1364.0,
              -435.0
            ],
            [
              1366.0,
              -450.0
            ],
            [
              1296.0,
              -450.0
            ],
            [
              1294.0,
              -509.0
            ],
            [
              1308.0,
              -509.0
            ],
            [
              1353.0,
              -508.0
            ],
            [
              1392.0,
              -508.0
            ],
            [
              1408.0,
              -508.0
            ],
            [
              1437.0,
              -507.0
            ],
            [
              1467.0,
              -508.0
            ],
            [
              1479.0,
              -501.0
            ],
            [
              1484.0,
              -490.0
            ],
            [
              1495.0,
              -468.0
            ],
            [
              1500.0,
              -454.0
            ],
            [
              1505.0,
              -448.0
            ],
            [
              1514.0,
              -436.0
            ],
            [
              1524.0,
              -431.0
            ],
            [
              1537.0,
              -420.0
            ],
            [
              1537.0,
              -111.0
            ],
            [
              1537.0,
              -69.0
            ],
            [
              1537.0,
              504.0
            ],
            [
              1537.0,
              557.0
            ],
            [
              1537.0,
              1208.0
            ],
            [
              1506.0,
              1227.0
            ],
            [
              1487.0,
              1235.0
            ],
            [
              1478.0,
              1239.0
            ],
            [
              1463.0,
              1247.0
            ],
            [
              1454.0,
              1253.0
            ],
            [
              1441.0,
              1262.0
            ],
            [
              1435.0,
              1271.0
            ],
            [
              1429.0,
              1277.0
            ],
            [
              1425.0,
              1290.0
            ],
            [
              1419.0,
              1303.0
            ],
            [
              1412.0,
              1316.0
            ],
            [
              1406.0,
              1325.0
            ],
            [
              1396.0,
              1334.0
            ],
            [
              1384.0,
              1353.0
            ],
            [
              1369.0,
              1358.0
            ],
            [
              1352.0,
              1357.0
            ],
            [
              1335.0,
              1356.0
            ],
            [
              1315.0,
              1357.0
            ],
            [
              1289.0,
              1355.0
            ],
            [
              1277.0,
              1354.0
            ],
            [
              1260.0,
              1351.0
            ],
            [
              1232.0,
              1339.0
            ],
            [
              1205.0,
              1323.0
            ],
            [
              1191.0,
              1320.0
            ],
            [
              1129.0,
              1320.0
            ],
            [
              1106.0,
              1339.0
            ],
            [
              1058.0,
              1339.0
            ],
            [
              1004.0,
              1364.0
            ],
            [
              960.0,
              1364.0
            ],
            [
              918.0,
              1365.0
            ],
            [
              869.0,
              1377.0
            ],
            [
              838.0,
              1383.0
            ],
            [
              806.0,
              1390.0
            ],
            [
              770.0,
              1390.0
            ],
            [
              768.0,
              1383.0
            ],
            [
              804.0,
              1364.0
            ],
            [
              869.0,
              1335.0
            ],
            [
              893.0,
              1317.0
            ],
            [
              930.0,
              1294.0
            ],
            [
              972.0,
              1276.0
            ],
            [
              1009.0,
              1258.0
            ],
            [
              1061.0,
              1233.0
            ],
            [
              1104.0,
              1209.0
            ],
            [
              1142.0,
              1184.0
            ],
            [
              1171.0,
              1157.0
            ],
            [
              1204.0,
              1111.0
            ],
            [
              1224.0,
              1079.0
            ],
            [
              1249.0,
              1045.0
            ],
            [
              1278.0,
              1004.0
            ],
            [
              1300.0,
              968.0
            ],
            [
              1327.0,
              909.0
            ],
            [
              1376.0,
              821.0
            ],
            [
              1412.0,
              749.0
            ],
            [
              1432.0,
              692.0
            ],
            [
              1468.0,
              621.0
            ],
            [
              1478.0,
              604.0
            ],
            [
              1491.0,
              589.0
            ],
            [
              1499.0,
              582.0
            ],
            [
              1507.0,
              578.0
            ],
            [
              1519.0,
              573.0
            ],
            [
              1537.0,
              563.0
            ],
            [
              1537.0,
              558.0
            ],
            [
              1527.0,
              560.0
            ],
            [
              1514.0,
              567.0
            ],
            [
              1486.0,
              581.0
            ],
            [
              1478.0,
              591.0
            ],
            [
              1473.0,
              598.0
            ],
            [
              1460.0,
              616.0
            ],
            [
              1453.0,
              632.0
            ],
            [
              1446.0,
              645.0
            ],
            [
              1437.0,
              659.0
            ],
            [
              1425.0,
              683.0
            ],
            [
              1422.0,
              694.0
            ],
            [
              1419.0,
              705.0
            ],
            [
              1415.0,
              717.0
            ],
            [
              1410.0,
              731.0
            ],
            [
              1404.0,
              742.0
            ],
            [
              1396.0,
              759.0
            ],
            [
              1393.0,
              766.0
            ],
            [
              1388.0,
              776.0
            ],
            [
              1366.0,
              821.0
            ],
            [
              1356.0,
              839.0
            ],
            [
              1341.0,
              864.0
            ],
            [
              1324.0,
              897.0
            ],
            [
              1315.0,
              916.0
            ],
            [
              1308.0,
              930.0
            ],
            [
              1292.0,
              964.0
            ],
            [
              1278.0,
              988.0
            ],
            [
              1263.0,
              1007.0
            ],
            [
              1255.0,
              1019.0
            ],
            [
              1246.0,
              1033.0
            ],
            [
              1238.0,
              1042.0
            ],
            [
              1231.0,
              1057.0
            ],
            [
              1220.0,
              1071.0
            ],
            [
              1214.0,
              1083.0
            ],
            [
              1206.0,
              1097.0
            ],
            [
              1194.0,
              1111.0
            ],
            [
              1189.0,
              1119.0
            ],
            [
              1183.0,
              1126.0
            ],
            [
              1179.0,
              1132.0
            ],
            [
              1173.0,
              1142.0
            ],
            [
              1166.0,
              1150.0
            ],
            [
              1155.0,
              1160.0
            ],
            [
              1152.0,
              1166.0
            ],
            [
              1136.0,
              1177.0
            ],
            [
              1125.0,
              1184.0
            ],
            [
              1116.0,
              1191.0
            ],
            [
              1095.0,
              1202.0
            ],
            [
              1090.0,
              1205.0
            ],
            [
              1080.0,
              1210.0
            ],
            [
              1063.0,
              1219.0
            ],
            [
              1057.0,
              1223.0
            ],
            [
              1045.0,
              1230.0
            ],
            [
              1031.0,
              1237.0
            ],
            [
              1017.0,
              1245.0
            ],
            [
              1010.0,
              1248.0
            ],
            [
              997.0,
              1254.0
            ],
            [
              980.0,
              1261.0
            ],
            [
              970.0,
              1265.0
            ],
            [
              957.0,
              1270.0
            ],
            [
              924.0,
              1285.0
            ],
            [
              898.0,
              1300.0
            ],
            [
              863.0,
              1321.0
            ],
            [
              835.0,
              1336.0
            ],
            [
              808.0,
              1349.0
            ],
            [
              772.0,
              1369.0
            ],
            [
              728.0,
              1394.0
            ],
            [
              722.0,
              1394.0
            ],
            [
              710.0,
              1394.0
            ],
            [
              705.0,
              1388.0
            ],
            [
              703.0,
              1369.0
            ],
            [
              719.0,
              1329.0
            ],
            [
              713.0,
              1309.0
            ],
            [
              713.0,
              1291.0
            ],
            [
              710.0,
              1290.0
            ],
            [
              696.0,
              1298.0
            ],
            [
              687.0,
              1305.0
            ],
            [
              678.0,
              1311.0
            ],
            [
              672.0,
              1318.0
            ],
            [
              667.0,
              1326.0
            ],
            [
              659.0,
              1348.0
            ],
            [
              624.0,
              1349.0
            ],
            [
              624.0,
              1385.0
            ],
            [
              607.0,
              1385.0
            ],
            [
              591.0,
              1386.0
            ],
            [
              584.0,
              1387.0
            ],
            [
              581.0,
              1388.0
            ],
            [
              572.0,
              1393.0
            ],
            [
              567.0,
              1396.0
            ],
            [
              560.0,
              1397.0
            ],
            [
              549.0,
              1398.0
            ],
            [
              539.0,
              1398.0
            ],
            [
              527.0,
              1399.0
            ],
            [
              518.0,
              1399.0
            ],
            [
              512.0,
              1399.0
            ],
            [
              507.0,
              1400.0
            ],
            [
              499.0,
              1400.0
            ],
            [
              491.0,
              1399.0
            ],
            [
              483.0,
              1394.0
            ],
            [
              469.0,
              1383.0
            ],
            [
              444.0,
              1371.0
            ],
            [
              416.0,
              1374.0
            ],
            [
              399.0,
              1383.0
            ],
            [
              383.0,
              1383.0
            ],
            [
              350.0,
              1382.0
            ],
            [
              350.0,
              1374.0
            ],
            [
              338.0,
              1374.0
            ],
            [
              326.0,
              1368.0
            ],
            [
              309.0,
              1363.0
            ],
            [
              298.0,
              1362.0
            ],
            [
              292.0,
              1360.0
            ],
            [
              285.0,
              1359.0
            ],
            [
              275.0,
              1358.0
            ],
            [
              265.0,
              1355.0
            ],
            [
              249.0,
              1352.0
            ],
            [
              242.0,
              1351.0
            ],
            [
              213.0,
              1351.0
            ],
            [
              190.0,
              1352.0
            ],
            [
              124.0,
              1362.0
            ],
            [
              114.0,
              1364.0
            ],
            [
              96.0,
              1365.0
            ],
            [
              76.0,
              1367.0
            ],
            [
              55.0,
              1367.0
            ],
            [
              43.0,
              1366.0
            ],
            [
              32.0,
              1364.0
            ],
            [
              13.0,
              1362.0
            ],
            [
              -3.0,
              1357.0
            ],
            [
              -8.0,
              1356.0
            ],
            [
              -17.0,
              1351.0
            ],
            [
              -31.0,
              1343.0
            ],
            [
              -51.0,
              1336.0
            ],
            [
              -64.0,
              1340.0
            ],
            [
              -76.0,
              1345.0
            ],
            [
              -83.0,
              1349.0
            ],
            [
              -91.0,
              1351.0
            ],
            [
              -100.0,
              1352.0
            ],
            [
              -116.0,
              1353.0
            ],
            [
              -153.0,
              1354.0
            ],
            [
              -179.0,
              1355.0
            ],
            [
              -202.0,
              1356.0
            ],
            [
              -209.0,
              1357.0
            ],
            [
              -215.0,
              1362.0
            ],
            [
              -217.0,
              1365.0
            ],
            [
              -219.0,
              1373.0
            ],
            [
              -221.0,
              1378.0
            ],
            [
              -231.0,
              1389.0
            ],
            [
              -237.0,
              1392.0
            ],
            [
              -246.0,
              1393.0
            ],
            [
              -256.0,
              1397.0
            ],
            [
              -260.0,
              1399.0
            ],
            [
              -263.0,
              1398.0
            ],
            [
              -267.0,
              1392.0
            ],
            [
              -271.0,
              1384.0
            ],
            [
              -279.0,
              1375.0
            ],
            [
              -283.0,
              1363.0
            ],
            [
              -287.0,
              1348.0
            ],
            [
              -297.0,
              1330.0
            ],
            [
              -316.0,
              1299.0
            ],
            [
              -348.0,
              1248.0
            ],
            [
              -363.0,
              1245.0
            ],
            [
              -369.0,
              1253.0
            ],
            [
              -370.0,
              1257.0
            ],
            [
              -373.0,
              1259.0
            ],
            [
              -378.0,
              1256.0
            ],
            [
              -386.0,
              1253.0
            ],
            [
              -396.0,
              1250.0
            ],
            [
              -400.0,
              1248.0
            ],
            [
              -412.0,
              1252.0
            ],
            [
              -427.0,
              1255.0
            ],
            [
              -436.0,
              1258.0
            ],
            [
              -448.0,
              1259.0
            ],
            [
              -455.0,
              1262.0
            ],
            [
              -454.0,
              1278.0
            ],
            [
              -449.0,
              1285.0
            ],
            [
              -441.0,
              1293.0
            ],
            [
              -451.0,
              1304.0
            ],
            [
              -458.0,
              1304.0
            ],
            [
              -479.0,
              1303.0
            ],
            [
              -494.0,
              1300.0
            ],
            [
              -507.0,
              1301.0
            ],
            [
              -514.0,
              1296.0
            ],
            [
              -538.0,
              1278.0
            ],
            [
              -560.0,
              1265.0
            ],
            [
              -578.0,
              1254.0
            ],
            [
              -594.0,
              1246.0
            ],
            [
              -610.0,
              1244.0
            ],
            [
              -626.0,
              1265.0
            ],
            [
              -627.0,
              1275.0
            ],
            [
              -622.0,
              1287.0
            ],
            [
              -619.0,
              1295.0
            ],
            [
              -619.0,
              1311.0
            ],
            [
              -618.0,
              1322.0
            ],
            [
              -617.0,
              1331.0
            ],
            [
              -611.0,
              1337.0
            ],
            [
              -608.0,
              1340.0
            ],
            [
              -599.0,
              1342.0
            ],
            [
              -588.0,
              1341.0
            ],
            [
              -575.0,
              1343.0
            ],
            [
              -566.0,
              1343.0
            ],
            [
              -560.0,
              1346.0
            ],
            [
              -547.0,
              1355.0
            ],
            [
              -537.0,
              1359.0
            ],
            [
              -525.0,
              1366.0
            ],
            [
              -515.0,
              1369.0
            ],
            [
              -508.0,
              1373.0
            ],
            [
              -499.0,
              1382.0
            ],
            [
              -497.0,
              1385.0
            ],
            [
              -496.0,
              1386.0
            ],
            [
              -499.0,
              1389.0
            ],
            [
              -503.0,
              1392.0
            ],
            [
              -505.0,
              1394.0
            ],
            [
              -513.0,
              1390.0
            ],
            [
              -525.0,
              1389.0
            ],
            [
              -535.0,
              1385.0
            ],
            [
              -544.0,
              1380.0
            ],
            [
              -555.0,
              1374.0
            ],
            [
              -567.0,
              1375.0
            ],
            [
              -579.0,
              1375.0
            ],
            [
              -589.0,
              1375.0
            ],
            [
              -595.0,
              1371.0
            ],
            [
              -602.0,
              1367.0
            ],
            [
              -611.0,
              1364.0
            ],
            [
              -621.0,
              1360.0
            ],
            [
              -635.0,
              1357.0
            ],
            [
              -648.0,
              1356.0
            ],
            [
              -658.0,
              1354.0
            ],
            [
              -668.0,
              1353.0
            ],
            [
              -688.0,
              1347.0
            ],
            [
              -697.0,
              1346.0
            ],
            [
              -712.0,
              1347.0
            ],
            [
              -718.0,
              1352.0
            ],
            [
              -723.0,
              1360.0
            ],
            [
              -726.0,
              1368.0
            ],
            [
              -728.0,
              1375.0
            ],
            [
              -731.0,
              1381.0
            ],
            [
              -737.0,
              1383.0
            ],
            [
              -742.0,
              1389.0
            ],
            [
              -748.0,
              1391.0
            ],
            [
              -752.0,
              1391.0
            ],
            [
              -757.0,
              1386.0
            ],
            [
              -761.0,
              1374.0
            ],
            [
              -765.0,
              1367.0
            ],
            [
              -772.0,
              1358.0
            ],
            [
              -781.0,
              1353.0
            ],
            [
              -789.0,
              1352.0
            ],
            [
              -794.0,
              1352.0
            ],
            [
              -802.0,
              1353.0
            ],
            [
              -817.0,
              1357.0
            ],
            [
              -833.0,
              1364.0
            ],
            [
              -844.0,
              1370.0
            ],
            [
              -852.0,
              1377.0
            ],
            [
              -872.0,
              1388.0
            ],
            [
              -886.0,
              1394.0
            ],
            [
              -897.0,
              1397.0
            ],
            [
              -906.0,
              1400.0
            ],
            [
              -919.0,
              1403.0
            ],
            [
              -931.0,
              1404.0
            ],
            [
              -950.0,
              1404.0
            ],
            [
              -963.0,
              1402.0
            ],
            [
              -969.0,
              1407.0
            ],
            [
              -1075.0,
              1406.0
            ],
            [
              -1069.0,
              1389.0
            ],
            [
              -1055.0,
              1362.0
            ],
            [
              -1047.0,
              1338.0
            ],
            [
              -1041.0,
              1317.0
            ],
            [
              -1036.0,
              1309.0
            ],
            [
              -1039.0,
              1301.0
            ],
            [
              -1036.0,
              1292.0
            ],
            [
              -1027.0,
              1268.0
            ],
            [
              -1016.0,
              1242.0
            ],
            [
              -1011.0,
              1224.0
            ],
            [
              -1009.0,
              1198.0
            ],
            [
              -1008.0,
              1159.0
            ],
            [
              -1011.0,
              1137.0
            ],
            [
              -1012.0,
              1122.0
            ],
            [
              -1014.0,
              1119.0
            ],
            [
              -1015.0,
              1128.0
            ],
            [
              -1017.0,
              1134.0
            ],
            [
              -1017.0,
              1139.0
            ],
            [
              -1014.0,
              1148.0
            ],
            [
              -1013.0,
              1153.0
            ],
            [
              -1014.0,
              1160.0
            ],
            [
              -1013.0,
              1166.0
            ],
            [
              -1013.0,
              1191.0
            ],
            [
              -1014.0,
              1216.0
            ],
            [
              -1016.0,
              1226.0
            ],
            [
              -1020.0,
              1240.0
            ],
            [
              -1027.0,
              1256.0
            ],
            [
              -1033.0,
              1272.0
            ],
            [
              -1042.0,
              1292.0
            ],
            [
              -1045.0,
              1305.0
            ],
            [
              -1048.0,
              1321.0
            ],
            [
              -1053.0,
              1344.0
            ],
            [
              -1057.0,
              1356.0
            ],
            [
              -1064.0,
              1370.0
            ],
            [
              -1070.0,
              1383.0
            ],
            [
              -1084.0,
              1408.0
            ],
            [
              -1342.0,
              1408.0
            ],
            [
              -1342.0,
              1396.0
            ],
            [
              -1340.0,
              1384.0
            ],
            [
              -1336.0,
              1381.0
            ],
            [
              -1328.0,
              1377.0
            ],
            [
              -1309.0,
              1375.0
            ],
            [
              -1313.0,
              1368.0
            ],
            [
              -1324.0,
              1369.0
            ],
            [
              -1330.0,
              1371.0
            ],
            [
              -1334.0,
              1372.0
            ],
            [
              -1342.0,
              1373.0
            ],
            [
              -1347.0,
              1378.0
            ],
            [
              -1348.0,
              1388.0
            ],
            [
              -1349.0,
              1399.0
            ],
            [
              -1350.0,
              1409.0
            ],
            [
              -1364.0,
              1409.0
            ],
            [
              -1364.0,
              1400.0
            ],
            [
              -1364.0,
              1372.0
            ],
            [
              -1365.0,
              1366.0
            ],
            [
              -1365.0,
              1359.0
            ],
            [
              -1365.0,
              1335.0
            ],
            [
              -1372.0,
              1317.0
            ],
            [
              -1378.0,
              1315.0
            ],
            [
              -1382.0,
              1312.0
            ],
            [
              -1388.0,
              1310.0
            ],
            [
              -1393.0,
              1307.0
            ],
            [
              -1398.0,
              1303.0
            ],
            [
              -1397.0,
              1289.0
            ],
            [
              -1399.0,
              1273.0
            ],
            [
              -1399.0,
              1254.0
            ],
            [
              -1400.0,
              1240.0
            ],
            [
              -1398.0,
              1228.0
            ],
            [
              -1395.0,
              1211.0
            ],
            [
              -1386.0,
              1205.0
            ],
            [
              -1376.0,
              1200.0
            ],
            [
              -1361.0,
              1191.0
            ],
            [
              -1355.0,
              1183.0
            ],
            [
              -1340.0,
              1179.0
            ],
            [
              -1334.0,
              1161.0
            ],
            [
              -1337.0,
              1136.0
            ],
            [
              -1343.0,
              1124.0
            ],
            [
              -1344.0,
              1109.0
            ],
            [
              -1349.0,
              1097.0
            ],
            [
              -1363.0,
              1088.0
            ],
            [
              -1377.0,
              1075.0
            ],
            [
              -1380.0,
              1061.0
            ],
            [
              -1391.0,
              1047.0
            ],
            [
              -1391.0,
              982.0
            ],
            [
              -1394.0,
              977.0
            ],
            [
              -1408.0,
              976.0
            ],
            [
              -1407.0,
              903.0
            ],
            [
              -1407.0,
              861.0
            ],
            [
              -1395.0,
              856.0
            ],
            [
              -1390.0,
              847.0
            ],
            [
              -1393.0,
              803.0
            ],
            [
              -1406.0,
              771.0
            ],
            [
              -1407.0,
              574.0
            ],
            [
              -1407.0,
              261.0
            ],
            [
              -1407.0,
              260.0
            ],
            [
              -1407.0,
              248.0
            ],
            [
              -1406.0,
              223.0
            ],
            [
              -1386.0,
              199.0
            ]
          ]
        ]
      }
    },
    {
      "type": "Feature",
      "properties": {
        "owner": {
          "UUID": "71882b98-712c-4bbf-86ea-858112fa6c6f",
          "username": "balrog329"
        },
        "visible": 1,
        "color": -32768,
        "chunks": [],
        "created": 1780255933835,
        "minimapNameVisible": 1,
        "personal": 0,
        "announceInChat": 0,
        "mode": "Vertex",
        "fullscreenVisible": 1,
        "announceInTitle": 0,
        "modified": 1780955833836,
        "id": "5ec336b6-8617-4116-819a-5e069b3fcc01",
        "name2": "8ha 70a 57ca",
        "fullscreenNameVisible": 1,
        "dimension": "minecraft:overworld",
        "name1": "17",
        "minimapVisible": 1,
        "fullscreenOwnerVisible": 0,
        "minimapOwnerVisible": 0
      },
      "geometry": {
        "type": "Polygon",
        "coordinates": [
          [
            [
              849.0,
              -160.0
            ],
            [
              849.0,
              -527.0
            ],
            [
              854.0,
              -528.0
            ],
            [
              900.0,
              -536.0
            ],
            [
              1000.0,
              -538.0
            ],
            [
              1041.0,
              -519.0
            ],
            [
              1040.0,
              -426.0
            ],
            [
              1065.0,
              -425.0
            ],
            [
              1072.0,
              -417.0
            ],
            [
              1093.0,
              -417.0
            ],
            [
              1100.0,
              -405.0
            ],
            [
              1100.0,
              -393.0
            ],
            [
              1113.0,
              -393.0
            ],
            [
              1113.0,
              -386.0
            ],
            [
              1128.0,
              -386.0
            ],
            [
              1129.0,
              -374.0
            ],
            [
              1133.0,
              -336.0
            ],
            [
              1134.0,
              -318.0
            ],
            [
              1134.0,
              -293.0
            ],
            [
              1137.0,
              -293.0
            ],
            [
              1137.0,
              -336.0
            ],
            [
              1135.0,
              -372.0
            ],
            [
              1153.0,
              -376.0
            ],
            [
              1162.0,
              -377.0
            ],
            [
              1165.0,
              -379.0
            ],
            [
              1172.0,
              -380.0
            ],
            [
              1190.0,
              -376.0
            ],
            [
              1219.0,
              -345.0
            ],
            [
              1236.0,
              -332.0
            ],
            [
              1244.0,
              -328.0
            ],
            [
              1246.0,
              -313.0
            ],
            [
              1245.0,
              -286.0
            ],
            [
              1196.0,
              -285.0
            ],
            [
              1176.0,
              -290.0
            ],
            [
              1134.0,
              -293.0
            ],
            [
              1059.0,
              -289.0
            ],
            [
              1038.0,
              -272.0
            ],
            [
              1030.0,
              -258.0
            ],
            [
              1030.0,
              -211.0
            ],
            [
              1024.0,
              -199.0
            ],
            [
              1015.0,
              -189.0
            ],
            [
              1003.0,
              -183.0
            ],
            [
              984.0,
              -176.0
            ],
            [
              952.0,
              -174.0
            ],
            [
              867.0,
              -163.0
            ],
            [
              849.0,
              -160.0
            ]
          ]
        ]
      }
    },
    {
      "type": "Feature",
      "properties": {
        "owner": {
          "UUID": "71882b98-712c-4bbf-86ea-858112fa6c6f",
          "username": "balrog329"
        },
        "visible": 1,
        "color": -32768,
        "chunks": [],
        "created": 1776378634297,
        "minimapNameVisible": 1,
        "personal": 0,
        "announceInChat": 0,
        "mode": "Vertex",
        "fullscreenVisible": 1,
        "announceInTitle": 0,
        "modified": 1780955925145,
        "id": "43b501d3-9a32-437a-92e3-aa63db021ff6",
        "name2": "8ha 03a 95ca",
        "fullscreenNameVisible": 1,
        "dimension": "minecraft:overworld",
        "name1": "27",
        "minimapVisible": 1,
        "fullscreenOwnerVisible": 0,
        "minimapOwnerVisible": 0
      },
      "geometry": {
        "type": "Polygon",
        "coordinates": [
          [
            [
              2.0,
              1114.0
            ],
            [
              -3.0,
              1357.0
            ],
            [
              -8.0,
              1356.0
            ],
            [
              -31.0,
              1343.0
            ],
            [
              -51.0,
              1336.0
            ],
            [
              -64.0,
              1340.0
            ],
            [
              -76.0,
              1345.0
            ],
            [
              -83.0,
              1349.0
            ],
            [
              -91.0,
              1351.0
            ],
            [
              -116.0,
              1353.0
            ],
            [
              -202.0,
              1356.0
            ],
            [
              -209.0,
              1357.0
            ],
            [
              -215.0,
              1362.0
            ],
            [
              -217.0,
              1365.0
            ],
            [
              -219.0,
              1373.0
            ],
            [
              -221.0,
              1378.0
            ],
            [
              -231.0,
              1389.0
            ],
            [
              -237.0,
              1392.0
            ],
            [
              -246.0,
              1393.0
            ],
            [
              -256.0,
              1397.0
            ],
            [
              -260.0,
              1399.0
            ],
            [
              -263.0,
              1398.0
            ],
            [
              -267.0,
              1392.0
            ],
            [
              -271.0,
              1384.0
            ],
            [
              -279.0,
              1375.0
            ],
            [
              -287.0,
              1348.0
            ],
            [
              -297.0,
              1330.0
            ],
            [
              -348.0,
              1248.0
            ],
            [
              -363.0,
              1245.0
            ],
            [
              -337.0,
              1190.0
            ],
            [
              -309.0,
              1136.0
            ],
            [
              -290.0,
              1108.0
            ],
            [
              -274.0,
              1108.0
            ],
            [
              -172.0,
              1109.0
            ],
            [
              -88.0,
              1109.0
            ],
            [
              -63.0,
              1112.0
            ],
            [
              -19.0,
              1114.0
            ],
            [
              2.0,
              1114.0
            ]
          ]
        ]
      }
    },
    {
      "type": "Feature",
      "properties": {
        "owner": {
          "UUID": "71882b98-712c-4bbf-86ea-858112fa6c6f",
          "username": "balrog329"
        },
        "visible": 1,
        "color": -32768,
        "chunks": [],
        "created": 1775765307959,
        "minimapNameVisible": 1,
        "personal": 0,
        "announceInChat": 0,
        "mode": "Vertex",
        "fullscreenVisible": 1,
        "announceInTitle": 0,
        "modified": 1780956215780,
        "id": "2fd4dccf-c47f-4bea-81a0-7d4ade1e5aa1",
        "name2": "6ha 69a 58ca",
        "fullscreenNameVisible": 1,
        "dimension": "minecraft:overworld",
        "name1": "47",
        "minimapVisible": 1,
        "fullscreenOwnerVisible": 0,
        "minimapOwnerVisible": 0
      },
      "geometry": {
        "type": "Polygon",
        "coordinates": [
          [
            [
              -803.0,
              773.0
            ],
            [
              -794.0,
              805.0
            ],
            [
              -794.0,
              816.0
            ],
            [
              -993.0,
              816.0
            ],
            [
              -1006.0,
              807.0
            ],
            [
              -1026.0,
              791.0
            ],
            [
              -1039.0,
              777.0
            ],
            [
              -1057.0,
              762.0
            ],
            [
              -1072.0,
              755.0
            ],
            [
              -1085.0,
              754.0
            ],
            [
              -1105.0,
              753.0
            ],
            [
              -1128.0,
              750.0
            ],
            [
              -1140.0,
              746.0
            ],
            [
              -1149.0,
              742.0
            ],
            [
              -1158.0,
              736.0
            ],
            [
              -1167.0,
              726.0
            ],
            [
              -1172.0,
              717.0
            ],
            [
              -1179.0,
              701.0
            ],
            [
              -1184.0,
              683.0
            ],
            [
              -1189.0,
              667.0
            ],
            [
              -1194.0,
              653.0
            ],
            [
              -1197.0,
              642.0
            ],
            [
              -1205.0,
              629.0
            ],
            [
              -1209.0,
              619.0
            ],
            [
              -1209.0,
              605.0
            ],
            [
              -848.0,
              606.0
            ],
            [
              -829.0,
              677.0
            ],
            [
              -803.0,
              773.0
            ]
          ]
        ]
      }
    },
    {
      "type": "Feature",
      "properties": {
        "owner": {
          "UUID": "71882b98-712c-4bbf-86ea-858112fa6c6f",
          "username": "balrog329"
        },
        "visible": 1,
        "color": -16711936,
        "chunks": [],
        "created": 1776292607992,
        "minimapNameVisible": 1,
        "personal": 0,
        "announceInChat": 0,
        "mode": "Vertex",
        "fullscreenVisible": 1,
        "announceInTitle": 0,
        "modified": 1776292691704,
        "id": "e103bbb7-3a91-42a1-bb90-909e9fa54f70",
        "name2": "0ha 24a 60ca",
        "fullscreenNameVisible": 1,
        "dimension": "minecraft:overworld",
        "name1": "II.4",
        "minimapVisible": 1,
        "fullscreenOwnerVisible": 0,
        "minimapOwnerVisible": 0
      },
      "geometry": {
        "type": "Polygon",
        "coordinates": [
          [
            [
              -1088.0,
              37.0
            ],
            [
              -1110.0,
              41.0
            ],
            [
              -1146.0,
              24.0
            ],
            [
              -1109.0,
              17.0
            ],
            [
              -1092.0,
              12.0
            ],
            [
              -1084.0,
              9.0
            ],
            [
              -1071.0,
              1.0
            ],
            [
              -1039.0,
              -5.0
            ],
            [
              -1034.0,
              1.0
            ],
            [
              -1030.0,
              11.0
            ],
            [
              -1034.0,
              19.0
            ],
            [
              -1062.0,
              27.0
            ],
            [
              -1088.0,
              37.0
            ]
          ]
        ]
      }
    },
    {
      "type": "Feature",
      "properties": {
        "owner": {
          "UUID": "71882b98-712c-4bbf-86ea-858112fa6c6f",
          "username": "balrog329"
        },
        "visible": 1,
        "color": -32768,
        "chunks": [],
        "created": 1778094491642,
        "minimapNameVisible": 1,
        "personal": 0,
        "announceInChat": 0,
        "mode": "Vertex",
        "fullscreenVisible": 1,
        "announceInTitle": 0,
        "modified": 1780955969174,
        "id": "c133762b-080a-4902-8396-d4058f81b5dd",
        "name2": "11ha 42a 88ca",
        "fullscreenNameVisible": 1,
        "dimension": "minecraft:overworld",
        "name1": "32",
        "minimapVisible": 1,
        "fullscreenOwnerVisible": 0,
        "minimapOwnerVisible": 0
      },
      "geometry": {
        "type": "Polygon",
        "coordinates": [
          [
            [
              389.0,
              282.0
            ],
            [
              0.0,
              310.0
            ],
            [
              0.0,
              4.0
            ],
            [
              16.0,
              4.0
            ],
            [
              41.0,
              3.0
            ],
            [
              292.0,
              4.0
            ],
            [
              392.0,
              1.0
            ],
            [
              389.0,
              282.0
            ]
          ]
        ]
      }
    },
    {
      "type": "Feature",
      "properties": {
        "owner": {
          "UUID": "71882b98-712c-4bbf-86ea-858112fa6c6f",
          "username": "balrog329"
        },
        "visible": 1,
        "color": -32768,
        "chunks": [],
        "created": 1779041594388,
        "minimapNameVisible": 1,
        "personal": 0,
        "announceInChat": 0,
        "mode": "Vertex",
        "fullscreenVisible": 1,
        "announceInTitle": 0,
        "modified": 1780955794535,
        "id": "ab314668-8522-4039-92e0-69679e2c7ab6",
        "name2": "8ha 38a 32ca",
        "fullscreenNameVisible": 1,
        "dimension": "minecraft:overworld",
        "name1": "14",
        "minimapVisible": 1,
        "fullscreenOwnerVisible": 0,
        "minimapOwnerVisible": 0
      },
      "geometry": {
        "type": "Polygon",
        "coordinates": [
          [
            [
              933.0,
              466.0
            ],
            [
              936.0,
              499.0
            ],
            [
              941.0,
              511.0
            ],
            [
              949.0,
              522.0
            ],
            [
              961.0,
              538.0
            ],
            [
              966.0,
              551.0
            ],
            [
              969.0,
              561.0
            ],
            [
              976.0,
              577.0
            ],
            [
              979.0,
              586.0
            ],
            [
              983.0,
              599.0
            ],
            [
              988.0,
              620.0
            ],
            [
              997.0,
              647.0
            ],
            [
              1004.0,
              660.0
            ],
            [
              1013.0,
              676.0
            ],
            [
              1028.0,
              695.0
            ],
            [
              1033.0,
              707.0
            ],
            [
              1039.0,
              721.0
            ],
            [
              1040.0,
              729.0
            ],
            [
              1040.0,
              736.0
            ],
            [
              1040.0,
              747.0
            ],
            [
              1022.0,
              744.0
            ],
            [
              997.0,
              739.0
            ],
            [
              984.0,
              737.0
            ],
            [
              958.0,
              735.0
            ],
            [
              949.0,
              725.0
            ],
            [
              902.0,
              683.0
            ],
            [
              887.0,
              667.0
            ],
            [
              858.0,
              645.0
            ],
            [
              842.0,
              627.0
            ],
            [
              834.0,
              619.0
            ],
            [
              823.0,
              614.0
            ],
            [
              802.0,
              594.0
            ],
            [
              783.0,
              569.0
            ],
            [
              780.0,
              562.0
            ],
            [
              771.0,
              568.0
            ],
            [
              766.0,
              566.0
            ],
            [
              762.0,
              560.0
            ],
            [
              764.0,
              549.0
            ],
            [
              757.0,
              544.0
            ],
            [
              754.0,
              540.0
            ],
            [
              745.0,
              537.0
            ],
            [
              738.0,
              526.0
            ],
            [
              733.0,
              524.0
            ],
            [
              727.0,
              523.0
            ],
            [
              724.0,
              516.0
            ],
            [
              722.0,
              507.0
            ],
            [
              710.0,
              498.0
            ],
            [
              709.0,
              492.0
            ],
            [
              704.0,
              492.0
            ],
            [
              697.0,
              485.0
            ],
            [
              696.0,
              476.0
            ],
            [
              680.0,
              460.0
            ],
            [
              676.0,
              457.0
            ],
            [
              673.0,
              449.0
            ],
            [
              657.0,
              431.0
            ],
            [
              650.0,
              429.0
            ],
            [
              645.0,
              425.0
            ],
            [
              641.0,
              418.0
            ],
            [
              636.0,
              406.0
            ],
            [
              631.0,
              406.0
            ],
            [
              628.0,
              404.0
            ],
            [
              624.0,
              399.0
            ],
            [
              622.0,
              396.0
            ],
            [
              617.0,
              393.0
            ],
            [
              615.0,
              388.0
            ],
            [
              611.0,
              386.0
            ],
            [
              605.0,
              380.0
            ],
            [
              600.0,
              374.0
            ],
            [
              595.0,
              367.0
            ],
            [
              590.0,
              357.0
            ],
            [
              586.0,
              352.0
            ],
            [
              990.0,
              352.0
            ],
            [
              990.0,
              384.0
            ],
            [
              986.0,
              399.0
            ],
            [
              978.0,
              409.0
            ],
            [
              971.0,
              416.0
            ],
            [
              953.0,
              429.0
            ],
            [
              944.0,
              437.0
            ],
            [
              937.0,
              450.0
            ],
            [
              933.0,
              466.0
            ]
          ]
        ]
      }
    },
    {
      "type": "Feature",
      "properties": {
        "owner": {
          "UUID": "71882b98-712c-4bbf-86ea-858112fa6c6f",
          "username": "balrog329"
        },
        "visible": 1,
        "color": -16515119,
        "chunks": [],
        "created": 1775681990589,
        "minimapNameVisible": 1,
        "personal": 0,
        "announceInChat": 0,
        "mode": "Vertex",
        "fullscreenVisible": 1,
        "announceInTitle": 0,
        "modified": 1776196797937,
        "id": "c8de559e-fbdc-4382-a384-fb53618344aa",
        "name2": "4ha 14a 17ca",
        "fullscreenNameVisible": 1,
        "dimension": "minecraft:overworld",
        "name1": "IV.1-(CHS)",
        "minimapVisible": 1,
        "fullscreenOwnerVisible": 0,
        "minimapOwnerVisible": 0
      },
      "geometry": {
        "type": "Polygon",
        "coordinates": [
          [
            [
              -794.0,
              805.0
            ],
            [
              -848.0,
              606.0
            ],
            [
              -617.0,
              606.0
            ],
            [
              -610.0,
              722.0
            ],
            [
              -614.0,
              805.0
            ],
            [
              -794.0,
              805.0
            ]
          ]
        ]
      }
    },
    {
      "type": "Feature",
      "properties": {
        "owner": {
          "UUID": "71882b98-712c-4bbf-86ea-858112fa6c6f",
          "username": "balrog329"
        },
        "visible": 1,
        "color": -32768,
        "chunks": [],
        "created": 1780267059419,
        "minimapNameVisible": 1,
        "personal": 0,
        "announceInChat": 0,
        "mode": "Vertex",
        "fullscreenVisible": 1,
        "announceInTitle": 0,
        "modified": 1780267182226,
        "id": "c44c1eab-18af-414d-9ffe-b2916a7faa75",
        "name2": "7ha 05a 96ca",
        "fullscreenNameVisible": 1,
        "dimension": "minecraft:overworld",
        "name1": "3",
        "minimapVisible": 1,
        "fullscreenOwnerVisible": 0,
        "minimapOwnerVisible": 0
      },
      "geometry": {
        "type": "Polygon",
        "coordinates": [
          [
            [
              1248.0,
              -7.0
            ],
            [
              942.0,
              -7.0
            ],
            [
              942.0,
              -15.0
            ],
            [
              945.0,
              -32.0
            ],
            [
              952.0,
              -57.0
            ],
            [
              958.0,
              -80.0
            ],
            [
              964.0,
              -107.0
            ],
            [
              968.0,
              -132.0
            ],
            [
              975.0,
              -165.0
            ],
            [
              984.0,
              -165.0
            ],
            [
              1002.0,
              -170.0
            ],
            [
              1023.0,
              -180.0
            ],
            [
              1037.0,
              -202.0
            ],
            [
              1038.0,
              -251.0
            ],
            [
              1042.0,
              -261.0
            ],
            [
              1063.0,
              -281.0
            ],
            [
              1094.0,
              -283.0
            ],
            [
              1120.0,
              -284.0
            ],
            [
              1169.0,
              -284.0
            ],
            [
              1185.0,
              -280.0
            ],
            [
              1206.0,
              -278.0
            ],
            [
              1248.0,
              -278.0
            ],
            [
              1248.0,
              -7.0
            ]
          ]
        ]
      }
    },
    {
      "type": "Feature",
      "properties": {
        "owner": {
          "UUID": "71882b98-712c-4bbf-86ea-858112fa6c6f",
          "username": "balrog329"
        },
        "visible": 1,
        "color": -32768,
        "chunks": [],
        "created": 1775669523827,
        "minimapNameVisible": 1,
        "personal": 1,
        "announceInChat": 0,
        "mode": "Vertex",
        "fullscreenVisible": 1,
        "announceInTitle": 0,
        "modified": 1780955901474,
        "id": "fbbedf10-91a3-4142-a81e-ddbd82883d07",
        "name2": "6ha 57a 15ca",
        "fullscreenNameVisible": 1,
        "dimension": "minecraft:overworld",
        "name1": "25",
        "minimapVisible": 1,
        "fullscreenOwnerVisible": 0,
        "minimapOwnerVisible": 0
      },
      "geometry": {
        "type": "Polygon",
        "coordinates": [
          [
            [
              512.0,
              1399.0
            ],
            [
              507.0,
              1400.0
            ],
            [
              499.0,
              1400.0
            ],
            [
              491.0,
              1399.0
            ],
            [
              483.0,
              1394.0
            ],
            [
              469.0,
              1383.0
            ],
            [
              444.0,
              1371.0
            ],
            [
              416.0,
              1374.0
            ],
            [
              399.0,
              1383.0
            ],
            [
              383.0,
              1383.0
            ],
            [
              350.0,
              1382.0
            ],
            [
              350.0,
              1374.0
            ],
            [
              338.0,
              1374.0
            ],
            [
              326.0,
              1368.0
            ],
            [
              309.0,
              1363.0
            ],
            [
              298.0,
              1362.0
            ],
            [
              292.0,
              1360.0
            ],
            [
              284.0,
              1359.0
            ],
            [
              275.0,
              1358.0
            ],
            [
              274.0,
              1274.0
            ],
            [
              274.0,
              1261.0
            ],
            [
              272.0,
              1119.0
            ],
            [
              392.0,
              1102.0
            ],
            [
              463.0,
              1092.0
            ],
            [
              512.0,
              1083.0
            ],
            [
              512.0,
              1399.0
            ]
          ]
        ]
      }
    },
    {
      "type": "Feature",
      "properties": {
        "owner": {
          "UUID": "71882b98-712c-4bbf-86ea-858112fa6c6f",
          "username": "balrog329"
        },
        "visible": 1,
        "color": -32768,
        "chunks": [],
        "created": 1778956914706,
        "minimapNameVisible": 1,
        "personal": 0,
        "announceInChat": 0,
        "mode": "Vertex",
        "fullscreenVisible": 1,
        "announceInTitle": 0,
        "modified": 1780955722792,
        "id": "802530cd-1f6a-4ebd-8240-749f30fa7779",
        "name2": "8ha 96a 96ca",
        "fullscreenNameVisible": 1,
        "dimension": "minecraft:overworld",
        "name1": "8",
        "minimapVisible": 1,
        "fullscreenOwnerVisible": 0,
        "minimapOwnerVisible": 0
      },
      "geometry": {
        "type": "Polygon",
        "coordinates": [
          [
            [
              1040.0,
              1063.0
            ],
            [
              1040.0,
              747.0
            ],
            [
              1070.0,
              754.0
            ],
            [
              1091.0,
              760.0
            ],
            [
              1106.0,
              764.0
            ],
            [
              1120.0,
              766.0
            ],
            [
              1393.0,
              766.0
            ],
            [
              1366.0,
              821.0
            ],
            [
              1352.0,
              846.0
            ],
            [
              1341.0,
              864.0
            ],
            [
              1324.0,
              897.0
            ],
            [
              1315.0,
              916.0
            ],
            [
              1308.0,
              930.0
            ],
            [
              1292.0,
              964.0
            ],
            [
              1278.0,
              988.0
            ],
            [
              1263.0,
              1007.0
            ],
            [
              1246.0,
              1033.0
            ],
            [
              1238.0,
              1042.0
            ],
            [
              1231.0,
              1057.0
            ],
            [
              1220.0,
              1071.0
            ],
            [
              1214.0,
              1083.0
            ],
            [
              1206.0,
              1097.0
            ],
            [
              1194.0,
              1111.0
            ],
            [
              1189.0,
              1119.0
            ],
            [
              1183.0,
              1126.0
            ],
            [
              1173.0,
              1142.0
            ],
            [
              1155.0,
              1133.0
            ],
            [
              1131.0,
              1121.0
            ],
            [
              1110.0,
              1108.0
            ],
            [
              1093.0,
              1093.0
            ],
            [
              1073.0,
              1080.0
            ],
            [
              1053.0,
              1070.0
            ],
            [
              1040.0,
              1063.0
            ]
          ]
        ]
      }
    },
    {
      "type": "Feature",
      "properties": {
        "owner": {
          "UUID": "71882b98-712c-4bbf-86ea-858112fa6c6f",
          "username": "balrog329"
        },
        "visible": 1,
        "color": -32768,
        "chunks": [],
        "created": 1778941141894,
        "minimapNameVisible": 1,
        "personal": 0,
        "announceInChat": 0,
        "mode": "Vertex",
        "fullscreenVisible": 1,
        "announceInTitle": 0,
        "modified": 1780955863254,
        "id": "185782fd-d4a1-461f-ba94-a1aa26f4e43b",
        "name2": "6ha 78a 09ca",
        "fullscreenNameVisible": 1,
        "dimension": "minecraft:overworld",
        "name1": "20",
        "minimapVisible": 1,
        "fullscreenOwnerVisible": 0,
        "minimapOwnerVisible": 0
      },
      "geometry": {
        "type": "Polygon",
        "coordinates": [
          [
            [
              389.0,
              295.0
            ],
            [
              389.0,
              282.0
            ],
            [
              392.0,
              1.0
            ],
            [
              407.0,
              -10.0
            ],
            [
              427.0,
              -27.0
            ],
            [
              447.0,
              -51.0
            ],
            [
              471.0,
              -88.0
            ],
            [
              501.0,
              -104.0
            ],
            [
              528.0,
              -112.0
            ],
            [
              586.0,
              -127.0
            ],
            [
              586.0,
              -7.0
            ],
            [
              586.0,
              243.0
            ],
            [
              556.0,
              243.0
            ],
            [
              522.0,
              258.0
            ],
            [
              480.0,
              270.0
            ],
            [
              450.0,
              278.0
            ],
            [
              414.0,
              289.0
            ],
            [
              389.0,
              295.0
            ]
          ]
        ]
      }
    },
    {
      "type": "Feature",
      "properties": {
        "owner": {
          "UUID": "71882b98-712c-4bbf-86ea-858112fa6c6f",
          "username": "balrog329"
        },
        "visible": 1,
        "color": -32768,
        "chunks": [],
        "created": 1778956578395,
        "minimapNameVisible": 1,
        "personal": 0,
        "announceInChat": 0,
        "mode": "Vertex",
        "fullscreenVisible": 1,
        "announceInTitle": 0,
        "modified": 1780955769648,
        "id": "2c1686d8-168e-45b8-a47e-edb83440bd9b",
        "name2": "8ha 95a 12ca",
        "fullscreenNameVisible": 1,
        "dimension": "minecraft:overworld",
        "name1": "12",
        "minimapVisible": 1,
        "fullscreenOwnerVisible": 0,
        "minimapOwnerVisible": 0
      },
      "geometry": {
        "type": "Polygon",
        "coordinates": [
          [
            [
              1040.0,
              747.0
            ],
            [
              1040.0,
              885.0
            ],
            [
              1040.0,
              1035.0
            ],
            [
              1040.0,
              1063.0
            ],
            [
              1031.0,
              1059.0
            ],
            [
              1014.0,
              1052.0
            ],
            [
              998.0,
              1047.0
            ],
            [
              985.0,
              1043.0
            ],
            [
              965.0,
              1038.0
            ],
            [
              951.0,
              1035.0
            ],
            [
              937.0,
              1034.0
            ],
            [
              921.0,
              1033.0
            ],
            [
              902.0,
              1031.0
            ],
            [
              887.0,
              1029.0
            ],
            [
              862.0,
              1026.0
            ],
            [
              841.0,
              1022.0
            ],
            [
              819.0,
              1014.0
            ],
            [
              805.0,
              1006.0
            ],
            [
              799.0,
              1000.0
            ],
            [
              793.0,
              993.0
            ],
            [
              787.0,
              983.0
            ],
            [
              763.0,
              931.0
            ],
            [
              751.0,
              900.0
            ],
            [
              739.0,
              861.0
            ],
            [
              734.0,
              841.0
            ],
            [
              730.0,
              779.0
            ],
            [
              737.0,
              701.0
            ],
            [
              739.0,
              691.0
            ],
            [
              770.0,
              698.0
            ],
            [
              794.0,
              702.0
            ],
            [
              812.0,
              704.0
            ],
            [
              849.0,
              712.0
            ],
            [
              878.0,
              720.0
            ],
            [
              901.0,
              724.0
            ],
            [
              924.0,
              730.0
            ],
            [
              942.0,
              732.0
            ],
            [
              958.0,
              735.0
            ],
            [
              984.0,
              737.0
            ],
            [
              997.0,
              739.0
            ],
            [
              1022.0,
              744.0
            ],
            [
              1040.0,
              747.0
            ]
          ]
        ]
      }
    },
    {
      "type": "Feature",
      "properties": {
        "owner": {
          "UUID": "71882b98-712c-4bbf-86ea-858112fa6c6f",
          "username": "balrog329"
        },
        "visible": 1,
        "color": -32768,
        "chunks": [],
        "created": 1776632216659,
        "minimapNameVisible": 1,
        "personal": 0,
        "announceInChat": 0,
        "mode": "Vertex",
        "fullscreenVisible": 1,
        "announceInTitle": 0,
        "modified": 1780956021677,
        "id": "87e5c789-8dfe-4e38-b49b-80e4deccebff",
        "name2": "11ha 34a 44ca",
        "fullscreenNameVisible": 1,
        "dimension": "minecraft:overworld",
        "name1": "37",
        "minimapVisible": 1,
        "fullscreenOwnerVisible": 0,
        "minimapOwnerVisible": 0
      },
      "geometry": {
        "type": "Polygon",
        "coordinates": [
          [
            [
              -858.0,
              403.0
            ],
            [
              -882.0,
              267.0
            ],
            [
              -899.0,
              198.0
            ],
            [
              -883.0,
              195.0
            ],
            [
              -848.0,
              202.0
            ],
            [
              -828.0,
              204.0
            ],
            [
              -811.0,
              204.0
            ],
            [
              -786.0,
              203.0
            ],
            [
              -751.0,
              197.0
            ],
            [
              -728.0,
              195.0
            ],
            [
              -706.0,
              195.0
            ],
            [
              -682.0,
              198.0
            ],
            [
              -653.0,
              205.0
            ],
            [
              -630.0,
              211.0
            ],
            [
              -614.0,
              214.0
            ],
            [
              -292.0,
              215.0
            ],
            [
              -292.0,
              311.0
            ],
            [
              -293.0,
              402.0
            ],
            [
              -858.0,
              403.0
            ]
          ]
        ]
      }
    },
    {
      "type": "Feature",
      "properties": {
        "owner": {
          "UUID": "71882b98-712c-4bbf-86ea-858112fa6c6f",
          "username": "balrog329"
        },
        "visible": 0,
        "color": -8323328,
        "chunks": [],
        "created": 1782340552045,
        "minimapNameVisible": 1,
        "personal": 0,
        "announceInChat": 0,
        "mode": "Vertex",
        "fullscreenVisible": 1,
        "announceInTitle": 0,
        "modified": 1782340910086,
        "id": "c6fcebd8-52d2-48f9-b212-da269e2ba777",
        "name2": "4ha 40a 51ca",
        "fullscreenNameVisible": 1,
        "dimension": "minecraft:overworld",
        "name1": "1.II.46",
        "minimapVisible": 1,
        "fullscreenOwnerVisible": 0,
        "minimapOwnerVisible": 0
      },
      "geometry": {
        "type": "Polygon",
        "coordinates": [
          [
            [
              1537.0,
              -81.0
            ],
            [
              1515.0,
              -93.0
            ],
            [
              1396.0,
              -139.0
            ],
            [
              1374.0,
              -151.0
            ],
            [
              1366.0,
              -156.0
            ],
            [
              1360.0,
              -163.0
            ],
            [
              1356.0,
              -174.0
            ],
            [
              1349.0,
              -211.0
            ],
            [
              1348.0,
              -229.0
            ],
            [
              1345.0,
              -241.0
            ],
            [
              1337.0,
              -262.0
            ],
            [
              1325.0,
              -277.0
            ],
            [
              1310.0,
              -286.0
            ],
            [
              1338.0,
              -289.0
            ],
            [
              1372.0,
              -291.0
            ],
            [
              1401.0,
              -289.0
            ],
            [
              1440.0,
              -289.0
            ],
            [
              1440.0,
              -260.0
            ],
            [
              1427.0,
              -257.0
            ],
            [
              1424.0,
              -245.0
            ],
            [
              1432.0,
              -237.0
            ],
            [
              1432.0,
              -233.0
            ],
            [
              1426.0,
              -225.0
            ],
            [
              1426.0,
              -216.0
            ],
            [
              1426.0,
              -201.0
            ],
            [
              1435.0,
              -196.0
            ],
            [
              1439.0,
              -186.0
            ],
            [
              1444.0,
              -182.0
            ],
            [
              1453.0,
              -182.0
            ],
            [
              1504.0,
              -182.0
            ],
            [
              1504.0,
              -258.0
            ],
            [
              1481.0,
              -261.0
            ],
            [
              1470.0,
              -264.0
            ],
            [
              1457.0,
              -266.0
            ],
            [
              1440.0,
              -260.0
            ],
            [
              1440.0,
              -289.0
            ],
            [
              1440.0,
              -507.0
            ],
            [
              1467.0,
              -508.0
            ],
            [
              1479.0,
              -501.0
            ],
            [
              1488.0,
              -482.0
            ],
            [
              1495.0,
              -468.0
            ],
            [
              1500.0,
              -454.0
            ],
            [
              1505.0,
              -448.0
            ],
            [
              1514.0,
              -436.0
            ],
            [
              1524.0,
              -431.0
            ],
            [
              1537.0,
              -420.0
            ],
            [
              1537.0,
              -81.0
            ]
          ]
        ]
      }
    },
    {
      "type": "Feature",
      "properties": {
        "owner": {
          "UUID": "71882b98-712c-4bbf-86ea-858112fa6c6f",
          "username": "balrog329"
        },
        "visible": 1,
        "color": -32768,
        "chunks": [],
        "created": 1779548281274,
        "minimapNameVisible": 1,
        "personal": 0,
        "announceInChat": 0,
        "mode": "Vertex",
        "fullscreenVisible": 1,
        "announceInTitle": 0,
        "modified": 1780955702486,
        "id": "c66487c3-7baf-4b5c-9e44-9236746c99a2",
        "name2": "12ha 49a 82ca",
        "fullscreenNameVisible": 1,
        "dimension": "minecraft:overworld",
        "name1": "7",
        "minimapVisible": 1,
        "fullscreenOwnerVisible": 0,
        "minimapOwnerVisible": 0
      },
      "geometry": {
        "type": "Polygon",
        "coordinates": [
          [
            [
              1393.0,
              766.0
            ],
            [
              1120.0,
              766.0
            ],
            [
              1106.0,
              764.0
            ],
            [
              1070.0,
              754.0
            ],
            [
              1040.0,
              747.0
            ],
            [
              1040.0,
              729.0
            ],
            [
              1039.0,
              721.0
            ],
            [
              1028.0,
              695.0
            ],
            [
              1013.0,
              676.0
            ],
            [
              997.0,
              647.0
            ],
            [
              988.0,
              620.0
            ],
            [
              983.0,
              599.0
            ],
            [
              976.0,
              577.0
            ],
            [
              969.0,
              561.0
            ],
            [
              966.0,
              551.0
            ],
            [
              961.0,
              538.0
            ],
            [
              941.0,
              511.0
            ],
            [
              936.0,
              499.0
            ],
            [
              949.0,
              500.0
            ],
            [
              963.0,
              504.0
            ],
            [
              986.0,
              509.0
            ],
            [
              1004.0,
              512.0
            ],
            [
              1021.0,
              514.0
            ],
            [
              1044.0,
              514.0
            ],
            [
              1057.0,
              515.0
            ],
            [
              1078.0,
              516.0
            ],
            [
              1102.0,
              519.0
            ],
            [
              1118.0,
              520.0
            ],
            [
              1137.0,
              522.0
            ],
            [
              1156.0,
              523.0
            ],
            [
              1177.0,
              523.0
            ],
            [
              1202.0,
              525.0
            ],
            [
              1232.0,
              526.0
            ],
            [
              1281.0,
              527.0
            ],
            [
              1312.0,
              529.0
            ],
            [
              1354.0,
              532.0
            ],
            [
              1383.0,
              534.0
            ],
            [
              1414.0,
              537.0
            ],
            [
              1442.0,
              538.0
            ],
            [
              1454.0,
              540.0
            ],
            [
              1469.0,
              544.0
            ],
            [
              1488.0,
              548.0
            ],
            [
              1509.0,
              550.0
            ],
            [
              1521.0,
              554.0
            ],
            [
              1537.0,
              558.0
            ],
            [
              1537.0,
              563.0
            ],
            [
              1537.0,
              766.0
            ],
            [
              1403.0,
              766.0
            ],
            [
              1408.0,
              757.0
            ],
            [
              1412.0,
              749.0
            ],
            [
              1432.0,
              692.0
            ],
            [
              1468.0,
              621.0
            ],
            [
              1478.0,
              604.0
            ],
            [
              1491.0,
              589.0
            ],
            [
              1499.0,
              582.0
            ],
            [
              1507.0,
              578.0
            ],
            [
              1519.0,
              573.0
            ],
            [
              1537.0,
              563.0
            ],
            [
              1537.0,
              558.0
            ],
            [
              1527.0,
              560.0
            ],
            [
              1514.0,
              567.0
            ],
            [
              1486.0,
              581.0
            ],
            [
              1478.0,
              591.0
            ],
            [
              1460.0,
              616.0
            ],
            [
              1453.0,
              632.0
            ],
            [
              1446.0,
              645.0
            ],
            [
              1437.0,
              659.0
            ],
            [
              1425.0,
              683.0
            ],
            [
              1419.0,
              705.0
            ],
            [
              1410.0,
              731.0
            ],
            [
              1404.0,
              742.0
            ],
            [
              1393.0,
              766.0
            ]
          ]
        ]
      }
    },
    {
      "type": "Feature",
      "properties": {
        "owner": {
          "UUID": "71882b98-712c-4bbf-86ea-858112fa6c6f",
          "username": "balrog329"
        },
        "visible": 1,
        "color": -16711936,
        "chunks": [],
        "created": 1776197001537,
        "minimapNameVisible": 1,
        "personal": 0,
        "announceInChat": 0,
        "mode": "Vertex",
        "fullscreenVisible": 1,
        "announceInTitle": 0,
        "modified": 1776197117114,
        "id": "50421ffb-a17a-4f24-b514-0010443300b9",
        "name2": "4ha 60a 07ca",
        "fullscreenNameVisible": 1,
        "dimension": "minecraft:overworld",
        "name1": "II.5",
        "minimapVisible": 1,
        "fullscreenOwnerVisible": 0,
        "minimapOwnerVisible": 0
      },
      "geometry": {
        "type": "Polygon",
        "coordinates": [
          [
            [
              -849.0,
              600.0
            ],
            [
              -1176.0,
              600.0
            ],
            [
              -1175.0,
              595.0
            ],
            [
              -1158.0,
              582.0
            ],
            [
              -1116.0,
              550.0
            ],
            [
              -1104.0,
              537.0
            ],
            [
              -1084.0,
              507.0
            ],
            [
              -1054.0,
              465.0
            ],
            [
              -1029.0,
              403.0
            ],
            [
              -858.0,
              403.0
            ],
            [
              -849.0,
              600.0
            ]
          ]
        ]
      }
    },
    {
      "type": "Feature",
      "properties": {
        "owner": {
          "UUID": "71882b98-712c-4bbf-86ea-858112fa6c6f",
          "username": "balrog329"
        },
        "visible": 1,
        "color": -3473505,
        "chunks": [],
        "created": 1775770220758,
        "minimapNameVisible": 1,
        "personal": 0,
        "announceInChat": 0,
        "mode": "Vertex",
        "fullscreenVisible": 1,
        "announceInTitle": 0,
        "modified": 1775770586767,
        "id": "a33d60c4-d895-42b9-be3e-29f435e1ae15",
        "name2": "1ha 32a 15ca",
        "fullscreenNameVisible": 1,
        "dimension": "minecraft:overworld",
        "name1": "I.1-(GB)(bd-bb)",
        "minimapVisible": 1,
        "fullscreenOwnerVisible": 0,
        "minimapOwnerVisible": 0
      },
      "geometry": {
        "type": "Polygon",
        "coordinates": [
          [
            [
              -930.0,
              176.0
            ],
            [
              -954.0,
              189.0
            ],
            [
              -985.0,
              217.0
            ],
            [
              -1020.0,
              250.0
            ],
            [
              -1036.0,
              263.0
            ],
            [
              -1048.0,
              263.0
            ],
            [
              -1062.0,
              263.0
            ],
            [
              -1057.0,
              246.0
            ],
            [
              -1044.0,
              236.0
            ],
            [
              -1036.0,
              230.0
            ],
            [
              -1023.0,
              225.0
            ],
            [
              -1017.0,
              218.0
            ],
            [
              -1011.0,
              212.0
            ],
            [
              -1003.0,
              199.0
            ],
            [
              -996.0,
              190.0
            ],
            [
              -989.0,
              185.0
            ],
            [
              -980.0,
              178.0
            ],
            [
              -980.0,
              166.0
            ],
            [
              -984.0,
              161.0
            ],
            [
              -993.0,
              157.0
            ],
            [
              -1001.0,
              154.0
            ],
            [
              -1017.0,
              151.0
            ],
            [
              -1033.0,
              148.0
            ],
            [
              -1044.0,
              145.0
            ],
            [
              -1067.0,
              144.0
            ],
            [
              -1072.0,
              157.0
            ],
            [
              -1079.0,
              170.0
            ],
            [
              -1093.0,
              191.0
            ],
            [
              -1103.0,
              208.0
            ],
            [
              -1105.0,
              218.0
            ],
            [
              -1103.0,
              227.0
            ],
            [
              -1099.0,
              239.0
            ],
            [
              -1091.0,
              252.0
            ],
            [
              -1091.0,
              263.0
            ],
            [
              -1100.0,
              263.0
            ],
            [
              -1110.0,
              263.0
            ],
            [
              -1120.0,
              262.0
            ],
            [
              -1134.0,
              260.0
            ],
            [
              -1138.0,
              236.0
            ],
            [
              -1133.0,
              218.0
            ],
            [
              -1132.0,
              207.0
            ],
            [
              -1130.0,
              194.0
            ],
            [
              -1108.0,
              162.0
            ],
            [
              -1093.0,
              146.0
            ],
            [
              -1027.0,
              125.0
            ],
            [
              -977.0,
              124.0
            ],
            [
              -944.0,
              122.0
            ],
            [
              -904.0,
              115.0
            ],
            [
              -902.0,
              150.0
            ],
            [
              -930.0,
              176.0
            ]
          ]
        ]
      }
    },
    {
      "type": "Feature",
      "properties": {
        "owner": {
          "UUID": "71882b98-712c-4bbf-86ea-858112fa6c6f",
          "username": "balrog329"
        },
        "visible": 1,
        "color": -32768,
        "chunks": [],
        "created": 1778966309263,
        "minimapNameVisible": 1,
        "personal": 0,
        "announceInChat": 0,
        "mode": "Vertex",
        "fullscreenVisible": 1,
        "announceInTitle": 0,
        "modified": 1780955787138,
        "id": "14e71d3d-2f4c-4f2d-a6fd-3a39a1b6bfa2",
        "name2": "5ha 38ha 52ca",
        "fullscreenNameVisible": 1,
        "dimension": "minecraft:overworld",
        "name1": "13",
        "minimapVisible": 1,
        "fullscreenOwnerVisible": 0,
        "minimapOwnerVisible": 0
      },
      "geometry": {
        "type": "Polygon",
        "coordinates": [
          [
            [
              586.0,
              670.0
            ],
            [
              586.0,
              352.0
            ],
            [
              590.0,
              357.0
            ],
            [
              595.0,
              367.0
            ],
            [
              600.0,
              374.0
            ],
            [
              605.0,
              380.0
            ],
            [
              611.0,
              386.0
            ],
            [
              615.0,
              388.0
            ],
            [
              617.0,
              393.0
            ],
            [
              622.0,
              396.0
            ],
            [
              624.0,
              399.0
            ],
            [
              628.0,
              404.0
            ],
            [
              631.0,
              406.0
            ],
            [
              636.0,
              406.0
            ],
            [
              638.0,
              411.0
            ],
            [
              641.0,
              418.0
            ],
            [
              645.0,
              425.0
            ],
            [
              650.0,
              429.0
            ],
            [
              657.0,
              431.0
            ],
            [
              673.0,
              449.0
            ],
            [
              676.0,
              457.0
            ],
            [
              680.0,
              460.0
            ],
            [
              696.0,
              476.0
            ],
            [
              697.0,
              485.0
            ],
            [
              704.0,
              492.0
            ],
            [
              709.0,
              492.0
            ],
            [
              710.0,
              498.0
            ],
            [
              722.0,
              507.0
            ],
            [
              724.0,
              516.0
            ],
            [
              727.0,
              523.0
            ],
            [
              733.0,
              524.0
            ],
            [
              738.0,
              526.0
            ],
            [
              745.0,
              537.0
            ],
            [
              754.0,
              540.0
            ],
            [
              757.0,
              544.0
            ],
            [
              764.0,
              549.0
            ],
            [
              762.0,
              560.0
            ],
            [
              766.0,
              566.0
            ],
            [
              771.0,
              568.0
            ],
            [
              780.0,
              562.0
            ],
            [
              783.0,
              569.0
            ],
            [
              802.0,
              594.0
            ],
            [
              823.0,
              614.0
            ],
            [
              834.0,
              619.0
            ],
            [
              842.0,
              627.0
            ],
            [
              858.0,
              645.0
            ],
            [
              887.0,
              667.0
            ],
            [
              902.0,
              683.0
            ],
            [
              923.0,
              702.0
            ],
            [
              949.0,
              725.0
            ],
            [
              958.0,
              735.0
            ],
            [
              942.0,
              732.0
            ],
            [
              924.0,
              730.0
            ],
            [
              901.0,
              724.0
            ],
            [
              878.0,
              720.0
            ],
            [
              849.0,
              712.0
            ],
            [
              812.0,
              704.0
            ],
            [
              794.0,
              702.0
            ],
            [
              770.0,
              698.0
            ],
            [
              739.0,
              691.0
            ],
            [
              640.0,
              676.0
            ],
            [
              586.0,
              670.0
            ]
          ]
        ]
      }
    },
    {
      "type": "Feature",
      "properties": {
        "owner": {
          "UUID": "71882b98-712c-4bbf-86ea-858112fa6c6f",
          "username": "balrog329"
        },
        "visible": 1,
        "color": -5606145,
        "chunks": [],
        "created": 1781033938921,
        "minimapNameVisible": 1,
        "personal": 0,
        "announceInChat": 0,
        "mode": "Vertex",
        "fullscreenVisible": 1,
        "announceInTitle": 0,
        "modified": 1781033944671,
        "id": "1354d6a4-8fb1-4851-8848-669fdb3ccd15",
        "name2": "Frontier",
        "fullscreenNameVisible": 1,
        "dimension": "minecraft:overworld",
        "name1": "New",
        "minimapVisible": 1,
        "fullscreenOwnerVisible": 0,
        "minimapOwnerVisible": 0
      },
      "geometry": {
        "type": "Polygon",
        "coordinates": [
          []
        ]
      }
    },
    {
      "type": "Feature",
      "properties": {
        "owner": {
          "UUID": "71882b98-712c-4bbf-86ea-858112fa6c6f",
          "username": "balrog329"
        },
        "visible": 1,
        "color": -32768,
        "chunks": [],
        "created": 1780955508662,
        "minimapNameVisible": 1,
        "personal": 0,
        "announceInChat": 0,
        "mode": "Vertex",
        "fullscreenVisible": 1,
        "announceInTitle": 0,
        "modified": 1780955598451,
        "id": "6cf36c71-0959-4f9c-9e9e-db7fa975a7a3",
        "name2": "10ha 37a 51ca",
        "fullscreenNameVisible": 1,
        "dimension": "minecraft:overworld",
        "name1": "5",
        "minimapVisible": 1,
        "fullscreenOwnerVisible": 0,
        "minimapOwnerVisible": 0
      },
      "geometry": {
        "type": "Polygon",
        "coordinates": [
          [
            [
              1537.0,
              352.0
            ],
            [
              1248.0,
              352.0
            ],
            [
              1248.0,
              -7.0
            ],
            [
              1537.0,
              -7.0
            ],
            [
              1537.0,
              352.0
            ]
          ]
        ]
      }
    },
    {
      "type": "Feature",
      "properties": {
        "owner": {
          "UUID": "71882b98-712c-4bbf-86ea-858112fa6c6f",
          "username": "balrog329"
        },
        "visible": 1,
        "color": -32768,
        "chunks": [],
        "created": 1776889142307,
        "minimapNameVisible": 1,
        "personal": 0,
        "announceInChat": 0,
        "mode": "Vertex",
        "fullscreenVisible": 1,
        "announceInTitle": 0,
        "modified": 1780956053993,
        "id": "a36633be-7d04-47b0-af0f-8e53dfcc9f8e",
        "name2": "8ha 07a 23ca",
        "fullscreenNameVisible": 1,
        "dimension": "minecraft:overworld",
        "name1": "42",
        "minimapVisible": 1,
        "fullscreenOwnerVisible": 0,
        "minimapOwnerVisible": 0
      },
      "geometry": {
        "type": "Polygon",
        "coordinates": [
          [
            [
              -400.0,
              1248.0
            ],
            [
              -412.0,
              1252.0
            ],
            [
              -427.0,
              1255.0
            ],
            [
              -436.0,
              1258.0
            ],
            [
              -448.0,
              1259.0
            ],
            [
              -455.0,
              1262.0
            ],
            [
              -454.0,
              1278.0
            ],
            [
              -449.0,
              1285.0
            ],
            [
              -441.0,
              1293.0
            ],
            [
              -451.0,
              1304.0
            ],
            [
              -458.0,
              1304.0
            ],
            [
              -479.0,
              1303.0
            ],
            [
              -494.0,
              1300.0
            ],
            [
              -507.0,
              1301.0
            ],
            [
              -538.0,
              1278.0
            ],
            [
              -578.0,
              1254.0
            ],
            [
              -594.0,
              1246.0
            ],
            [
              -610.0,
              1244.0
            ],
            [
              -626.0,
              1265.0
            ],
            [
              -627.0,
              1275.0
            ],
            [
              -619.0,
              1295.0
            ],
            [
              -619.0,
              1311.0
            ],
            [
              -617.0,
              1331.0
            ],
            [
              -611.0,
              1337.0
            ],
            [
              -608.0,
              1340.0
            ],
            [
              -599.0,
              1342.0
            ],
            [
              -588.0,
              1341.0
            ],
            [
              -575.0,
              1343.0
            ],
            [
              -566.0,
              1343.0
            ],
            [
              -560.0,
              1346.0
            ],
            [
              -547.0,
              1355.0
            ],
            [
              -537.0,
              1359.0
            ],
            [
              -525.0,
              1366.0
            ],
            [
              -515.0,
              1369.0
            ],
            [
              -508.0,
              1373.0
            ],
            [
              -499.0,
              1382.0
            ],
            [
              -497.0,
              1385.0
            ],
            [
              -496.0,
              1386.0
            ],
            [
              -499.0,
              1389.0
            ],
            [
              -503.0,
              1392.0
            ],
            [
              -505.0,
              1394.0
            ],
            [
              -513.0,
              1390.0
            ],
            [
              -525.0,
              1389.0
            ],
            [
              -535.0,
              1385.0
            ],
            [
              -555.0,
              1374.0
            ],
            [
              -567.0,
              1375.0
            ],
            [
              -589.0,
              1375.0
            ],
            [
              -595.0,
              1371.0
            ],
            [
              -602.0,
              1367.0
            ],
            [
              -611.0,
              1364.0
            ],
            [
              -621.0,
              1360.0
            ],
            [
              -635.0,
              1357.0
            ],
            [
              -648.0,
              1356.0
            ],
            [
              -658.0,
              1354.0
            ],
            [
              -668.0,
              1353.0
            ],
            [
              -688.0,
              1347.0
            ],
            [
              -697.0,
              1346.0
            ],
            [
              -712.0,
              1347.0
            ],
            [
              -718.0,
              1352.0
            ],
            [
              -723.0,
              1360.0
            ],
            [
              -726.0,
              1368.0
            ],
            [
              -728.0,
              1375.0
            ],
            [
              -731.0,
              1381.0
            ],
            [
              -737.0,
              1383.0
            ],
            [
              -742.0,
              1389.0
            ],
            [
              -748.0,
              1391.0
            ],
            [
              -752.0,
              1391.0
            ],
            [
              -757.0,
              1386.0
            ],
            [
              -761.0,
              1374.0
            ],
            [
              -765.0,
              1367.0
            ],
            [
              -772.0,
              1358.0
            ],
            [
              -781.0,
              1353.0
            ],
            [
              -789.0,
              1352.0
            ],
            [
              -794.0,
              1352.0
            ],
            [
              -794.0,
              1206.0
            ],
            [
              -779.0,
              1201.0
            ],
            [
              -751.0,
              1192.0
            ],
            [
              -711.0,
              1178.0
            ],
            [
              -670.0,
              1159.0
            ],
            [
              -635.0,
              1142.0
            ],
            [
              -605.0,
              1129.0
            ],
            [
              -585.0,
              1123.0
            ],
            [
              -551.0,
              1115.0
            ],
            [
              -522.0,
              1110.0
            ],
            [
              -485.0,
              1107.0
            ],
            [
              -454.0,
              1106.0
            ],
            [
              -290.0,
              1108.0
            ],
            [
              -309.0,
              1136.0
            ],
            [
              -337.0,
              1190.0
            ],
            [
              -363.0,
              1245.0
            ],
            [
              -369.0,
              1253.0
            ],
            [
              -370.0,
              1257.0
            ],
            [
              -373.0,
              1259.0
            ],
            [
              -378.0,
              1256.0
            ],
            [
              -386.0,
              1253.0
            ],
            [
              -396.0,
              1250.0
            ],
            [
              -400.0,
              1248.0
            ]
          ]
        ]
      }
    },
    {
      "type": "Feature",
      "properties": {
        "owner": {
          "UUID": "71882b98-712c-4bbf-86ea-858112fa6c6f",
          "username": "balrog329"
        },
        "visible": 1,
        "color": -32768,
        "chunks": [],
        "created": 1776198794366,
        "minimapNameVisible": 1,
        "personal": 0,
        "announceInChat": 0,
        "mode": "Vertex",
        "fullscreenVisible": 1,
        "announceInTitle": 0,
        "modified": 1780956108564,
        "id": "75e30976-06f9-480f-88dc-514f7f435140",
        "name2": "11ha 36a 604ca",
        "fullscreenNameVisible": 1,
        "dimension": "minecraft:overworld",
        "name1": "46",
        "minimapVisible": 1,
        "fullscreenOwnerVisible": 0,
        "minimapOwnerVisible": 0
      },
      "geometry": {
        "type": "Polygon",
        "coordinates": [
          [
            [
              -1008.0,
              1098.0
            ],
            [
              -1014.0,
              1120.0
            ],
            [
              -1015.0,
              1128.0
            ],
            [
              -1017.0,
              1134.0
            ],
            [
              -1017.0,
              1139.0
            ],
            [
              -1014.0,
              1148.0
            ],
            [
              -1013.0,
              1153.0
            ],
            [
              -1014.0,
              1160.0
            ],
            [
              -1013.0,
              1166.0
            ],
            [
              -1013.0,
              1191.0
            ],
            [
              -1014.0,
              1216.0
            ],
            [
              -1015.0,
              1220.0
            ],
            [
              -1022.0,
              1220.0
            ],
            [
              -1024.0,
              1225.0
            ],
            [
              -1031.0,
              1236.0
            ],
            [
              -1036.0,
              1242.0
            ],
            [
              -1043.0,
              1246.0
            ],
            [
              -1046.0,
              1247.0
            ],
            [
              -1051.0,
              1247.0
            ],
            [
              -1059.0,
              1241.0
            ],
            [
              -1070.0,
              1232.0
            ],
            [
              -1079.0,
              1223.0
            ],
            [
              -1082.0,
              1220.0
            ],
            [
              -1091.0,
              1218.0
            ],
            [
              -1108.0,
              1214.0
            ],
            [
              -1124.0,
              1211.0
            ],
            [
              -1151.0,
              1212.0
            ],
            [
              -1156.0,
              1215.0
            ],
            [
              -1171.0,
              1229.0
            ],
            [
              -1180.0,
              1239.0
            ],
            [
              -1190.0,
              1248.0
            ],
            [
              -1202.0,
              1254.0
            ],
            [
              -1211.0,
              1256.0
            ],
            [
              -1215.0,
              1255.0
            ],
            [
              -1218.0,
              1253.0
            ],
            [
              -1228.0,
              1242.0
            ],
            [
              -1233.0,
              1234.0
            ],
            [
              -1237.0,
              1219.0
            ],
            [
              -1241.0,
              1205.0
            ],
            [
              -1246.0,
              1187.0
            ],
            [
              -1254.0,
              1164.0
            ],
            [
              -1259.0,
              1152.0
            ],
            [
              -1266.0,
              1140.0
            ],
            [
              -1274.0,
              1134.0
            ],
            [
              -1292.0,
              1126.0
            ],
            [
              -1304.0,
              1123.0
            ],
            [
              -1316.0,
              1119.0
            ],
            [
              -1324.0,
              1112.0
            ],
            [
              -1328.0,
              1106.0
            ],
            [
              -1334.0,
              1097.0
            ],
            [
              -1345.0,
              1085.0
            ],
            [
              -1363.0,
              1065.0
            ],
            [
              -1379.0,
              1038.0
            ],
            [
              -1381.0,
              1024.0
            ],
            [
              -1381.0,
              1008.0
            ],
            [
              -1381.0,
              982.0
            ],
            [
              -1391.0,
              982.0
            ],
            [
              -1394.0,
              977.0
            ],
            [
              -1408.0,
              976.0
            ],
            [
              -1407.0,
              885.0
            ],
            [
              -1362.0,
              885.0
            ],
            [
              -1342.0,
              888.0
            ],
            [
              -1325.0,
              886.0
            ],
            [
              -1288.0,
              888.0
            ],
            [
              -1077.0,
              863.0
            ],
            [
              -1077.0,
              887.0
            ],
            [
              -1046.0,
              924.0
            ],
            [
              -1024.0,
              962.0
            ],
            [
              -1006.0,
              989.0
            ],
            [
              -1000.0,
              1005.0
            ],
            [
              -996.0,
              1024.0
            ],
            [
              -995.0,
              1049.0
            ],
            [
              -994.0,
              1064.0
            ],
            [
              -996.0,
              1078.0
            ],
            [
              -1004.0,
              1091.0
            ],
            [
              -1008.0,
              1098.0
            ]
          ]
        ]
      }
    },
    {
      "type": "Feature",
      "properties": {
        "owner": {
          "UUID": "71882b98-712c-4bbf-86ea-858112fa6c6f",
          "username": "balrog329"
        },
        "visible": 1,
        "color": -5951488,
        "chunks": [],
        "created": 1775771367022,
        "minimapNameVisible": 1,
        "personal": 0,
        "announceInChat": 0,
        "mode": "Vertex",
        "fullscreenVisible": 1,
        "announceInTitle": 0,
        "modified": 1776292570946,
        "id": "018f0507-5cff-4c18-bb76-5eee77861a84",
        "name2": "1ha 49a 15ca",
        "fullscreenNameVisible": 1,
        "dimension": "minecraft:overworld",
        "name1": "III.4-(bb-bd)",
        "minimapVisible": 1,
        "fullscreenOwnerVisible": 0,
        "minimapOwnerVisible": 0
      },
      "geometry": {
        "type": "Polygon",
        "coordinates": [
          [
            [
              -924.0,
              5.0
            ],
            [
              -921.0,
              -108.0
            ],
            [
              -900.0,
              -119.0
            ],
            [
              -882.0,
              -123.0
            ],
            [
              -863.0,
              -123.0
            ],
            [
              -820.0,
              -115.0
            ],
            [
              -784.0,
              -111.0
            ],
            [
              -772.0,
              -95.0
            ],
            [
              -773.0,
              -40.0
            ],
            [
              -775.0,
              -32.0
            ],
            [
              -831.0,
              -24.0
            ],
            [
              -864.0,
              -14.0
            ],
            [
              -916.0,
              4.0
            ],
            [
              -924.0,
              5.0
            ]
          ]
        ]
      }
    },
    {
      "type": "Feature",
      "properties": {
        "owner": {
          "UUID": "71882b98-712c-4bbf-86ea-858112fa6c6f",
          "username": "balrog329"
        },
        "visible": 1,
        "color": -32768,
        "chunks": [],
        "created": 1776888405487,
        "minimapNameVisible": 1,
        "personal": 0,
        "announceInChat": 0,
        "mode": "Vertex",
        "fullscreenVisible": 1,
        "announceInTitle": 0,
        "modified": 1780955995934,
        "id": "629b99e0-3eb0-49fd-85a9-0ac4753a3f14",
        "name2": "13ha 30a 54ca",
        "fullscreenNameVisible": 1,
        "dimension": "minecraft:overworld",
        "name1": "35",
        "minimapVisible": 1,
        "fullscreenOwnerVisible": 0,
        "minimapOwnerVisible": 0
      },
      "geometry": {
        "type": "Polygon",
        "coordinates": [
          [
            [
              -697.0,
              -34.0
            ],
            [
              -697.0,
              -289.0
            ],
            [
              -600.0,
              -299.0
            ],
            [
              -595.0,
              -290.0
            ],
            [
              -521.0,
              -254.0
            ],
            [
              -472.0,
              -208.0
            ],
            [
              -474.0,
              -156.0
            ],
            [
              -472.0,
              -122.0
            ],
            [
              -451.0,
              -125.0
            ],
            [
              -423.0,
              -126.0
            ],
            [
              -397.0,
              -124.0
            ],
            [
              -375.0,
              -125.0
            ],
            [
              -349.0,
              -124.0
            ],
            [
              -331.0,
              -128.0
            ],
            [
              -298.0,
              -143.0
            ],
            [
              -279.0,
              -157.0
            ],
            [
              -267.0,
              -168.0
            ],
            [
              -252.0,
              -189.0
            ],
            [
              -242.0,
              -202.0
            ],
            [
              -227.0,
              -204.0
            ],
            [
              -214.0,
              -207.0
            ],
            [
              -191.0,
              -211.0
            ],
            [
              -154.0,
              -211.0
            ],
            [
              -119.0,
              -213.0
            ],
            [
              -103.0,
              -215.0
            ],
            [
              -81.0,
              -220.0
            ],
            [
              -67.0,
              -221.0
            ],
            [
              -54.0,
              -224.0
            ],
            [
              -28.0,
              -228.0
            ],
            [
              -7.0,
              -232.0
            ],
            [
              -6.0,
              -4.0
            ],
            [
              -319.0,
              -4.0
            ],
            [
              -348.0,
              -8.0
            ],
            [
              -371.0,
              -9.0
            ],
            [
              -396.0,
              -13.0
            ],
            [
              -405.0,
              -15.0
            ],
            [
              -433.0,
              -20.0
            ],
            [
              -450.0,
              -22.0
            ],
            [
              -467.0,
              -26.0
            ],
            [
              -493.0,
              -28.0
            ],
            [
              -531.0,
              -29.0
            ],
            [
              -561.0,
              -32.0
            ],
            [
              -597.0,
              -34.0
            ],
            [
              -697.0,
              -34.0
            ]
          ]
        ]
      }
    },
    {
      "type": "Feature",
      "properties": {
        "owner": {
          "UUID": "71882b98-712c-4bbf-86ea-858112fa6c6f",
          "username": "balrog329"
        },
        "visible": 1,
        "color": -32768,
        "chunks": [],
        "created": 1776888823040,
        "minimapNameVisible": 1,
        "personal": 0,
        "announceInChat": 0,
        "mode": "Vertex",
        "fullscreenVisible": 1,
        "announceInTitle": 0,
        "modified": 1780955974524,
        "id": "ef5f0406-1042-4cb4-bf47-07226c8942b5",
        "name2": "8ha 96a 87ca",
        "fullscreenNameVisible": 1,
        "dimension": "minecraft:overworld",
        "name1": "33",
        "minimapVisible": 1,
        "fullscreenOwnerVisible": 0,
        "minimapOwnerVisible": 0
      },
      "geometry": {
        "type": "Polygon",
        "coordinates": [
          [
            [
              0.0,
              4.0
            ],
            [
              0.0,
              311.0
            ],
            [
              -292.0,
              311.0
            ],
            [
              -292.0,
              215.0
            ],
            [
              -292.0,
              5.0
            ],
            [
              -87.0,
              3.0
            ],
            [
              0.0,
              4.0
            ]
          ]
        ]
      }
    },
    {
      "type": "Feature",
      "properties": {
        "owner": {
          "UUID": "71882b98-712c-4bbf-86ea-858112fa6c6f",
          "username": "balrog329"
        },
        "visible": 1,
        "color": -3473505,
        "chunks": [],
        "created": 1775687952173,
        "minimapNameVisible": 1,
        "personal": 0,
        "announceInChat": 0,
        "mode": "Vertex",
        "fullscreenVisible": 1,
        "announceInTitle": 0,
        "modified": 1776197144572,
        "id": "cc42d07c-fbd3-4829-871e-f7d57f2125d9",
        "name2": "2ha 18a 35ca",
        "fullscreenNameVisible": 1,
        "dimension": "minecraft:overworld",
        "name1": "I.5-(bb-bd)",
        "minimapVisible": 1,
        "fullscreenOwnerVisible": 0,
        "minimapOwnerVisible": 0
      },
      "geometry": {
        "type": "Polygon",
        "coordinates": [
          [
            [
              -1223.0,
              286.0
            ],
            [
              -1221.0,
              241.0
            ],
            [
              -1182.0,
              252.0
            ],
            [
              -1134.0,
              260.0
            ],
            [
              -1125.0,
              278.0
            ],
            [
              -1125.0,
              287.0
            ],
            [
              -1129.0,
              300.0
            ],
            [
              -1137.0,
              318.0
            ],
            [
              -1141.0,
              330.0
            ],
            [
              -1138.0,
              341.0
            ],
            [
              -1129.0,
              350.0
            ],
            [
              -1122.0,
              349.0
            ],
            [
              -1111.0,
              342.0
            ],
            [
              -1101.0,
              333.0
            ],
            [
              -1101.0,
              314.0
            ],
            [
              -1099.0,
              294.0
            ],
            [
              -1090.0,
              286.0
            ],
            [
              -1080.0,
              279.0
            ],
            [
              -1074.0,
              275.0
            ],
            [
              -1065.0,
              286.0
            ],
            [
              -1065.0,
              305.0
            ],
            [
              -1070.0,
              324.0
            ],
            [
              -1073.0,
              335.0
            ],
            [
              -1068.0,
              339.0
            ],
            [
              -1061.0,
              339.0
            ],
            [
              -1053.0,
              341.0
            ],
            [
              -1044.0,
              325.0
            ],
            [
              -1029.0,
              336.0
            ],
            [
              -1035.0,
              354.0
            ],
            [
              -1029.0,
              368.0
            ],
            [
              -1030.0,
              383.0
            ],
            [
              -1029.0,
              403.0
            ],
            [
              -1213.0,
              403.0
            ],
            [
              -1222.0,
              365.0
            ],
            [
              -1224.0,
              330.0
            ],
            [
              -1223.0,
              286.0
            ]
          ]
        ]
      }
    },
    {
      "type": "Feature",
      "properties": {
        "owner": {
          "UUID": "71882b98-712c-4bbf-86ea-858112fa6c6f",
          "username": "balrog329"
        },
        "visible": 1,
        "color": -32768,
        "chunks": [],
        "created": 1779922781508,
        "minimapNameVisible": 1,
        "personal": 0,
        "announceInChat": 0,
        "mode": "Vertex",
        "fullscreenVisible": 1,
        "announceInTitle": 0,
        "modified": 1780955491067,
        "id": "a6b1cfb8-a5f1-4800-a1e7-700a4410297c",
        "name2": "9ha 90a 84ca",
        "fullscreenNameVisible": 1,
        "dimension": "minecraft:overworld",
        "name1": "4",
        "minimapVisible": 1,
        "fullscreenOwnerVisible": 0,
        "minimapOwnerVisible": 0
      },
      "geometry": {
        "type": "Polygon",
        "coordinates": [
          [
            [
              1248.0,
              352.0
            ],
            [
              990.0,
              352.0
            ],
            [
              987.0,
              338.0
            ],
            [
              976.0,
              301.0
            ],
            [
              969.0,
              260.0
            ],
            [
              965.0,
              237.0
            ],
            [
              965.0,
              228.0
            ],
            [
              968.0,
              216.0
            ],
            [
              976.0,
              200.0
            ],
            [
              986.0,
              173.0
            ],
            [
              985.0,
              138.0
            ],
            [
              981.0,
              119.0
            ],
            [
              973.0,
              86.0
            ],
            [
              960.0,
              49.0
            ],
            [
              945.0,
              10.0
            ],
            [
              942.0,
              -7.0
            ],
            [
              1248.0,
              -7.0
            ],
            [
              1248.0,
              352.0
            ]
          ]
        ]
      }
    },
    {
      "type": "Feature",
      "properties": {
        "owner": {
          "UUID": "71882b98-712c-4bbf-86ea-858112fa6c6f",
          "username": "balrog329"
        },
        "visible": 1,
        "color": -32768,
        "chunks": [],
        "created": 1779830702043,
        "minimapNameVisible": 1,
        "personal": 0,
        "announceInChat": 0,
        "mode": "Vertex",
        "fullscreenVisible": 1,
        "announceInTitle": 0,
        "modified": 1780955651375,
        "id": "011d4983-4972-4a29-91ae-0421bfe1b056",
        "name2": "10ha 11a 66ca",
        "fullscreenNameVisible": 1,
        "dimension": "minecraft:overworld",
        "name1": "6",
        "minimapVisible": 1,
        "fullscreenOwnerVisible": 0,
        "minimapOwnerVisible": 0
      },
      "geometry": {
        "type": "Polygon",
        "coordinates": [
          [
            [
              1153.0,
              523.0
            ],
            [
              1137.0,
              522.0
            ],
            [
              1118.0,
              520.0
            ],
            [
              1102.0,
              519.0
            ],
            [
              1078.0,
              516.0
            ],
            [
              1044.0,
              514.0
            ],
            [
              1021.0,
              514.0
            ],
            [
              1004.0,
              512.0
            ],
            [
              986.0,
              509.0
            ],
            [
              963.0,
              504.0
            ],
            [
              949.0,
              500.0
            ],
            [
              936.0,
              499.0
            ],
            [
              933.0,
              466.0
            ],
            [
              937.0,
              450.0
            ],
            [
              944.0,
              437.0
            ],
            [
              953.0,
              429.0
            ],
            [
              971.0,
              416.0
            ],
            [
              978.0,
              409.0
            ],
            [
              986.0,
              399.0
            ],
            [
              990.0,
              384.0
            ],
            [
              990.0,
              352.0
            ],
            [
              1537.0,
              352.0
            ],
            [
              1537.0,
              558.0
            ],
            [
              1521.0,
              554.0
            ],
            [
              1509.0,
              550.0
            ],
            [
              1488.0,
              548.0
            ],
            [
              1469.0,
              544.0
            ],
            [
              1454.0,
              540.0
            ],
            [
              1442.0,
              538.0
            ],
            [
              1414.0,
              537.0
            ],
            [
              1383.0,
              534.0
            ],
            [
              1341.0,
              531.0
            ],
            [
              1281.0,
              527.0
            ],
            [
              1202.0,
              525.0
            ],
            [
              1177.0,
              523.0
            ],
            [
              1153.0,
              523.0
            ]
          ]
        ]
      }
    },
    {
      "type": "Feature",
      "properties": {
        "owner": {
          "UUID": "71882b98-712c-4bbf-86ea-858112fa6c6f",
          "username": "balrog329"
        },
        "visible": 1,
        "color": -32768,
        "chunks": [],
        "created": 1779626334135,
        "minimapNameVisible": 1,
        "personal": 0,
        "announceInChat": 0,
        "mode": "Vertex",
        "fullscreenVisible": 1,
        "announceInTitle": 0,
        "modified": 1780955729935,
        "id": "0892050e-6e15-43ef-886c-13876b915e63",
        "name2": "11ha 86a 43ca",
        "fullscreenNameVisible": 1,
        "dimension": "minecraft:overworld",
        "name1": "9",
        "minimapVisible": 1,
        "fullscreenOwnerVisible": 0,
        "minimapOwnerVisible": 0
      },
      "geometry": {
        "type": "Polygon",
        "coordinates": [
          [
            [
              1537.0,
              766.0
            ],
            [
              1537.0,
              1208.0
            ],
            [
              1506.0,
              1227.0
            ],
            [
              1478.0,
              1239.0
            ],
            [
              1463.0,
              1247.0
            ],
            [
              1441.0,
              1262.0
            ],
            [
              1435.0,
              1271.0
            ],
            [
              1429.0,
              1277.0
            ],
            [
              1425.0,
              1290.0
            ],
            [
              1419.0,
              1303.0
            ],
            [
              1330.0,
              1226.0
            ],
            [
              1263.0,
              1193.0
            ],
            [
              1179.0,
              1146.0
            ],
            [
              1204.0,
              1111.0
            ],
            [
              1224.0,
              1079.0
            ],
            [
              1278.0,
              1004.0
            ],
            [
              1300.0,
              968.0
            ],
            [
              1327.0,
              909.0
            ],
            [
              1376.0,
              821.0
            ],
            [
              1403.0,
              766.0
            ],
            [
              1537.0,
              766.0
            ]
          ]
        ]
      }
    }
  ]
}