{
	"forest": "foret_de_palissonais",
	"trees": {},
	"lots": {
		"1_4_2014_0": {
			"id": "1_4_2014_0",
			"forest_id": 1,
			"parcel": 4,
			"year": 2014,
			"lot_num": 0,
			"owner": "Mutuelle Minecraft&moi",
			"volume1": 108.7344,
			"volume2": 29.2344,
			"trees": {
				"978_-63_5.75": true,
				"983_-56_8.15625": true,
				"967_-4_7.203125": true,
				"972_-27_6.203125": true,
				"981_2_3.3125": true,
				"1002_-38_6.109375": true,
				"1008_-49_5.734375": true,
				"1011_-5_7.234375": true,
				"1041_-47_9.921875": true,
				"1046_-22_7.125": true,
				"1064_-38_4.140625": true,
				"1071_-32_6.46875": true,
				"1074_-23_8.171875": true,
				"1067_-12_8.390625": true,
				"1122_-3_7.5": true,
				"1102_-52_6.515625": true,
				"1116_-47_6.28125": true,
				"1123_-50_6.234375": true,
				"1127_-13_5.515625": true,
				"1162_-25_7.015625": true,
				"1148_-49_8.28125": true,
				"1225_-18_7.28125": true,
				"1234_-54_5.609375": true
			}
		},
		"1_5_2014_0": {
			"id": "1_5_2014_0",
			"forest_id": 1,
			"parcel": 5,
			"year": 2014,
			"lot_num": 0,
			"owner": "Mutuelle Minecraft&moi",
			"volume1": 40.0625,
			"volume2": 6.6563,
			"trees": {
				"1264_-44_5.28125": true,
				"1317_-5_8.484375": true,
				"1317_-22_7.78125": true,
				"1356_-43_5.875": true,
				"1393_-85_7.921875": true,
				"1379_-100_6.75": true,
				"1362_-119_4.8125": true,
				"1373_-167_5.609375": true
			}
		},
		"1_6_2014_1": {
			"id": "1_6_2014_1",
			"forest_id": 1,
			"parcel": 6,
			"year": 2014,
			"lot_num": 1,
			"owner": "Mutuelle Minecraft&moi",
			"volume1": 449.7813,
			"volume2": 129.3906,
			"trees": {
				"1355_-388_6.984375": true,
				"1357_-400_5.125": true,
				"1362_-407_4.703125": true,
				"1338_-377_8.703125": true,
				"1344_-404_8.453125": true,
				"1314_-371_8.921875": true,
				"1302_-375_7.171875": true,
				"1285_-372_8.71875": true,
				"1292_-400_7.875": true,
				"1286_-407_7.671875": true,
				"1270_-415_7.234375": true,
				"1260_-377_10.625": true,
				"1250_-400_10.09375": true,
				"1234_-375_7.703125": true,
				"1205_-394_8.546875": true,
				"1199_-407_7.609375": true,
				"1192_-362_9.5625": true,
				"1178_-380_8.84375": true,
				"1181_-405_8.421875": true,
				"1156_-381_7.75": true,
				"1163_-369_8.53125": true,
				"1190_-414_9.78125": true,
				"1183_-425_5.90625": true,
				"1192_-431_6.03125": true,
				"1223_-436_7.921875": true,
				"1214_-443_6.046875": true,
				"1223_-453_5.703125": true,
				"1224_-447_4.078125": true,
				"1229_-446_7.09375": true,
				"1245_-419_9.109375": true,
				"1248_-436_7.3125": true,
				"1273_-433_9.0625": true,
				"1295_-430_8.203125": true,
				"1302_-447_9.375": true,
				"1318_-436_9": true,
				"1320_-420_8.28125": true,
				"1338_-433_10.109375": true,
				"1349_-410_5.421875": true,
				"1356_-447_8.609375": true,
				"1343_-453_8.484375": true,
				"1333_-459_10.046875": true,
				"1320_-459_5.59375": true,
				"1309_-457_8.578125": true,
				"1295_-464_9.484375": true,
				"1280_-448_10.859375": true,
				"1286_-482_7.171875": true,
				"1261_-454_5.609375": true,
				"1240_-448_7.671875": true,
				"1238_-465_8.265625": true,
				"1225_-478_9.6875": true,
				"1204_-480_9.234375": true,
				"1204_-460_8.484375": true,
				"1200_-451_6.859375": true,
				"1184_-465_7.34375": true,
				"1178_-463_3.421875": true,
				"1175_-452_7.8125": true,
				"1168_-440_5.8125": true,
				"1165_-462_8.03125": true,
				"1163_-480_5.234375": true,
				"1177_-484_8.71875": true,
				"1179_-499_6.203125": true,
				"1186_-510_7.484375": true,
				"1166_-514_7.65625": true,
				"1159_-507_5.3125": true,
				"1196_-507_5.859375": true,
				"1192_-491_6.265625": true,
				"1208_-498_8.59375": true,
				"1222_-505_6.484375": true,
				"1222_-518_7.671875": true,
				"1240_-516_9.75": true,
				"1245_-507_9.21875": true,
				"1271_-489_6.140625": true,
				"1263_-492_7.9375": true,
				"1308_-474_10.28125": true,
				"1293_-475_8.234375": true,
				"1309_-485_8.65625": true,
				"1299_-502_9.109375": true,
				"1314_-496_7.6875": true,
				"1333_-474_8.6875": true,
				"1332_-493_9.53125": true,
				"1340_-512_5.5": true,
				"1357_-468_7.734375": true,
				"1178_-518_5.953125": true
			}
		}
	}
}